{
"type": "FeatureCollection",
                                                                                
"features": [
{"type":"FeatureCollection","name":"gadm41_AUT_0","crs":{"type":"name","properties":{"name":"urn:ogc:def:crs:OGC:1.3:CRS84"}},"features":[{"type":"Feature","properties":{"GID_0":"AUT","COUNTRY":"Austria"},"geometry":{"type":"MultiPolygon","coordinates":[[[[14.2832,46.4438],[14.2726,46.4421],[14.2653,46.4386],[14.2572,46.4394],[14.2493,46.4348],[14.238,46.4326],[14.2278,46.4362],[14.2245,46.4409],[14.2201,46.4436],[14.2156,46.4434],[14.2133,46.4403],[14.2085,46.4397],[14.1966,46.4414],[14.1919,46.4443],[14.1921,46.4425],[14.1901,46.441],[14.1814,46.4387],[14.1773,46.4343],[14.1605,46.4345],[14.1533,46.4377],[14.1521,46.4434],[14.1429,46.4464],[14.1358,46.4514],[14.136,46.4589],[14.1291,46.4654],[14.1303,46.4668],[14.1252,46.4724],[14.1212,46.4745],[14.1223,46.477],[14.1064,46.4803],[14.1026,46.4793],[14.1,46.4804],[14.1004,46.4823],[14.0923,46.4861],[14.0713,46.4876],[14.0521,46.4935],[14.0413,46.4934],[14.0351,46.4914],[14.0318,46.4872],[14.0268,46.4863],[14.0217,46.482],[14.0073,46.4817],[13.9987,46.4873],[13.9903,46.4887],[13.9895,46.4933],[13.9764,46.4986],[13.9704,46.4972],[13.9437,46.5119],[13.9288,46.5142],[13.9239,46.519],[13.9127,46.5215],[13.902,46.5192],[13.8827,46.5232],[13.8795,46.5195],[13.8722,46.5196],[13.8631,46.5155],[13.856,46.5142],[13.8387,46.5164],[13.832,46.5191],[13.8278,46.514],[13.8228,46.5131],[13.8216,46.5109],[13.8181,46.5105],[13.8129,46.5066],[13.8053,46.5074],[13.7952,46.5057],[13.7927,46.5083],[13.7809,46.5125],[13.7788,46.5178],[13.7671,46.5149],[13.7548,46.5184],[13.7381,46.5175],[13.7265,46.5235],[13.7222,46.5238],[13.7144,46.5234],[13.7093,46.5214],[13.699,46.5237],[13.6918,46.5214],[13.6811,46.5221],[13.6738,46.5235],[13.6674,46.5272],[13.6597,46.5281],[13.6592,46.5297],[13.6472,46.5334],[13.6437,46.533],[13.6287,46.5417],[13.6236,46.5425],[13.6113,46.544],[13.6035,46.5433],[13.5981,46.5461],[13.5927,46.5466],[13.5863,46.544],[13.5836,46.5401],[13.5773,46.5384],[13.5716,46.5392],[13.57,46.5401],[13.5692,46.5469],[13.562,46.5522],[13.5434,46.554],[13.5356,46.5501],[13.5206,46.5473],[13.5156,46.549],[13.5126,46.5526],[13.5122,46.5558],[13.5061,46.5563],[13.5078,46.5605],[13.5049,46.5667],[13.4791,46.5611],[13.4754,46.5577],[13.4546,46.5599],[13.4467,46.5569],[13.4373,46.5596],[13.4273,46.558],[13.4082,46.5619],[13.4086,46.5689],[13.4105,46.5725],[13.4024,46.5721],[13.3893,46.5771],[13.3729,46.5797],[13.3691,46.5742],[13.3712,46.5674],[13.3636,46.5705],[13.3531,46.5669],[13.3454,46.5704],[13.34,46.5668],[13.3389,46.5641],[13.3361,46.5638],[13.3327,46.5599],[13.3284,46.5585],[13.3212,46.5516],[13.3206,46.5533],[13.3159,46.5528],[13.3078,46.555],[13.2982,46.5607],[13.2885,46.5596],[13.286,46.5575],[13.2701,46.5617],[13.2617,46.5577],[13.2532,46.5609],[13.2495,46.5596],[13.2467,46.5564],[13.2419,46.5559],[13.2404,46.5521],[13.2332,46.554],[13.233,46.5594],[13.2272,46.5646],[13.2213,46.5663],[13.218,46.5709],[13.2097,46.5697],[13.204,46.5727],[13.1939,46.5728],[13.1798,46.5782],[13.1777,46.5821],[13.1693,46.5854],[13.1693,46.5893],[13.1539,46.5892],[13.1516,46.5904],[13.147,46.5875],[13.1383,46.5917],[13.1264,46.5913],[13.1097,46.5965],[13.1066,46.5948],[13.0973,46.5977],[13.093,46.6008],[13.0844,46.6025],[13.083,46.6004],[13.0796,46.5996],[13.0641,46.6003],[13.0611,46.5974],[13.0567,46.598],[13.0473,46.5957],[13.0416,46.5977],[13.0332,46.5964],[13.0283,46.5976],[13.0221,46.6026],[13.0212,46.601],[13.0176,46.6023],[13.008,46.5997],[12.9998,46.6029],[12.9878,46.5999],[12.9827,46.6026],[12.9782,46.6011],[12.9673,46.6055],[12.9624,46.605],[12.9572,46.6069],[12.9495,46.6027],[12.9402,46.606],[12.9337,46.6104],[12.9285,46.611],[12.921,46.6092],[12.9107,46.6101],[12.9057,46.608],[12.8969,46.6099],[12.8887,46.6071],[12.878,46.6096],[12.8737,46.6079],[12.8661,46.6103],[12.8611,46.6067],[12.8533,46.605],[12.8432,46.6068],[12.8343,46.6103],[12.834,46.6219],[12.8379,46.6277],[12.8315,46.6294],[12.8319,46.6317],[12.8196,46.6286],[12.816,46.6305],[12.8172,46.6319],[12.8097,46.6315],[12.8023,46.6349],[12.7966,46.6391],[12.796,46.6428],[12.785,46.6454],[12.7765,46.6471],[12.7671,46.6468],[12.7632,46.6484],[12.757,46.6476],[12.7481,46.6434],[12.7457,46.6382],[12.7384,46.6353],[12.7356,46.6361],[12.732,46.6347],[12.7293,46.6363],[12.7274,46.6409],[12.7222,46.6421],[12.7165,46.6496],[12.7,46.6519],[12.6912,46.6574],[12.6826,46.6563],[12.6763,46.658],[12.6585,46.6577],[12.6511,46.6535],[12.6423,46.6524],[12.6342,46.6554],[12.6316,46.6618],[12.6198,46.6623],[12.6134,46.6587],[12.6042,46.6566],[12.5789,46.6573],[12.5706,46.6519],[12.5657,46.6522],[12.5604,46.6536],[12.5595,46.6578],[12.5477,46.6597],[12.5372,46.6679],[12.5292,46.6705],[12.5288,46.6746],[12.5166,46.679],[12.5067,46.6782],[12.5059,46.6801],[12.5024,46.681],[12.4999,46.6782],[12.4977,46.6788],[12.4964,46.6774],[12.4818,46.6775],[12.4785,46.6803],[12.4766,46.686],[12.4743,46.6872],[12.4632,46.687],[12.4467,46.6906],[12.4432,46.6889],[12.4347,46.6939],[12.4291,46.6951],[12.4281,46.6994],[12.4144,46.7013],[12.4116,46.7034],[12.4106,46.7066],[12.4079,46.7059],[12.4026,46.7076],[12.3999,46.7106],[12.3879,46.7154],[12.3873,46.717],[12.3846,46.7168],[12.3797,46.7209],[12.3763,46.7329],[12.3739,46.7333],[12.3718,46.7408],[12.3697,46.7408],[12.3668,46.7538],[12.3601,46.7654],[12.3586,46.7699],[12.3597,46.7738],[12.358,46.7754],[12.352,46.7775],[12.3432,46.7766],[12.3379,46.7793],[12.3098,46.7854],[12.3019,46.7831],[12.2983,46.7849],[12.2843,46.7835],[12.2808,46.7924],[12.2882,46.7954],[12.2882,46.8011],[12.2928,46.8031],[12.2898,46.8063],[12.2893,46.8095],[12.2835,46.8154],[12.2894,46.8223],[12.3065,46.8337],[12.3053,46.8386],[12.3073,46.8417],[12.2962,46.8442],[12.2973,46.8482],[12.2926,46.8503],[12.2921,46.8546],[12.2898,46.8575],[12.2916,46.8609],[12.2908,46.8647],[12.2924,46.8657],[12.2815,46.8696],[12.2764,46.8732],[12.276,46.875],[12.2788,46.8796],[12.2743,46.8849],[12.2667,46.8879],[12.2607,46.8871],[12.2574,46.8886],[12.2456,46.8893],[12.2424,46.8913],[12.2365,46.8892],[12.2371,46.8859],[12.2329,46.8812],[12.2284,46.8791],[12.2227,46.8803],[12.2191,46.8744],[12.216,46.8745],[12.2051,46.8844],[12.2037,46.8874],[12.2001,46.8879],[12.202,46.8899],[12.1975,46.8934],[12.2001,46.8966],[12.195,46.9009],[12.195,46.9038],[12.1916,46.9033],[12.1909,46.9066],[12.1811,46.9085],[12.1772,46.9072],[12.1703,46.9106],[12.1621,46.9074],[12.1602,46.9096],[12.1443,46.9143],[12.1533,46.9176],[12.1618,46.9301],[12.1684,46.9337],[12.1692,46.9378],[12.1588,46.951],[12.1385,46.957],[12.1363,46.9607],[12.1325,46.9628],[12.1317,46.9646],[12.1371,46.966],[12.1361,46.9731],[12.1376,46.9741],[12.1365,46.9758],[12.1387,46.9825],[12.128,46.986],[12.1306,46.9886],[12.1291,46.9928],[12.1312,46.9937],[12.1264,46.9976],[12.1271,47.0005],[12.1219,47.0075],[12.1266,47.0136],[12.14,47.0193],[12.1424,47.0226],[12.148,47.0254],[12.1649,47.0194],[12.172,47.0235],[12.1779,47.024],[12.1808,47.026],[12.2053,47.0274],[12.2125,47.0377],[12.213,47.0427],[12.2172,47.0456],[12.2178,47.0513],[12.216,47.0557],[12.2171,47.0592],[12.2374,47.0657],[12.2413,47.0697],[12.231,47.0767],[12.2275,47.0826],[12.2178,47.0846],[12.216,47.0866],[12.2014,47.0878],[12.1865,47.0927],[12.1811,47.0917],[12.1782,47.0885],[12.1704,47.0874],[12.1613,47.0822],[12.1521,47.0798],[12.1366,47.0812],[12.1342,47.0779],[12.1309,47.0784],[12.1195,47.0737],[12.1035,47.0788],[12.0944,47.0775],[12.0903,47.0727],[12.0822,47.0695],[12.0772,47.0594],[12.073,47.0605],[12.06,47.059],[12.0567,47.0616],[12.0446,47.0619],[12.0355,47.0583],[12.0316,47.0511],[12.0218,47.0478],[11.9957,47.0501],[11.9867,47.0475],[11.9799,47.0505],[11.9741,47.0478],[11.969,47.041],[11.963,47.0409],[11.9562,47.0435],[11.9477,47.034],[11.9418,47.0369],[11.9336,47.0381],[11.9172,47.0337],[11.9149,47.0292],[11.8958,47.021],[11.8932,47.0169],[11.8806,47.0167],[11.8745,47.0106],[11.8685,47.0121],[11.8607,47.0084],[11.8529,47.0006],[11.8455,47.0022],[11.8407,46.9991],[11.8367,46.9935],[11.828,46.9937],[11.8158,46.9904],[11.8043,46.9923],[11.7899,46.9906],[11.7823,46.993],[11.7814,46.9895],[11.7725,46.9849],[11.7679,46.9793],[11.7661,46.974],[11.7526,46.9722],[11.7475,46.9694],[11.7282,46.9729],[11.7246,46.9805],[11.7186,46.9844],[11.7173,46.9882],[11.7119,46.9937],[11.7006,46.9931],[11.6891,46.996],[11.678,46.993],[11.6749,46.9942],[11.6652,46.9923],[11.6601,46.9959],[11.6354,47.0036],[11.6335,47.0072],[11.6304,47.0085],[11.6277,47.0138],[11.6221,47.0119],[11.6167,47.0131],[11.6103,47.0115],[11.5998,47.006],[11.59,47.006],[11.5817,47.0026],[11.5819,46.9976],[11.5656,46.9934],[11.5619,46.991],[11.554,46.991],[11.539,46.9846],[11.5341,46.9874],[11.5346,46.9901],[11.533,46.9922],[11.5159,47.0008],[11.516,47.0031],[11.5131,47.0057],[11.5082,47.0052],[11.5081,47.0077],[11.5013,47.0078],[11.5025,47.0102],[11.4792,47.0115],[11.4746,47.0055],[11.4705,47.0031],[11.469,46.999],[11.4703,46.9957],[11.4624,46.9937],[11.4609,46.9919],[11.4531,46.9928],[11.4461,46.9849],[11.4433,46.9776],[11.4407,46.9757],[11.4318,46.9733],[11.4267,46.9697],[11.4203,46.9697],[11.4179,46.9669],[11.4103,46.9675],[11.406,46.9653],[11.402,46.9655],[11.3933,46.97],[11.3827,46.9711],[11.3811,46.9755],[11.3763,46.98],[11.3677,46.9834],[11.3653,46.9876],[11.3591,46.9911],[11.3512,46.9898],[11.3462,46.9912],[11.3413,46.9857],[11.3374,46.9854],[11.3342,46.989],[11.3292,46.9891],[11.3208,46.9929],[11.3131,46.9891],[11.3083,46.9846],[11.3023,46.9836],[11.2954,46.9863],[11.2885,46.9865],[11.2856,46.9837],[11.2776,46.9812],[11.2718,46.9802],[11.264,46.9813],[11.2594,46.9789],[11.2571,46.9747],[11.2497,46.9747],[11.2421,46.9702],[11.2211,46.9697],[11.2074,46.963],[11.2035,46.9685],[11.1957,46.971],[11.1927,46.9693],[11.1903,46.9711],[11.1873,46.97],[11.1769,46.9631],[11.1648,46.9663],[11.1642,46.9576],[11.1663,46.9558],[11.1631,46.9504],[11.1685,46.9456],[11.1645,46.9405],[11.1555,46.9346],[11.1392,46.928],[11.1341,46.9291],[11.13,46.9282],[11.128,46.9298],[11.1153,46.9319],[11.1099,46.9265],[11.1116,46.9207],[11.1097,46.9165],[11.098,46.9145],[11.0963,46.9124],[11.0954,46.908],[11.0979,46.9058],[11.0999,46.8991],[11.0975,46.8919],[11.102,46.8902],[11.0969,46.8841],[11.0892,46.8793],[11.0869,46.8737],[11.0825,46.8693],[11.0821,46.8653],[11.0789,46.8601],[11.0733,46.8586],[11.0718,46.8538],[11.0752,46.8477],[11.0736,46.8464],[11.0752,46.8439],[11.0707,46.8389],[11.0781,46.8348],[11.0837,46.8228],[11.0816,46.8212],[11.0741,46.8205],[11.0608,46.8132],[11.0574,46.8086],[11.051,46.8091],[11.0396,46.8055],[11.0446,46.8014],[11.0364,46.7944],[11.0338,46.7851],[11.0292,46.7802],[11.0256,46.7726],[11.0257,46.7675],[11.0226,46.7659],[11.0142,46.7726],[10.9935,46.7675],[10.9782,46.7696],[10.9752,46.7731],[10.9441,46.7759],[10.9286,46.7733],[10.9236,46.7758],[10.9157,46.7744],[10.9062,46.7686],[10.8963,46.7705],[10.8907,46.7648],[10.883,46.7634],[10.8799,46.7651],[10.8689,46.7663],[10.8677,46.7729],[10.8533,46.7745],[10.8464,46.7789],[10.8425,46.7788],[10.841,46.7823],[10.8324,46.7809],[10.8293,46.7754],[10.8258,46.7736],[10.8144,46.7756],[10.7963,46.7918],[10.794,46.7915],[10.7867,46.7968],[10.7835,46.7961],[10.7789,46.7914],[10.7579,46.7857],[10.755,46.7856],[10.7511,46.788],[10.7422,46.7872],[10.7307,46.7889],[10.7285,46.7912],[10.729,46.7936],[10.7264,46.7984],[10.7361,46.7999],[10.7443,46.8035],[10.7517,46.8156],[10.759,46.8181],[10.7632,46.821],[10.7639,46.824],[10.758,46.828],[10.7556,46.8335],[10.7372,46.8349],[10.7322,46.8385],[10.7224,46.8384],[10.7189,46.8426],[10.7162,46.8436],[10.7171,46.8476],[10.7039,46.8478],[10.7008,46.851],[10.6944,46.8527],[10.6932,46.8542],[10.695,46.8569],[10.6936,46.8585],[10.6961,46.8599],[10.6971,46.8631],[10.6908,46.8682],[10.6825,46.8688],[10.6784,46.8713],[10.6719,46.8711],[10.6677,46.876],[10.6629,46.8748],[10.6562,46.8686],[10.6495,46.8661],[10.6251,46.8651],[10.6102,46.8592],[10.5958,46.8578],[10.5905,46.8508],[10.5786,46.8487],[10.5737,46.8466],[10.5706,46.8428],[10.5585,46.8416],[10.5465,46.8378],[10.5567,46.8474],[10.5556,46.8491],[10.5527,46.8506],[10.5213,46.8459],[10.4944,46.8492],[10.4967,46.8506],[10.4958,46.8527],[10.491,46.8505],[10.4914,46.8528],[10.4872,46.8555],[10.4814,46.8558],[10.4806,46.8564],[10.4832,46.8571],[10.479,46.8596],[10.47,46.8554],[10.4683,46.8626],[10.4716,46.8735],[10.4695,46.8816],[10.465,46.8848],[10.4754,46.8948],[10.4755,46.9017],[10.478,46.904],[10.4789,46.9111],[10.4865,46.916],[10.4856,46.9192],[10.4886,46.9268],[10.4856,46.932],[10.4897,46.9383],[10.4765,46.9416],[10.4691,46.9476],[10.4572,46.9514],[10.4559,46.9534],[10.4495,46.9529],[10.4399,46.9547],[10.4378,46.9564],[10.4292,46.9566],[10.4242,46.9594],[10.4223,46.9613],[10.4233,46.9661],[10.4274,46.9717],[10.4269,46.9762],[10.4208,46.9805],[10.4128,46.9832],[10.4071,46.9891],[10.4025,46.9914],[10.399,46.9974],[10.3896,47.0011],[10.3837,46.9998],[10.3724,46.9912],[10.3553,46.9929],[10.3468,46.9901],[10.3451,46.9836],[10.3403,46.9819],[10.341,46.9789],[10.3348,46.9731],[10.3344,46.97],[10.3298,46.9648],[10.33,46.9595],[10.3281,46.9545],[10.3248,46.9527],[10.3097,46.9507],[10.308,46.9478],[10.3089,46.944],[10.3065,46.9407],[10.3175,46.9315],[10.3164,46.9257],[10.3011,46.9252],[10.2972,46.9205],[10.2913,46.9238],[10.2672,46.9294],[10.2409,46.9319],[10.2423,46.9194],[10.2373,46.9162],[10.2336,46.9022],[10.226,46.8965],[10.2279,46.8908],[10.2351,46.8852],[10.2342,46.8784],[10.2323,46.8763],[10.233,46.8714],[10.2311,46.87],[10.233,46.8668],[10.2195,46.8678],[10.2041,46.8652],[10.1993,46.8672],[10.1939,46.867],[10.1915,46.8635],[10.1838,46.8595],[10.1823,46.8561],[10.172,46.8542],[10.1693,46.8512],[10.163,46.8515],[10.1577,46.8484],[10.1549,46.8509],[10.1474,46.852],[10.1397,46.8479],[10.1234,46.849],[10.1202,46.8479],[10.1194,46.8447],[10.1054,46.8414],[10.1008,46.8468],[10.0922,46.852],[10.0929,46.8586],[10.0877,46.8617],[10.0598,46.8613],[10.0515,46.8645],[10.0508,46.8715],[10.0529,46.8752],[10.0522,46.8773],[10.0427,46.881],[10.0396,46.8864],[10.0324,46.8885],[10.0267,46.8964],[10.0201,46.8993],[10.0181,46.9022],[10.0062,46.8994],[9.9977,46.9026],[9.9904,46.903],[9.9871,46.9061],[9.9827,46.9068],[9.982,46.9125],[9.9781,46.9164],[9.9668,46.9128],[9.9634,46.913],[9.9593,46.9166],[9.9464,46.9129],[9.9375,46.9139],[9.9218,46.9194],[9.9126,46.9266],[9.9066,46.9259],[9.9003,46.9279],[9.8947,46.9322],[9.8847,46.9336],[9.881,46.9356],[9.8764,46.9352],[9.8779,46.9387],[9.881,46.9407],[9.8768,46.9413],[9.877,46.9482],[9.8751,46.951],[9.8774,46.9522],[9.879,46.9576],[9.871,46.9638],[9.8758,46.9681],[9.876,46.9742],[9.8848,46.9814],[9.8833,46.9838],[9.8851,46.986],[9.8914,46.9889],[9.8926,46.9909],[9.8898,46.9947],[9.889,47.0013],[9.8735,47.0069],[9.871,47.0102],[9.8723,47.0108],[9.8714,47.0136],[9.8806,47.0178],[9.8777,47.0213],[9.86,47.0238],[9.8572,47.0194],[9.853,47.017],[9.8413,47.0157],[9.8384,47.0135],[9.84,47.0132],[9.8364,47.0131],[9.8338,47.0151],[9.831,47.0149],[9.8238,47.0204],[9.8078,47.0241],[9.8016,47.0297],[9.7921,47.0323],[9.7852,47.0391],[9.7694,47.0396],[9.7633,47.0379],[9.7483,47.0375],[9.7456,47.0397],[9.7454,47.0417],[9.7421,47.0432],[9.7185,47.0439],[9.7072,47.0486],[9.7059,47.0509],[9.7088,47.0522],[9.7078,47.0544],[9.6978,47.053],[9.6884,47.0558],[9.6823,47.0594],[9.6821,47.0627],[9.6584,47.0588],[9.6453,47.0604],[9.6416,47.0545],[9.6329,47.0518],[9.6174,47.0542],[9.6073,47.0613],[9.6119,47.0651],[9.6113,47.0674],[9.6136,47.0701],[9.6107,47.0758],[9.6117,47.08],[9.6189,47.0787],[9.6237,47.0831],[9.6338,47.084],[9.6359,47.0968],[9.6346,47.1017],[9.6284,47.106],[9.6287,47.1081],[9.6232,47.1086],[9.621,47.1111],[9.6249,47.1151],[9.6254,47.1197],[9.6352,47.1287],[9.6249,47.1332],[9.6252,47.1391],[9.6228,47.142],[9.6261,47.1465],[9.6235,47.1477],[9.6219,47.1519],[9.6142,47.1481],[9.6089,47.1483],[9.6031,47.1522],[9.6031,47.1546],[9.6004,47.1574],[9.6011,47.1594],[9.597,47.1635],[9.5797,47.1717],[9.573,47.1701],[9.5648,47.1708],[9.5675,47.1738],[9.5733,47.1762],[9.5745,47.1787],[9.5728,47.1914],[9.5805,47.1964],[9.5814,47.2006],[9.5851,47.2059],[9.5787,47.2095],[9.5759,47.2143],[9.5688,47.2204],[9.5588,47.2247],[9.5556,47.2231],[9.5556,47.2244],[9.552,47.2243],[9.5674,47.2425],[9.5597,47.2511],[9.5397,47.262],[9.54,47.2657],[9.5366,47.2666],[9.531,47.2712],[9.5464,47.2806],[9.5515,47.2874],[9.5568,47.299],[9.5818,47.3117],[9.5882,47.3179],[9.5997,47.3458],[9.6053,47.3519],[9.6247,47.3668],[9.6265,47.3657],[9.6356,47.368],[9.6508,47.3682],[9.6627,47.3717],[9.6734,47.3817],[9.6743,47.3908],[9.6721,47.3937],[9.6603,47.3982],[9.6546,47.405],[9.6519,47.4052],[9.6506,47.4215],[9.6446,47.4364],[9.6472,47.4406],[9.6582,47.4484],[9.6588,47.4532],[9.6453,47.4564],[9.6226,47.4581],[9.6172,47.4626],[9.612,47.4699],[9.6093,47.4712],[9.6069,47.4704],[9.6036,47.4629],[9.5962,47.4634],[9.582,47.4838],[9.5632,47.4954],[9.5615,47.4992],[9.5621,47.5052],[9.7359,47.5348],[9.7371,47.5367],[9.7355,47.5473],[9.7409,47.5524],[9.742,47.5555],[9.7473,47.5563],[9.7437,47.5594],[9.7472,47.5612],[9.7477,47.565],[9.7523,47.5681],[9.7483,47.5711],[9.7562,47.573],[9.7566,47.5804],[9.7622,47.5816],[9.7609,47.5842],[9.7637,47.5871],[9.7663,47.586],[9.7659,47.5897],[9.7696,47.588],[9.7773,47.5961],[9.7917,47.5941],[9.8026,47.5966],[9.8146,47.5887],[9.8181,47.5895],[9.8241,47.5877],[9.8248,47.5816],[9.8277,47.5793],[9.8261,47.5744],[9.821,47.5715],[9.8262,47.561],[9.8214,47.5556],[9.8171,47.5537],[9.8153,47.5503],[9.816,47.5483],[9.8284,47.5473],[9.8302,47.545],[9.8447,47.5419],[9.8495,47.5426],[9.854,47.5404],[9.8588,47.5345],[9.8688,47.5327],[9.8748,47.5292],[9.876,47.5326],[9.8742,47.5342],[9.8783,47.5394],[9.878,47.5424],[9.8754,47.5439],[9.8815,47.5488],[9.8894,47.5446],[9.8996,47.5454],[9.9069,47.5428],[9.9139,47.5332],[9.9222,47.5303],[9.9338,47.5333],[9.9414,47.5388],[9.964,47.5353],[9.9598,47.5388],[9.9608,47.5421],[9.9591,47.5438],[9.9635,47.5429],[9.9683,47.547],[9.9709,47.5465],[9.9711,47.5441],[9.9674,47.542],[9.9673,47.5391],[9.9651,47.5387],[9.9656,47.5307],[9.9675,47.531],[9.9687,47.5286],[9.968,47.5253],[9.9653,47.5236],[9.9655,47.5215],[9.9815,47.5111],[9.9848,47.5116],[9.9899,47.5064],[9.996,47.5034],[9.9877,47.4991],[9.9954,47.4869],[10.0011,47.4827],[10.0105,47.4824],[10.0167,47.4854],[10.0231,47.4847],[10.0377,47.4898],[10.045,47.4882],[10.0475,47.4869],[10.0456,47.4855],[10.0544,47.4765],[10.0548,47.4748],[10.052,47.4716],[10.0538,47.4675],[10.065,47.4642],[10.0687,47.4615],[10.0703,47.4566],[10.0809,47.456],[10.085,47.4597],[10.088,47.4594],[10.0898,47.461],[10.0919,47.4596],[10.0953,47.4505],[10.0934,47.448],[10.0941,47.4411],[10.1059,47.4293],[10.0962,47.4228],[10.096,47.4185],[10.094,47.4175],[10.0857,47.4151],[10.0745,47.4153],[10.0724,47.4119],[10.0694,47.4108],[10.0732,47.4067],[10.08,47.4049],[10.082,47.402],[10.0866,47.4],[10.0831,47.3944],[10.1001,47.3554],[10.1196,47.3762],[10.142,47.3678],[10.1662,47.3695],[10.1699,47.3719],[10.1697,47.3864],[10.1768,47.3859],[10.1816,47.3878],[10.183,47.3887],[10.1822,47.393],[10.1876,47.3906],[10.1954,47.3899],[10.2002,47.384],[10.2086,47.3836],[10.2129,47.381],[10.2189,47.3831],[10.2274,47.3895],[10.2366,47.3824],[10.232,47.3796],[10.2375,47.3742],[10.231,47.3687],[10.2293,47.364],[10.2262,47.3628],[10.2249,47.3594],[10.2173,47.3549],[10.2175,47.3506],[10.2045,47.3373],[10.2079,47.3355],[10.2077,47.3329],[10.1998,47.3271],[10.2114,47.3196],[10.2163,47.3117],[10.2121,47.3113],[10.2111,47.3069],[10.1994,47.2981],[10.19,47.2945],[10.1799,47.2966],[10.1775,47.2911],[10.1752,47.2898],[10.1762,47.2826],[10.1724,47.2797],[10.1755,47.2764],[10.1728,47.2747],[10.1743,47.2708],[10.1953,47.2737],[10.2015,47.2775],[10.2079,47.2759],[10.2227,47.2764],[10.2327,47.2711],[10.2385,47.2725],[10.2426,47.2787],[10.2457,47.2796],[10.2459,47.281],[10.2488,47.2797],[10.2599,47.282],[10.2618,47.2848],[10.2665,47.2858],[10.2661,47.2887],[10.282,47.2883],[10.2852,47.2918],[10.2927,47.2951],[10.296,47.3005],[10.3018,47.2993],[10.3169,47.3073],[10.3241,47.3062],[10.3247,47.3044],[10.3307,47.3054],[10.3397,47.3111],[10.341,47.3149],[10.3468,47.3158],[10.349,47.3178],[10.3457,47.3205],[10.3461,47.3226],[10.357,47.334],[10.3572,47.3376],[10.3712,47.3459],[10.3778,47.3531],[10.3806,47.3532],[10.3868,47.3571],[10.3876,47.3604],[10.386,47.3624],[10.3895,47.3678],[10.3891,47.3702],[10.3951,47.3762],[10.4009,47.3782],[10.4138,47.3792],[10.417,47.3806],[10.4201,47.3852],[10.4312,47.3845],[10.4371,47.381],[10.4296,47.3917],[10.4309,47.3971],[10.4347,47.4006],[10.4317,47.4034],[10.4379,47.4074],[10.4361,47.409],[10.4365,47.4116],[10.4389,47.4141],[10.4469,47.4153],[10.4565,47.4198],[10.4565,47.4241],[10.4595,47.4287],[10.4716,47.4325],[10.4755,47.4321],[10.4763,47.4334],[10.4724,47.4413],[10.4735,47.4437],[10.4706,47.4454],[10.4707,47.4491],[10.4662,47.4535],[10.4686,47.4594],[10.4658,47.4645],[10.4703,47.4693],[10.467,47.4741],[10.4683,47.4777],[10.464,47.481],[10.4641,47.4834],[10.4579,47.4832],[10.4518,47.4864],[10.4461,47.4847],[10.4428,47.4853],[10.4406,47.4871],[10.4405,47.49],[10.4378,47.4917],[10.4317,47.5044],[10.4409,47.5141],[10.4425,47.5194],[10.4391,47.5241],[10.4548,47.5564],[10.4608,47.5532],[10.4727,47.5517],[10.4893,47.541],[10.5249,47.5358],[10.5593,47.5379],[10.5632,47.5369],[10.5643,47.5347],[10.5715,47.5341],[10.5737,47.5346],[10.5822,47.5486],[10.5827,47.5508],[10.5797,47.5539],[10.5807,47.5563],[10.5902,47.5604],[10.5963,47.5655],[10.5983,47.5703],[10.6086,47.5664],[10.6194,47.5675],[10.6265,47.5636],[10.6265,47.5616],[10.6351,47.5596],[10.677,47.5596],[10.6784,47.5568],[10.6914,47.5594],[10.6928,47.5566],[10.6906,47.556],[10.695,47.5454],[10.7094,47.5443],[10.7188,47.5387],[10.7413,47.5392],[10.7514,47.5379],[10.7542,47.5356],[10.7589,47.5351],[10.7644,47.5289],[10.765,47.5255],[10.7626,47.5234],[10.7639,47.5204],[10.773,47.5162],[10.7768,47.5163],[10.7779,47.5145],[10.7958,47.5218],[10.813,47.5207],[10.8115,47.525],[10.8135,47.527],[10.8321,47.529],[10.8389,47.526],[10.8404,47.5283],[10.8489,47.5308],[10.854,47.5353],[10.8625,47.5346],[10.8673,47.5363],[10.8907,47.5379],[10.8931,47.5309],[10.9048,47.5187],[10.9163,47.52],[10.919,47.5179],[10.9184,47.5142],[10.8912,47.5082],[10.8724,47.501],[10.8705,47.4989],[10.8722,47.4934],[10.8699,47.4886],[10.8705,47.4838],[10.8749,47.481],[10.8819,47.4798],[10.9103,47.4861],[10.9258,47.4831],[10.9348,47.4833],[10.9376,47.4817],[10.9389,47.4806],[10.9292,47.4738],[10.93,47.4708],[10.9586,47.4521],[10.984,47.4306],[10.9851,47.4216],[10.9809,47.4189],[10.9721,47.4178],[10.9692,47.4125],[10.9715,47.409],[10.9701,47.4046],[10.9708,47.4008],[10.9723,47.4001],[10.98,47.3975],[11.0054,47.3947],[11.0236,47.3977],[11.0289,47.394],[11.0386,47.3972],[11.049,47.3945],[11.0538,47.3967],[11.0594,47.396],[11.062,47.3971],[11.0947,47.3965],[11.1007,47.3949],[11.1044,47.3962],[11.1153,47.396],[11.1242,47.4002],[11.1224,47.4039],[11.123,47.4069],[11.1285,47.4128],[11.1415,47.4147],[11.1584,47.4222],[11.1696,47.423],[11.1805,47.427],[11.1983,47.4281],[11.2074,47.4345],[11.2218,47.4311],[11.2494,47.4331],[11.2539,47.4288],[11.2408,47.4201],[11.2402,47.4162],[11.2328,47.4113],[11.2311,47.4062],[11.2245,47.4021],[11.2228,47.3979],[11.2254,47.3958],[11.2374,47.3987],[11.2633,47.3999],[11.2704,47.3981],[11.2816,47.4012],[11.2905,47.4078],[11.2937,47.4197],[11.2907,47.4227],[11.2915,47.4276],[11.2982,47.4291],[11.3001,47.4313],[11.3146,47.4315],[11.3181,47.433],[11.3217,47.4383],[11.3301,47.4387],[11.3317,47.4396],[11.3306,47.4425],[11.3317,47.4452],[11.339,47.4505],[11.3505,47.4481],[11.3579,47.4493],[11.3649,47.4454],[11.3716,47.446],[11.3774,47.4497],[11.3855,47.4492],[11.3889,47.4471],[11.4025,47.4486],[11.4079,47.4464],[11.4159,47.4476],[11.4217,47.4452],[11.4126,47.4561],[11.4111,47.4632],[11.4088,47.4649],[11.4099,47.4673],[11.3916,47.4673],[11.3843,47.473],[11.3855,47.4766],[11.3913,47.4827],[11.3955,47.4828],[11.3997,47.4873],[11.408,47.4911],[11.409,47.4942],[11.4171,47.5029],[11.421,47.5041],[11.4223,47.5069],[11.4336,47.5144],[11.4426,47.5185],[11.4436,47.5148],[11.4483,47.5111],[11.4498,47.5078],[11.4564,47.5096],[11.4881,47.5096],[11.4899,47.5077],[11.4995,47.5079],[11.5061,47.5053],[11.513,47.5069],[11.5191,47.5116],[11.5342,47.5094],[11.5523,47.514],[11.5534,47.5128],[11.5729,47.5151],[11.5778,47.5208],[11.5886,47.526],[11.5892,47.5319],[11.5862,47.546],[11.5902,47.5523],[11.5874,47.5553],[11.5908,47.5603],[11.6004,47.5671],[11.6063,47.5816],[11.6135,47.5804],[11.6201,47.585],[11.6245,47.5846],[11.631,47.5808],[11.634,47.5812],[11.6349,47.5826],[11.6315,47.5852],[11.6315,47.5872],[11.6335,47.5932],[11.6367,47.5951],[11.6418,47.594],[11.6439,47.5899],[11.6498,47.5909],[11.6608,47.5844],[11.6734,47.586],[11.6818,47.5844],[11.7007,47.5895],[11.7458,47.5883],[11.7816,47.5918],[11.7901,47.5883],[11.8175,47.585],[11.828,47.5861],[11.83,47.5827],[11.8447,47.5817],[11.8479,47.5829],[11.8555,47.6029],[11.8641,47.6015],[11.8957,47.6096],[11.9028,47.6088],[11.9143,47.6144],[11.9339,47.6133],[11.9687,47.6178],[11.975,47.616],[11.9768,47.6136],[11.9815,47.6194],[12.0,47.6221],[12.0091,47.6258],[12.0133,47.6238],[12.0128,47.6224],[12.0167,47.619],[12.0202,47.6125],[12.0225,47.6117],[12.0292,47.6118],[12.032,47.6154],[12.0379,47.6182],[12.0518,47.6155],[12.0613,47.6194],[12.0648,47.6193],[12.0714,47.6152],[12.0787,47.6141],[12.0829,47.6103],[12.1158,47.612],[12.1296,47.6062],[12.1404,47.6059],[12.1641,47.614],[12.1796,47.615],[12.182,47.6109],[12.1787,47.6015],[12.1864,47.6053],[12.2045,47.6073],[12.2079,47.6103],[12.2088,47.614],[12.2043,47.6235],[12.1997,47.6414],[12.1855,47.6604],[12.1828,47.6687],[12.1691,47.6809],[12.163,47.7017],[12.1841,47.7011],[12.187,47.7042],[12.197,47.709],[12.2042,47.708],[12.2066,47.7111],[12.2126,47.7118],[12.2273,47.7187],[12.2503,47.7421],[12.2576,47.7436],[12.2638,47.7375],[12.2656,47.7331],[12.2513,47.7132],[12.2475,47.7115],[12.2419,47.695],[12.2465,47.6883],[12.2536,47.6844],[12.2558,47.68],[12.2638,47.6789],[12.2781,47.6885],[12.2853,47.6907],[12.3386,47.6976],[12.3357,47.6933],[12.3389,47.6913],[12.3521,47.6927],[12.3531,47.6913],[12.3576,47.691],[12.3642,47.6844],[12.3813,47.687],[12.402,47.6928],[12.4297,47.6969],[12.4333,47.695],[12.4407,47.6958],[12.4436,47.6924],[12.4402,47.6803],[12.4414,47.6777],[12.4396,47.6768],[12.4414,47.6745],[12.4452,47.6744],[12.4459,47.6714],[12.4534,47.6685],[12.4545,47.6639],[12.4657,47.6503],[12.492,47.6375],[12.4913,47.6356],[12.4998,47.6257],[12.5129,47.6259],[12.537,47.637],[12.5757,47.6329],[12.5787,47.6348],[12.5835,47.6479],[12.5976,47.6667],[12.6027,47.6692],[12.6043,47.673],[12.608,47.6743],[12.6175,47.673],[12.6307,47.6768],[12.6394,47.6716],[12.6463,47.6741],[12.6489,47.6707],[12.6555,47.6726],[12.6579,47.6766],[12.6667,47.6816],[12.6788,47.683],[12.6899,47.6818],[12.6965,47.6828],[12.7014,47.6802],[12.7058,47.6817],[12.7159,47.6768],[12.7329,47.6802],[12.7399,47.6767],[12.7468,47.6755],[12.7554,47.6687],[12.7579,47.6636],[12.764,47.6676],[12.7727,47.6662],[12.7818,47.6744],[12.7847,47.6721],[12.7787,47.6634],[12.7791,47.6615],[12.7683,47.656],[12.7613,47.6555],[12.7592,47.6521],[12.7657,47.6475],[12.7666,47.6445],[12.7815,47.6332],[12.7904,47.6338],[12.8005,47.6278],[12.8,47.6266],[12.8116,47.6218],[12.8252,47.6126],[12.8236,47.6102],[12.8139,47.6125],[12.808,47.6108],[12.8038,47.6079],[12.8035,47.606],[12.8001,47.6058],[12.7972,47.6023],[12.7936,47.6011],[12.792,47.5984],[12.796,47.5936],[12.7882,47.5892],[12.7798,47.5797],[12.7807,47.5751],[12.7849,47.5694],[12.793,47.5656],[12.795,47.5576],[12.808,47.5489],[12.8184,47.5454],[12.8361,47.5454],[12.8433,47.5474],[12.8483,47.5465],[12.851,47.541],[12.85,47.5367],[12.8524,47.5313],[12.858,47.5275],[12.864,47.5286],[12.8679,47.5245],[12.8835,47.5212],[12.8859,47.519],[12.8851,47.5133],[12.9094,47.4975],[12.9665,47.4754],[12.9734,47.4748],[12.9733,47.479],[12.9751,47.4815],[12.9742,47.4838],[12.9759,47.4856],[12.9787,47.4852],[12.9786,47.4835],[12.9863,47.482],[12.9901,47.4781],[12.9955,47.4792],[12.9941,47.4722],[12.9981,47.4701],[13.0017,47.4645],[13.0044,47.4639],[13.0155,47.4712],[13.0204,47.478],[13.0227,47.4781],[13.0272,47.484],[13.0276,47.4872],[13.0332,47.4874],[13.0369,47.4897],[13.0426,47.4893],[13.0483,47.4927],[13.0467,47.4952],[13.049,47.4987],[13.0468,47.5043],[13.0474,47.5153],[13.0445,47.5166],[13.044,47.5205],[13.048,47.522],[13.0469,47.5244],[13.0381,47.5281],[13.0316,47.5331],[13.0324,47.5361],[13.0388,47.5417],[13.0379,47.5434],[13.0442,47.5466],[13.0454,47.5508],[13.0564,47.5579],[13.0559,47.5601],[13.0582,47.5627],[13.0514,47.5641],[13.0434,47.5743],[13.0423,47.577],[13.0458,47.5797],[13.0444,47.5839],[13.0714,47.5875],[13.0728,47.589],[13.0718,47.5922],[13.069,47.5926],[13.0655,47.596],[13.0633,47.602],[13.0702,47.6054],[13.0724,47.6111],[13.0785,47.6153],[13.0813,47.6195],[13.0966,47.6285],[13.0996,47.6357],[13.0977,47.6413],[13.0892,47.6497],[13.0902,47.6548],[13.0852,47.661],[13.0808,47.663],[13.0786,47.6679],[13.0776,47.6734],[13.0815,47.6876],[13.075,47.6924],[13.0699,47.6925],[13.0616,47.6977],[13.0564,47.7043],[13.0487,47.7097],[13.0502,47.7111],[13.0467,47.7132],[13.0342,47.717],[13.0295,47.7164],[13.019,47.7234],[13.0094,47.7229],[13.0055,47.7186],[13.0067,47.7175],[13.0052,47.7157],[13.0026,47.7138],[12.9957,47.7136],[12.9922,47.7092],[12.9745,47.7077],[12.9634,47.71],[12.9562,47.7084],[12.9472,47.7127],[12.9339,47.7101],[12.9256,47.7109],[12.9237,47.7144],[12.9136,47.7179],[12.9119,47.7207],[12.906,47.724],[12.9053,47.728],[12.9114,47.7321],[12.913,47.7376],[12.9168,47.7398],[12.9189,47.7431],[12.922,47.7447],[12.9317,47.7454],[12.9336,47.7479],[12.9359,47.7479],[12.9386,47.7584],[12.9358,47.7585],[12.9414,47.7604],[12.9455,47.765],[12.9429,47.7715],[12.9355,47.7708],[12.9355,47.7728],[12.9284,47.7704],[12.9302,47.7734],[12.9402,47.7788],[12.9391,47.7838],[12.9403,47.7855],[12.9478,47.787],[12.9648,47.8005],[12.9776,47.8163],[12.9854,47.8288],[13.0035,47.8424],[13.0049,47.846],[13.0042,47.8502],[13.0021,47.855],[12.9823,47.8774],[12.9649,47.9043],[12.9466,47.9233],[12.9414,47.9328],[12.9389,47.9439],[12.9365,47.9445],[12.933,47.9405],[12.9233,47.9399],[12.92,47.9429],[12.9214,47.952],[12.918,47.9556],[12.9108,47.958],[12.8846,47.9601],[12.8746,47.9645],[12.8693,47.9716],[12.858,48.0082],[12.8509,48.0168],[12.8345,48.0288],[12.7709,48.0667],[12.7602,48.0758],[12.7537,48.0874],[12.7499,48.1091],[12.751,48.1123],[12.7595,48.1196],[12.7596,48.1276],[12.7691,48.1293],[12.7755,48.1279],[12.7831,48.1237],[12.7872,48.124],[12.7982,48.1394],[12.7983,48.1451],[12.8,48.1473],[12.8122,48.1521],[12.8286,48.1537],[12.8352,48.1586],[12.8367,48.1659],[12.8479,48.1676],[12.8531,48.1782],[12.8612,48.1857],[12.8657,48.1982],[12.8708,48.2019],[12.9177,48.2071],[12.9465,48.2074],[12.9575,48.2101],[12.9663,48.2145],[12.9996,48.2381],[13.013,48.253],[13.023,48.2586],[13.0566,48.2663],[13.0817,48.2778],[13.1282,48.279],[13.1801,48.2954],[13.1924,48.2962],[13.2574,48.2943],[13.3302,48.3239],[13.3505,48.3384],[13.3676,48.3533],[13.407,48.3719],[13.4127,48.3759],[13.4187,48.3854],[13.4204,48.3983],[13.423,48.4058],[13.44,48.4313],[13.4399,48.4389],[13.4291,48.4519],[13.4279,48.4575],[13.4475,48.4918],[13.4489,48.4972],[13.459,48.5125],[13.4471,48.5246],[13.4458,48.5297],[13.451,48.5344],[13.451,48.5384],[13.4398,48.5487],[13.4377,48.5546],[13.4385,48.5578],[13.4508,48.5646],[13.4565,48.5613],[13.457,48.5586],[13.4644,48.5546],[13.4762,48.5567],[13.4773,48.5596],[13.4753,48.563],[13.4798,48.5653],[13.4857,48.5622],[13.4871,48.5637],[13.4896,48.5634],[13.4942,48.5676],[13.4927,48.5703],[13.4968,48.57],[13.5049,48.5732],[13.5078,48.5784],[13.5025,48.5815],[13.5061,48.5885],[13.5098,48.5913],[13.518,48.5912],[13.5284,48.5879],[13.5443,48.5755],[13.5704,48.5619],[13.5823,48.5603],[13.5907,48.5692],[13.6006,48.57],[13.6256,48.5551],[13.6427,48.553],[13.6543,48.5497],[13.6616,48.5375],[13.6655,48.5346],[13.686,48.5294],[13.699,48.5237],[13.7075,48.518],[13.728,48.5136],[13.7314,48.5154],[13.7331,48.5172],[13.7316,48.5184],[13.7316,48.5217],[13.7344,48.5227],[13.7342,48.5259],[13.7487,48.53],[13.7498,48.5386],[13.7492,48.5402],[13.7459,48.5411],[13.7445,48.5447],[13.7557,48.5518],[13.7524,48.5534],[13.7475,48.553],[13.7485,48.5548],[13.7502,48.5546],[13.7489,48.5574],[13.7514,48.5583],[13.7549,48.5642],[13.7611,48.5661],[13.7673,48.5588],[13.769,48.5543],[13.7709,48.5542],[13.7741,48.5557],[13.7729,48.5567],[13.7742,48.5585],[13.7823,48.564],[13.7821,48.566],[13.7894,48.5692],[13.7912,48.5725],[13.8018,48.5742],[13.8068,48.5805],[13.8057,48.5822],[13.8082,48.5851],[13.806,48.5895],[13.8079,48.5907],[13.8024,48.5932],[13.8022,48.598],[13.8096,48.6006],[13.8102,48.6023],[13.8083,48.6056],[13.811,48.6066],[13.8123,48.6085],[13.8113,48.6092],[13.8158,48.6103],[13.815,48.6128],[13.8169,48.6152],[13.8205,48.6139],[13.8235,48.6149],[13.8239,48.6181],[13.8267,48.6192],[13.8243,48.6261],[13.8281,48.6287],[13.8263,48.6313],[13.8274,48.6355],[13.8225,48.6393],[13.8248,48.6428],[13.8197,48.6454],[13.815,48.6503],[13.8186,48.6601],[13.8184,48.6671],[13.8207,48.6711],[13.8176,48.682],[13.814,48.6842],[13.8153,48.6862],[13.8144,48.6925],[13.818,48.6955],[13.8344,48.6925],[13.8383,48.7012],[13.8263,48.7013],[13.8214,48.6997],[13.8177,48.7022],[13.8149,48.7016],[13.8121,48.7032],[13.812,48.7052],[13.8138,48.7057],[13.8123,48.7093],[13.8041,48.7087],[13.7958,48.7157],[13.8028,48.7179],[13.803,48.7208],[13.8093,48.7252],[13.8113,48.7296],[13.82,48.7325],[13.8187,48.7365],[13.8214,48.74],[13.8224,48.7454],[13.8219,48.755],[13.8238,48.7573],[13.837,48.7634],[13.8405,48.767],[13.8405,48.7723],[13.8441,48.7732],[13.8494,48.7704],[13.8561,48.772],[13.8693,48.7703],[13.8901,48.7591],[13.8964,48.7577],[13.9206,48.7414],[13.9218,48.7377],[13.9266,48.7363],[13.9281,48.7324],[13.9381,48.7267],[13.9401,48.7239],[13.9437,48.7221],[13.9451,48.7231],[13.9546,48.7214],[13.9568,48.7151],[13.9714,48.7138],[13.9792,48.7104],[13.985,48.7115],[14.0043,48.7092],[14.0063,48.7067],[14.0108,48.7054],[14.0092,48.7044],[14.0097,48.7029],[14.0143,48.6991],[14.0109,48.696],[14.0136,48.6955],[14.016,48.6984],[14.0191,48.6969],[14.0194,48.6947],[14.0171,48.6925],[14.0263,48.6897],[14.0265,48.6877],[14.0296,48.686],[14.0255,48.684],[14.0344,48.6803],[14.0351,48.6776],[14.0398,48.6767],[14.0443,48.6781],[14.0604,48.6745],[14.0595,48.6722],[14.0608,48.6701],[14.0595,48.6683],[14.061,48.6646],[14.0589,48.6624],[14.0588,48.6584],[14.0545,48.6536],[14.0416,48.6554],[14.0251,48.6533],[14.0238,48.6462],[14.0115,48.6403],[14.0192,48.6375],[14.0243,48.633],[14.0239,48.6313],[14.0311,48.6294],[14.0296,48.6268],[14.0434,48.6296],[14.0491,48.628],[14.0464,48.6241],[14.0466,48.6197],[14.0418,48.618],[14.0446,48.6146],[14.0431,48.6135],[14.0525,48.6101],[14.0517,48.6083],[14.0552,48.6048],[14.062,48.6071],[14.0699,48.6076],[14.0703,48.6051],[14.0671,48.6017],[14.0679,48.5955],[14.0701,48.5961],[14.0732,48.6005],[14.098,48.6005],[14.0992,48.5984],[14.0965,48.5929],[14.1066,48.5902],[14.1168,48.5898],[14.1201,48.5912],[14.121,48.5936],[14.1247,48.5936],[14.1311,48.5984],[14.1428,48.5944],[14.1554,48.5965],[14.159,48.593],[14.1638,48.5933],[14.1645,48.5899],[14.1784,48.5917],[14.1782,48.5933],[14.1827,48.5945],[14.1953,48.5933],[14.2023,48.5906],[14.2057,48.591],[14.209,48.5888],[14.2291,48.5858],[14.2383,48.582],[14.2415,48.5783],[14.2492,48.5787],[14.2504,48.5808],[14.2568,48.5822],[14.2725,48.582],[14.2798,48.5748],[14.2966,48.5687],[14.3053,48.5678],[14.31,48.565],[14.3163,48.564],[14.3225,48.5636],[14.3253,48.5649],[14.3281,48.5547],[14.3342,48.5524],[14.3377,48.5548],[14.3436,48.5554],[14.346,48.5579],[14.3456,48.5605],[14.3491,48.5625],[14.3541,48.5631],[14.3524,48.5656],[14.3541,48.5669],[14.3534,48.5695],[14.3588,48.574],[14.3586,48.5753],[14.3668,48.5764],[14.3695,48.5704],[14.3722,48.5702],[14.3806,48.5699],[14.389,48.5725],[14.3946,48.5793],[14.392,48.5797],[14.3924,48.5827],[14.3887,48.5838],[14.3872,48.5933],[14.3929,48.5949],[14.3968,48.5926],[14.4131,48.5934],[14.421,48.5919],[14.4258,48.5889],[14.4324,48.5897],[14.4365,48.5987],[14.443,48.6009],[14.4457,48.609],[14.4493,48.6136],[14.4483,48.6204],[14.4529,48.6253],[14.457,48.6258],[14.4535,48.6325],[14.4466,48.6384],[14.4447,48.644],[14.4542,48.6453],[14.4601,48.6439],[14.4696,48.6468],[14.4709,48.6491],[14.4735,48.6446],[14.4786,48.6432],[14.4765,48.6422],[14.4776,48.6401],[14.4862,48.6349],[14.494,48.6335],[14.4969,48.6284],[14.4961,48.6231],[14.5043,48.618],[14.5166,48.6205],[14.5215,48.6194],[14.5274,48.6153],[14.5476,48.6152],[14.5523,48.6118],[14.5525,48.6083],[14.5545,48.6064],[14.558,48.6066],[14.563,48.6039],[14.565,48.609],[14.5682,48.6092],[14.5695,48.6113],[14.5733,48.6123],[14.5766,48.6117],[14.5767,48.6134],[14.5819,48.6175],[14.5911,48.6179],[14.5968,48.6212],[14.5963,48.6224],[14.6,48.6259],[14.6034,48.6262],[14.6041,48.6287],[14.6115,48.6287],[14.6188,48.6225],[14.6226,48.6162],[14.6237,48.6095],[14.6274,48.6051],[14.6317,48.6038],[14.6467,48.6107],[14.6548,48.6049],[14.6587,48.5987],[14.6645,48.5826],[14.6835,48.5833],[14.6887,48.5857],[14.6925,48.5847],[14.6946,48.586],[14.7025,48.5833],[14.7087,48.5877],[14.707,48.5915],[14.7091,48.5942],[14.7126,48.5947],[14.7124,48.5972],[14.7221,48.603],[14.7151,48.6181],[14.7232,48.639],[14.7202,48.6408],[14.7211,48.6425],[14.7193,48.6445],[14.7195,48.6498],[14.7134,48.6507],[14.7193,48.6667],[14.7245,48.6763],[14.728,48.6793],[14.7269,48.6836],[14.728,48.6877],[14.7376,48.6995],[14.7493,48.7038],[14.7564,48.7038],[14.7581,48.7099],[14.7751,48.7123],[14.7866,48.719],[14.7881,48.7229],[14.7917,48.7243],[14.7954,48.7304],[14.8022,48.7336],[14.8028,48.7323],[14.8092,48.7345],[14.8015,48.748],[14.8028,48.7513],[14.8048,48.7522],[14.8041,48.7533],[14.8125,48.7621],[14.8133,48.765],[14.8119,48.7678],[14.8073,48.7723],[14.8109,48.7746],[14.8097,48.7794],[14.8266,48.7845],[14.8303,48.7811],[14.8413,48.7826],[14.8436,48.7846],[14.847,48.7801],[14.8499,48.781],[14.8522,48.7779],[14.8582,48.7764],[14.8598,48.7766],[14.8587,48.7778],[14.8642,48.7779],[14.8693,48.7817],[14.8823,48.7807],[14.8872,48.7771],[14.8858,48.7725],[14.8891,48.7707],[14.8974,48.7729],[14.9073,48.7676],[14.9129,48.7677],[14.9188,48.7705],[14.9201,48.7691],[14.9329,48.7672],[14.9412,48.7619],[14.9492,48.7635],[14.9515,48.7614],[14.9533,48.7624],[14.9568,48.7587],[14.9618,48.7629],[14.969,48.7646],[14.9712,48.7678],[14.9766,48.7694],[14.9806,48.7729],[14.9819,48.7759],[14.9791,48.7771],[14.9812,48.7798],[14.98,48.7808],[14.9747,48.7839],[14.9543,48.7904],[14.9567,48.7934],[14.9544,48.7963],[14.9584,48.8001],[14.9564,48.802],[14.9616,48.8051],[14.9585,48.8113],[14.9593,48.8145],[14.9708,48.8245],[14.9685,48.8315],[14.9694,48.8375],[14.973,48.8399],[14.9731,48.8429],[14.9856,48.843],[14.9855,48.8466],[14.9793,48.8513],[14.9788,48.8537],[14.9744,48.8537],[14.974,48.8753],[14.9849,48.8754],[14.9845,48.8916],[14.99,48.8916],[14.9899,48.8954],[14.9883,48.8963],[14.9926,48.8979],[14.994,48.9043],[14.9914,48.9104],[14.9911,48.9165],[14.987,48.9201],[14.9849,48.9237],[14.986,48.9251],[14.9801,48.9287],[14.9805,48.9319],[14.9848,48.9331],[14.9876,48.9366],[14.9863,48.9401],[14.9844,48.941],[14.9857,48.9422],[14.9817,48.9446],[14.9776,48.9565],[14.9789,48.9612],[14.9773,48.9716],[14.9796,48.9751],[14.9795,48.9811],[14.982,48.9787],[14.9815,48.9816],[14.9856,48.9872],[14.9927,48.9887],[14.9922,48.9898],[14.9989,48.9926],[14.9961,48.9939],[14.9985,48.9993],[15.0015,49.0014],[15.0019,49.0044],[14.9961,49.006],[14.9915,49.0103],[14.997,49.0157],[15.0041,49.0121],[15.0125,49.015],[15.0152,49.0184],[15.0216,49.0212],[15.0267,49.0194],[15.0294,49.0162],[15.0419,49.0121],[15.0554,49.0162],[15.0665,49.0149],[15.0654,49.0128],[15.0684,49.0069],[15.0655,49.0049],[15.0659,49.0002],[15.0931,48.9976],[15.1037,48.9945],[15.1093,48.9998],[15.1153,49.0],[15.123,48.9979],[15.1267,48.9996],[15.1301,48.9981],[15.1339,49.0013],[15.1379,48.9983],[15.1574,48.9939],[15.1597,48.9905],[15.1586,48.9855],[15.1541,48.9851],[15.1522,48.9816],[15.1543,48.9795],[15.1631,48.9783],[15.1642,48.9762],[15.1606,48.9727],[15.1667,48.9705],[15.1695,48.9676],[15.1709,48.9629],[15.168,48.9592],[15.1635,48.958],[15.1628,48.9537],[15.1565,48.9468],[15.1602,48.9457],[15.1613,48.9423],[15.1668,48.9446],[15.1713,48.9437],[15.1781,48.9483],[15.1914,48.9439],[15.1985,48.9489],[15.2011,48.9528],[15.2064,48.9541],[15.2105,48.9566],[15.2107,48.9582],[15.2139,48.9575],[15.2256,48.9608],[15.2396,48.9582],[15.2419,48.96],[15.2475,48.9601],[15.2627,48.9543],[15.263,48.9582],[15.2695,48.9576],[15.2702,48.9589],[15.2684,48.9645],[15.2665,48.9647],[15.2678,48.9673],[15.273,48.967],[15.2825,48.98],[15.2829,48.9814],[15.2769,48.9865],[15.2782,48.994],[15.28,48.9953],[15.2911,48.9931],[15.2948,48.9897],[15.2921,48.9849],[15.3068,48.9785],[15.3132,48.9814],[15.3229,48.9768],[15.3334,48.9854],[15.3372,48.9839],[15.3495,48.9854],[15.3586,48.9828],[15.3681,48.9825],[15.3767,48.9776],[15.3902,48.9732],[15.394,48.9662],[15.4045,48.9641],[15.4139,48.957],[15.4259,48.9522],[15.4516,48.9504],[15.457,48.9459],[15.4696,48.9524],[15.4745,48.947],[15.4785,48.9463],[15.4782,48.9451],[15.4855,48.944],[15.5032,48.9366],[15.5072,48.9202],[15.5145,48.9147],[15.5602,48.9051],[15.5791,48.8965],[15.6118,48.8971],[15.6136,48.8989],[15.6207,48.8962],[15.6315,48.8856],[15.6379,48.8852],[15.6385,48.8867],[15.6371,48.8877],[15.6401,48.8879],[15.6569,48.882],[15.6727,48.8684],[15.6816,48.8644],[15.6876,48.8576],[15.6908,48.8563],[15.6956,48.8563],[15.699,48.859],[15.7103,48.8613],[15.7159,48.8603],[15.7151,48.8586],[15.7548,48.8528],[15.7719,48.8647],[15.7807,48.8755],[15.8073,48.8728],[15.8229,48.8733],[15.8288,48.8716],[15.8339,48.8732],[15.8381,48.8774],[15.8427,48.8777],[15.8462,48.8763],[15.8441,48.8752],[15.8449,48.8735],[15.8534,48.8677],[15.8515,48.8656],[15.8427,48.8626],[15.8439,48.8602],[15.8586,48.8583],[15.8655,48.853],[15.8761,48.8556],[15.8758,48.8587],[15.8725,48.8594],[15.8725,48.8609],[15.8781,48.8601],[15.8819,48.8562],[15.8809,48.8485],[15.8858,48.8426],[15.8913,48.8437],[15.8947,48.8496],[15.8988,48.8489],[15.9064,48.8394],[15.904,48.838],[15.8985,48.8388],[15.894,48.8439],[15.8921,48.8392],[15.8944,48.8352],[15.9082,48.8361],[15.921,48.8394],[15.923,48.8356],[15.9321,48.8341],[15.9281,48.8312],[15.9279,48.8273],[15.9254,48.8251],[15.9358,48.8197],[15.9416,48.8201],[15.9414,48.8277],[15.943,48.8283],[15.9491,48.8273],[15.9468,48.8242],[15.9479,48.8231],[15.9596,48.8236],[15.9611,48.8204],[15.9532,48.8145],[15.9508,48.8058],[15.9608,48.799],[15.9696,48.7975],[15.9877,48.7866],[15.9956,48.7799],[16.0222,48.7726],[16.054,48.7616],[16.0661,48.7552],[16.0954,48.7472],[16.1082,48.7459],[16.1184,48.7488],[16.1192,48.7473],[16.1402,48.7433],[16.1405,48.746],[16.1511,48.7438],[16.1545,48.7458],[16.1552,48.7494],[16.1902,48.7438],[16.2056,48.7435],[16.2254,48.7406],[16.2499,48.7402],[16.2643,48.7376],[16.2696,48.7419],[16.2791,48.7421],[16.2979,48.7382],[16.3003,48.7403],[16.3035,48.7401],[16.3122,48.7342],[16.3309,48.7331],[16.3311,48.7318],[16.3375,48.7329],[16.3415,48.7433],[16.3438,48.7452],[16.3426,48.7459],[16.3441,48.7462],[16.3468,48.7415],[16.351,48.7427],[16.3579,48.7391],[16.3527,48.7342],[16.3595,48.7306],[16.3611,48.7315],[16.361,48.7286],[16.3677,48.7286],[16.3786,48.7315],[16.3792,48.729],[16.3851,48.7313],[16.3859,48.7328],[16.3843,48.7338],[16.3899,48.7361],[16.39,48.7396],[16.3935,48.7397],[16.3964,48.7369],[16.4017,48.7399],[16.4018,48.7416],[16.4048,48.7427],[16.4056,48.7411],[16.4115,48.7439],[16.4108,48.7449],[16.4138,48.7522],[16.4162,48.7539],[16.4148,48.7545],[16.4205,48.7597],[16.4241,48.7626],[16.4287,48.7627],[16.4363,48.7662],[16.4389,48.7691],[16.4405,48.7749],[16.4365,48.7771],[16.437,48.7788],[16.439,48.7792],[16.4412,48.7844],[16.4492,48.7913],[16.448,48.7962],[16.45,48.7999],[16.4632,48.8052],[16.4623,48.8064],[16.4641,48.8069],[16.4603,48.8087],[16.4617,48.8096],[16.4657,48.8105],[16.4796,48.8026],[16.5012,48.8018],[16.5174,48.8032],[16.5199,48.7988],[16.5262,48.8013],[16.5303,48.8046],[16.5294,48.8061],[16.5341,48.8082],[16.5354,48.8115],[16.542,48.8149],[16.5509,48.8071],[16.5568,48.8042],[16.5665,48.7941],[16.5836,48.7926],[16.5949,48.7874],[16.5949,48.7832],[16.6299,48.7807],[16.6319,48.781],[16.6315,48.7823],[16.635,48.786],[16.6432,48.7864],[16.653,48.7856],[16.6565,48.7831],[16.665,48.7816],[16.6649,48.7793],[16.6671,48.7786],[16.6653,48.7761],[16.6759,48.7721],[16.6789,48.767],[16.6821,48.7506],[16.6752,48.7434],[16.6748,48.7412],[16.6814,48.7343],[16.6839,48.7283],[16.6899,48.7298],[16.7024,48.7371],[16.7056,48.7356],[16.7079,48.7382],[16.726,48.7386],[16.7308,48.7361],[16.7288,48.7348],[16.7303,48.7337],[16.7341,48.7344],[16.7374,48.7324],[16.7361,48.731],[16.738,48.7298],[16.7387,48.7312],[16.7486,48.7327],[16.7547,48.7212],[16.76,48.7193],[16.7586,48.7175],[16.761,48.717],[16.765,48.7193],[16.7708,48.7149],[16.7771,48.7125],[16.7795,48.7147],[16.7805,48.7128],[16.7912,48.7144],[16.7965,48.711],[16.7996,48.7114],[16.8016,48.7064],[16.8074,48.7096],[16.8067,48.7127],[16.8236,48.7109],[16.8286,48.7116],[16.8356,48.7171],[16.8428,48.712],[16.8707,48.713],[16.8749,48.7164],[16.8734,48.7174],[16.8805,48.7235],[16.8876,48.7168],[16.8989,48.7165],[16.9029,48.7186],[16.9073,48.7155],[16.9038,48.7127],[16.9059,48.71],[16.9134,48.7064],[16.9146,48.7033],[16.918,48.7008],[16.9175,48.6966],[16.9199,48.6939],[16.9145,48.6854],[16.9117,48.6765],[16.9243,48.6708],[16.923,48.6634],[16.9247,48.6589],[16.9206,48.6518],[16.9223,48.6496],[16.922,48.6457],[16.9297,48.6396],[16.9267,48.636],[16.9272,48.6325],[16.9242,48.6316],[16.9253,48.6295],[16.9203,48.6271],[16.9215,48.6245],[16.92,48.6232],[16.9287,48.6197],[16.936,48.6198],[16.9414,48.6177],[16.9407,48.615],[16.9434,48.6107],[16.9432,48.6066],[16.9349,48.6012],[16.9404,48.5837],[16.937,48.5719],[16.9399,48.5658],[16.9459,48.5607],[16.944,48.5529],[16.9491,48.5483],[16.9543,48.5462],[16.9552,48.5435],[16.9502,48.5341],[16.9417,48.5278],[16.9418,48.526],[16.9451,48.5235],[16.9445,48.5222],[16.9226,48.5206],[16.921,48.5186],[16.9234,48.514],[16.9152,48.5125],[16.9152,48.5014],[16.9187,48.4978],[16.9182,48.4959],[16.9126,48.4952],[16.9062,48.499],[16.8974,48.4971],[16.8912,48.4922],[16.8975,48.4868],[16.8962,48.4842],[16.8917,48.4817],[16.8913,48.4769],[16.8819,48.4779],[16.8751,48.468],[16.8664,48.4661],[16.8608,48.4599],[16.8652,48.4562],[16.8644,48.4536],[16.8515,48.45],[16.8529,48.4355],[16.8587,48.4262],[16.8649,48.4199],[16.8518,48.4105],[16.8522,48.4062],[16.8572,48.3967],[16.8518,48.3912],[16.8517,48.3837],[16.8463,48.3823],[16.838,48.3844],[16.8355,48.3833],[16.8345,48.3807],[16.8424,48.3722],[16.8405,48.3651],[16.8445,48.3591],[16.8436,48.3543],[16.8453,48.351],[16.8533,48.3484],[16.861,48.3498],[16.8681,48.3484],[16.8743,48.3493],[16.8766,48.3464],[16.8709,48.3419],[16.8729,48.3385],[16.8832,48.3363],[16.8904,48.3325],[16.8958,48.3319],[16.9101,48.3265],[16.91,48.3234],[16.9055,48.3189],[16.8978,48.3154],[16.8959,48.3107],[16.8998,48.3053],[16.9016,48.2989],[16.907,48.2946],[16.9094,48.2882],[16.9208,48.2783],[16.9216,48.274],[16.9273,48.2718],[16.9469,48.271],[16.9583,48.2643],[16.9527,48.2571],[16.9474,48.2364],[16.9503,48.2324],[16.9588,48.227],[16.9631,48.2213],[16.9637,48.2141],[16.9777,48.1898],[16.9787,48.1824],[16.9768,48.1771],[16.9775,48.1723],[16.9974,48.1606],[17.0144,48.1535],[17.0236,48.1445],[17.029,48.1415],[17.0393,48.1403],[17.0585,48.1442],[17.0586,48.1422],[17.0607,48.1417],[17.0625,48.1387],[17.0629,48.1365],[17.0614,48.1362],[17.0627,48.1339],[17.0668,48.1298],[17.0656,48.1286],[17.0689,48.1279],[17.0701,48.1246],[17.0637,48.1237],[17.0641,48.122],[17.0693,48.1186],[17.0699,48.1166],[17.0741,48.115],[17.0784,48.1156],[17.0742,48.1108],[17.0804,48.1084],[17.0787,48.1064],[17.094,48.1001],[17.0891,48.097],[17.0944,48.0919],[17.0926,48.091],[17.0909,48.0927],[17.0758,48.0864],[17.0744,48.0838],[17.0761,48.0831],[17.0728,48.0814],[17.0802,48.0787],[17.0735,48.0709],[17.0881,48.0658],[17.0695,48.0559],[17.0856,48.0508],[17.0891,48.0461],[17.0687,48.0319],[17.0861,48.0243],[17.0911,48.0202],[17.1113,48.0317],[17.1187,48.0287],[17.128,48.0214],[17.1321,48.0234],[17.1377,48.0234],[17.1436,48.02],[17.1451,48.0207],[17.1514,48.014],[17.1621,48.0071],[17.1355,47.9944],[17.1363,47.9938],[17.1327,47.9913],[17.0959,47.9713],[17.1009,47.9676],[17.1183,47.9613],[17.1112,47.9548],[17.1091,47.95],[17.1019,47.9425],[17.0922,47.9348],[17.114,47.9278],[17.104,47.9109],[17.0969,47.9047],[17.1054,47.8997],[17.0865,47.8749],[17.0817,47.8749],[17.0791,47.878],[17.05,47.8723],[17.0509,47.8705],[17.0413,47.8673],[17.019,47.8688],[17.0112,47.8588],[17.0528,47.8383],[17.0479,47.8333],[17.051,47.8317],[17.0482,47.8288],[17.0621,47.8232],[17.061,47.8205],[17.0757,47.8087],[17.0731,47.8086],[17.0548,47.798],[17.0522,47.7944],[17.0595,47.7866],[17.0621,47.7781],[17.0651,47.7782],[17.0683,47.7679],[17.0669,47.7667],[17.0697,47.7575],[17.071,47.7577],[17.072,47.7504],[17.0715,47.7286],[17.0755,47.7235],[17.0943,47.7087],[17.0417,47.7048],[16.9777,47.6949],[16.9138,47.6881],[16.8764,47.6888],[16.8729,47.6905],[16.8701,47.7218],[16.8681,47.7221],[16.8568,47.7115],[16.8403,47.705],[16.8296,47.6832],[16.7502,47.6819],[16.7227,47.723],[16.7222,47.7358],[16.6728,47.7409],[16.6594,47.7437],[16.6572,47.7421],[16.6409,47.7487],[16.6396,47.755],[16.6355,47.7595],[16.6267,47.7574],[16.6105,47.7608],[16.6,47.7566],[16.5937,47.7595],[16.5892,47.7559],[16.5677,47.752],[16.5492,47.752],[16.5488,47.7497],[16.5472,47.7498],[16.5495,47.7464],[16.5478,47.7457],[16.55,47.7436],[16.5388,47.7404],[16.54,47.7387],[16.5377,47.7371],[16.5534,47.723],[16.5458,47.7175],[16.5423,47.7126],[16.5287,47.7108],[16.5218,47.7127],[16.5181,47.7074],[16.5122,47.7074],[16.5055,47.704],[16.501,47.7052],[16.4949,47.6991],[16.4876,47.6979],[16.4855,47.6955],[16.4872,47.6932],[16.4858,47.6919],[16.4774,47.6908],[16.4759,47.6817],[16.4721,47.6828],[16.4675,47.6813],[16.4631,47.6831],[16.4611,47.6846],[16.4552,47.6973],[16.4485,47.6967],[16.4488,47.6921],[16.4437,47.6778],[16.4445,47.6745],[16.4227,47.6657],[16.4291,47.6612],[16.441,47.6571],[16.4526,47.6562],[16.4638,47.6517],[16.4812,47.6503],[16.4885,47.6422],[16.4938,47.6427],[16.4981,47.6398],[16.5036,47.6405],[16.5077,47.6388],[16.5156,47.6466],[16.5243,47.6416],[16.53,47.6419],[16.55,47.634],[16.5737,47.6203],[16.5945,47.6183],[16.631,47.6285],[16.6533,47.6233],[16.6607,47.6065],[16.6727,47.6067],[16.6743,47.6054],[16.6676,47.5967],[16.6763,47.5829],[16.6763,47.5792],[16.6725,47.5756],[16.6723,47.5717],[16.6643,47.5691],[16.6658,47.5667],[16.6694,47.565],[16.6733,47.5602],[16.6852,47.5617],[16.6901,47.5599],[16.6922,47.5583],[16.6912,47.556],[16.6994,47.5461],[16.7053,47.5462],[16.7071,47.5428],[16.7124,47.5435],[16.7157,47.5403],[16.7044,47.5336],[16.7067,47.5233],[16.6968,47.5186],[16.696,47.5157],[16.691,47.5108],[16.6701,47.504],[16.6637,47.5094],[16.6591,47.5069],[16.6535,47.5007],[16.6635,47.4837],[16.6694,47.4797],[16.6717,47.4747],[16.6636,47.4667],[16.663,47.4632],[16.6611,47.4622],[16.6632,47.4561],[16.6503,47.4517],[16.6528,47.4493],[16.6474,47.447],[16.6375,47.4462],[16.6287,47.4425],[16.6236,47.4367],[16.6216,47.4312],[16.6165,47.4328],[16.6136,47.4305],[16.613,47.432],[16.6078,47.4299],[16.6064,47.4281],[16.6075,47.4274],[16.6011,47.4259],[16.6008,47.4246],[16.5977,47.4242],[16.598,47.4231],[16.5891,47.4232],[16.5888,47.4218],[16.5925,47.4218],[16.5897,47.4212],[16.5901,47.4198],[16.5822,47.4197],[16.5804,47.4183],[16.5839,47.4172],[16.5834,47.4155],[16.5763,47.4128],[16.5786,47.4099],[16.5769,47.4068],[16.5607,47.4074],[16.5475,47.406],[16.5411,47.4105],[16.5367,47.4095],[16.5314,47.4106],[16.5281,47.409],[16.5262,47.4108],[16.5181,47.411],[16.5149,47.4056],[16.509,47.4054],[16.5116,47.4008],[16.5111,47.3969],[16.4977,47.3894],[16.4977,47.3967],[16.4951,47.3963],[16.4942,47.3945],[16.49,47.3949],[16.4888,47.398],[16.4908,47.4001],[16.485,47.3983],[16.4862,47.4027],[16.4919,47.4061],[16.4883,47.4066],[16.4889,47.4076],[16.4865,47.4093],[16.4757,47.4094],[16.4656,47.4132],[16.4593,47.4135],[16.4466,47.4076],[16.4472,47.4016],[16.4506,47.3951],[16.4566,47.3891],[16.4564,47.3874],[16.4625,47.3837],[16.4563,47.3841],[16.4526,47.3801],[16.4523,47.3781],[16.458,47.3714],[16.4578,47.3668],[16.4523,47.3615],[16.4535,47.3575],[16.4476,47.3579],[16.4385,47.3558],[16.4349,47.3532],[16.4457,47.3468],[16.4494,47.34],[16.4586,47.3396],[16.4657,47.3343],[16.4643,47.3314],[16.4697,47.3256],[16.4704,47.3191],[16.4759,47.3125],[16.4829,47.2981],[16.4831,47.2918],[16.4906,47.2807],[16.4848,47.2783],[16.4806,47.2784],[16.4785,47.2727],[16.4794,47.2635],[16.4811,47.263],[16.4683,47.2533],[16.4622,47.2564],[16.456,47.2541],[16.4477,47.2538],[16.4498,47.2509],[16.4329,47.2533],[16.4316,47.2507],[16.4429,47.249],[16.4439,47.2341],[16.4422,47.2334],[16.4424,47.2308],[16.4393,47.2303],[16.4378,47.223],[16.4405,47.2183],[16.4362,47.216],[16.4377,47.2103],[16.4296,47.2105],[16.4245,47.2081],[16.423,47.2083],[16.4221,47.2111],[16.4201,47.211],[16.418,47.2057],[16.4224,47.1977],[16.4206,47.1953],[16.4304,47.1851],[16.4424,47.1855],[16.4519,47.1887],[16.4561,47.1877],[16.4542,47.1866],[16.4585,47.1772],[16.4605,47.1769],[16.4655,47.1686],[16.4618,47.1672],[16.4635,47.1618],[16.4614,47.1614],[16.4618,47.1595],[16.4594,47.1576],[16.4543,47.1581],[16.4531,47.1538],[16.4502,47.1523],[16.451,47.1459],[16.4537,47.1456],[16.4554,47.1427],[16.4703,47.1432],[16.4916,47.1492],[16.5179,47.1497],[16.5238,47.1404],[16.5277,47.1373],[16.5299,47.1377],[16.5305,47.1276],[16.501,47.1238],[16.5019,47.1106],[16.484,47.1091],[16.4859,47.103],[16.4788,47.1018],[16.4759,47.1056],[16.4729,47.1024],[16.4738,47.1009],[16.4657,47.0993],[16.4675,47.0961],[16.4645,47.0953],[16.4676,47.0915],[16.4671,47.0897],[16.4696,47.0901],[16.4702,47.0881],[16.4759,47.0857],[16.4751,47.0821],[16.4732,47.0818],[16.472,47.0786],[16.474,47.0739],[16.4836,47.0754],[16.4839,47.0724],[16.4882,47.0693],[16.4969,47.0709],[16.5112,47.0666],[16.5216,47.0619],[16.5217,47.0566],[16.5078,47.0499],[16.5021,47.0511],[16.4989,47.0488],[16.477,47.0472],[16.4698,47.0436],[16.4624,47.0437],[16.4574,47.0406],[16.4458,47.039],[16.4413,47.0363],[16.4452,47.0348],[16.44,47.0301],[16.4489,47.023],[16.4648,47.0326],[16.4716,47.0284],[16.4762,47.0276],[16.4788,47.0217],[16.4833,47.023],[16.4848,47.0184],[16.4937,47.0105],[16.4977,47.0105],[16.5098,47.004],[16.5135,47.0039],[16.5135,47.0019],[16.511,47.0008],[16.5071,47.0019],[16.5068,47.0007],[16.5052,47.0021],[16.5026,46.9997],[16.4981,46.9986],[16.4903,47.0007],[16.49,46.9977],[16.4879,46.9961],[16.4803,46.9942],[16.475,46.9977],[16.4672,46.9987],[16.4648,46.9974],[16.4611,47.0021],[16.4575,47.0014],[16.4526,47.0046],[16.4472,47.0029],[16.4481,46.9997],[16.4466,46.9936],[16.4335,46.993],[16.421,46.9966],[16.4182,47.0017],[16.4137,47.0051],[16.3946,47.0037],[16.3842,46.9991],[16.3775,47.0005],[16.374,46.9988],[16.3684,47.0066],[16.3652,47.0077],[16.3607,47.0059],[16.351,47.0108],[16.345,47.0043],[16.3465,47.0025],[16.3439,46.9994],[16.3452,46.9984],[16.3445,46.997],[16.3429,46.9965],[16.3236,47.0029],[16.3045,46.9986],[16.2997,47.0017],[16.2997,47.0099],[16.2937,47.0143],[16.2912,47.0143],[16.2838,47.0046],[16.283,46.9997],[16.2846,46.9979],[16.2769,46.9845],[16.2786,46.9692],[16.2775,46.963],[16.2704,46.9616],[16.2642,46.964],[16.2564,46.9646],[16.2505,46.9617],[16.2439,46.9564],[16.2481,46.9494],[16.2461,46.9494],[16.2467,46.9471],[16.2387,46.9473],[16.235,46.9453],[16.2338,46.9423],[16.2295,46.9435],[16.2302,46.9417],[16.2252,46.9406],[16.2231,46.936],[16.2185,46.9365],[16.2187,46.9412],[16.217,46.9395],[16.2129,46.9406],[16.2111,46.9429],[16.2116,46.9408],[16.2088,46.9392],[16.207,46.9429],[16.201,46.9422],[16.1945,46.9361],[16.1888,46.9227],[16.1815,46.9128],[16.1803,46.907],[16.1751,46.9063],[16.1723,46.9038],[16.1641,46.9052],[16.1632,46.9026],[16.1601,46.9008],[16.1596,46.8976],[16.1544,46.8968],[16.1551,46.894],[16.1498,46.8934],[16.1495,46.8905],[16.1463,46.8864],[16.1398,46.8855],[16.134,46.876],[16.125,46.8722],[16.1198,46.8723],[16.1149,46.8694],[16.1114,46.8692],[16.1003,46.8607],[16.0971,46.8644],[16.093,46.8649],[16.0804,46.8531],[16.0725,46.8534],[16.0667,46.8502],[16.067,46.8464],[16.0595,46.839],[16.0557,46.8409],[16.0523,46.8376],[16.044,46.8411],[16.0421,46.8404],[16.041,46.8365],[16.0334,46.833],[16.0333,46.8352],[16.0349,46.8358],[16.0284,46.8415],[16.0194,46.8367],[16.0146,46.8362],[16.0087,46.831],[16.0026,46.8319],[15.9973,46.8358],[15.9921,46.8332],[15.9907,46.8298],[15.9864,46.8277],[15.989,46.82],[15.9923,46.8184],[15.9992,46.8098],[15.9934,46.8034],[15.9951,46.7938],[15.9898,46.7767],[15.9913,46.7729],[15.9893,46.7618],[15.9908,46.7581],[15.9858,46.7523],[15.9898,46.7447],[15.9892,46.7411],[15.9928,46.7378],[15.9943,46.7315],[16.0047,46.7233],[16.0028,46.7196],[16.0046,46.7175],[16.0155,46.7172],[16.0224,46.7112],[16.0309,46.7119],[16.0283,46.706],[16.0305,46.7044],[16.0299,46.7012],[16.0376,46.6955],[16.0436,46.6862],[16.0406,46.6766],[16.0401,46.6723],[16.0418,46.6689],[16.0391,46.6565],[16.0236,46.6626],[16.0119,46.6652],[16.008,46.669],[16.0046,46.6769],[15.9994,46.6809],[15.9847,46.6849],[15.948,46.6895],[15.9127,46.7104],[15.8939,46.7143],[15.8715,46.7214],[15.8407,46.7227],[15.8226,46.7204],[15.8017,46.7155],[15.7695,46.6994],[15.7548,46.6982],[15.7404,46.7003],[15.7226,46.6962],[15.6968,46.6992],[15.6773,46.7071],[15.651,46.7061],[15.6551,46.6998],[15.6547,46.6924],[15.6443,46.6905],[15.6422,46.6928],[15.6397,46.6918],[15.6332,46.6849],[15.635,46.6815],[15.631,46.6804],[15.6209,46.6802],[15.6142,46.6838],[15.6064,46.6815],[15.6049,46.6842],[15.606,46.687],[15.6096,46.688],[15.5961,46.6904],[15.5909,46.6864],[15.591,46.6836],[15.5873,46.6846],[15.5833,46.6823],[15.5786,46.6835],[15.5791,46.6813],[15.5691,46.6807],[15.5684,46.6757],[15.5639,46.6755],[15.5609,46.6739],[15.5602,46.6714],[15.5542,46.6729],[15.554,46.6715],[15.552,46.6729],[15.5482,46.6696],[15.5447,46.6696],[15.5478,46.6672],[15.547,46.6651],[15.549,46.6652],[15.5495,46.6592],[15.5545,46.6518],[15.5525,46.648],[15.5478,46.6491],[15.5449,46.6464],[15.5466,46.6428],[15.5521,46.6406],[15.5508,46.6388],[15.547,46.6374],[15.5466,46.6335],[15.5434,46.6303],[15.5417,46.6342],[15.5381,46.6343],[15.5212,46.6219],[15.5165,46.6237],[15.5128,46.6222],[15.5111,46.6205],[15.5128,46.6169],[15.5054,46.6163],[15.5033,46.6142],[15.5013,46.6151],[15.5006,46.6185],[15.4892,46.6211],[15.4847,46.6191],[15.4805,46.6141],[15.4757,46.6124],[15.4631,46.6156],[15.4646,46.6234],[15.4631,46.6263],[15.4606,46.6265],[15.456,46.6305],[15.4578,46.6393],[15.4506,46.6427],[15.4403,46.6402],[15.4346,46.6428],[15.4312,46.647],[15.4227,46.6476],[15.4243,46.653],[15.4214,46.6552],[15.4151,46.6559],[15.3953,46.6523],[15.3895,46.6533],[15.3844,46.6519],[15.3769,46.6522],[15.3733,46.6501],[15.3691,46.6516],[15.3567,46.6518],[15.3547,46.6553],[15.3486,46.654],[15.3452,46.6512],[15.3415,46.6514],[15.3387,46.6535],[15.329,46.6536],[15.3226,46.6484],[15.3204,46.6482],[15.3123,46.6525],[15.3021,46.6536],[15.295,46.6528],[15.2783,46.644],[15.2635,46.6451],[15.2369,46.6397],[15.2252,46.6438],[15.2191,46.6426],[15.1983,46.6461],[15.1929,46.649],[15.1903,46.6531],[15.1832,46.6565],[15.168,46.6544],[15.1655,46.6577],[15.1569,46.656],[15.1536,46.6586],[15.1463,46.6602],[15.1411,46.6567],[15.1388,46.6581],[15.1354,46.6572],[15.1321,46.651],[15.1295,46.6504],[15.1273,46.6512],[15.1274,46.6534],[15.1223,46.6549],[15.1225,46.6563],[15.1206,46.6543],[15.1196,46.6541],[15.1156,46.6563],[15.1171,46.6573],[15.1084,46.66],[15.1013,46.6564],[15.0998,46.6538],[15.0888,46.6523],[15.09,46.6518],[15.0833,46.6455],[15.0757,46.6501],[15.066,46.6524],[15.042,46.6521],[15.0349,46.6493],[15.0306,46.6453],[15.0171,46.6412],[15.0126,46.6351],[15.0088,46.6338],[14.9956,46.6216],[14.9953,46.6181],[14.9971,46.6162],[14.9959,46.6142],[14.9876,46.6088],[14.9879,46.6067],[14.9855,46.604],[14.9803,46.6018],[14.9756,46.6089],[14.9747,46.6176],[14.9717,46.6246],[14.968,46.6282],[14.9566,46.6331],[14.9427,46.6211],[14.9379,46.6205],[14.9321,46.6157],[14.9292,46.6195],[14.9238,46.6212],[14.9213,46.6166],[14.9235,46.6114],[14.9227,46.607],[14.9245,46.6051],[14.9205,46.6024],[14.9147,46.6067],[14.9144,46.6046],[14.9054,46.6052],[14.905,46.6075],[14.9011,46.6099],[14.9018,46.6124],[14.8974,46.6105],[14.8875,46.6131],[14.8806,46.6116],[14.8812,46.6102],[14.8796,46.6087],[14.8713,46.6076],[14.8674,46.6037],[14.8685,46.5998],[14.8657,46.5937],[14.8624,46.5943],[14.8574,46.5925],[14.8571,46.5871],[14.8529,46.581],[14.8454,46.578],[14.8411,46.5731],[14.8388,46.5684],[14.841,46.5663],[14.8372,46.5661],[14.8354,46.5636],[14.8384,46.5612],[14.8389,46.5584],[14.8355,46.5526],[14.8329,46.5515],[14.8331,46.5488],[14.8269,46.5484],[14.8264,46.5461],[14.8239,46.5463],[14.8239,46.5436],[14.8286,46.5426],[14.8327,46.5397],[14.8238,46.5359],[14.8235,46.5327],[14.8261,46.5302],[14.8229,46.5249],[14.8185,46.5223],[14.8202,46.5199],[14.819,46.5177],[14.8195,46.5097],[14.8069,46.5079],[14.7864,46.4998],[14.7818,46.5018],[14.7807,46.5008],[14.7777,46.505],[14.7609,46.5049],[14.7492,46.498],[14.746,46.5036],[14.7422,46.5056],[14.7385,46.5035],[14.736,46.4979],[14.7293,46.4907],[14.7286,46.4931],[14.7227,46.4986],[14.7156,46.5003],[14.7141,46.4953],[14.7115,46.493],[14.7126,46.4897],[14.7101,46.4812],[14.703,46.4808],[14.6984,46.4748],[14.702,46.472],[14.7032,46.4677],[14.7002,46.464],[14.6902,46.4648],[14.6841,46.4683],[14.6795,46.4631],[14.6765,46.4622],[14.6802,46.4582],[14.6756,46.451],[14.6675,46.4503],[14.6605,46.4448],[14.6532,46.4453],[14.6417,46.4434],[14.6323,46.4398],[14.6139,46.4401],[14.6083,46.4394],[14.6055,46.4373],[14.5968,46.4372],[14.5962,46.4336],[14.5873,46.4301],[14.5834,46.4185],[14.5841,46.4162],[14.5895,46.4147],[14.5902,46.4099],[14.5874,46.4046],[14.5884,46.3963],[14.587,46.3926],[14.5848,46.3887],[14.5795,46.3844],[14.5825,46.382],[14.579,46.3774],[14.567,46.3754],[14.566,46.3728],[14.5577,46.3768],[14.5576,46.3855],[14.5515,46.3964],[14.543,46.404],[14.5407,46.4119],[14.537,46.4146],[14.5329,46.415],[14.5229,46.4242],[14.5226,46.4276],[14.5064,46.4246],[14.504,46.4233],[14.5034,46.4207],[14.4984,46.4192],[14.493,46.4133],[14.4853,46.4158],[14.4802,46.4138],[14.4773,46.4202],[14.4676,46.4223],[14.4587,46.4214],[14.4435,46.4234],[14.443,46.4284],[14.436,46.4316],[14.431,46.4365],[14.4329,46.4397],[14.4395,46.4411],[14.4392,46.4433],[14.4355,46.4431],[14.4304,46.4474],[14.4243,46.4457],[14.4105,46.4467],[14.3972,46.4443],[14.3829,46.4395],[14.3692,46.4402],[14.3656,46.4386],[14.3449,46.4377],[14.3329,46.4323],[14.3118,46.4308],[14.3089,46.431],[14.3024,46.4387],[14.2832,46.4438]]],[[[10.4543,47.5562],[10.4506,47.556],[10.4456,47.5679],[10.4366,47.5683],[10.4335,47.5702],[10.4323,47.573],[10.4339,47.5734],[10.4294,47.5782],[10.4358,47.58],[10.4333,47.5822],[10.4374,47.5848],[10.4562,47.5833],[10.47,47.5877],[10.4727,47.5875],[10.473,47.5853],[10.4824,47.5851],[10.4794,47.5813],[10.4711,47.5803],[10.4735,47.5707],[10.4676,47.5684],[10.4543,47.5562]]]]}}]},
{"type":"FeatureCollection","name":"gadm41_BEL_0","crs":{"type":"name","properties":{"name":"urn:ogc:def:crs:OGC:1.3:CRS84"}},"features":[{"type":"Feature","properties":{"GID_0":"BEL","COUNTRY":"Belgium"},"geometry":{"type":"MultiPolygon","coordinates":[[[[5.4663,49.4989],[5.4634,49.509],[5.4472,49.5179],[5.464,49.5262],[5.4653,49.5363],[5.4414,49.5521],[5.4462,49.5534],[5.4539,49.566],[5.4393,49.5698],[5.429,49.5892],[5.431,49.5924],[5.3935,49.6171],[5.3469,49.6308],[5.3401,49.6181],[5.315,49.612],[5.3049,49.6301],[5.3206,49.6473],[5.3326,49.6535],[5.3192,49.6637],[5.2866,49.6818],[5.2812,49.6857],[5.2805,49.6891],[5.2684,49.696],[5.2462,49.6869],[5.2311,49.6904],[5.2156,49.6892],[5.2087,49.6944],[5.1997,49.6923],[5.1905,49.6945],[5.1662,49.6929],[5.1654,49.7094],[5.1609,49.7152],[5.1517,49.7177],[5.1436,49.7093],[5.1231,49.7173],[5.1249,49.7269],[5.0966,49.7598],[5.0897,49.7648],[5.069,49.7616],[5.0468,49.7701],[5.0149,49.7795],[5.0018,49.7937],[4.9915,49.8002],[4.9557,49.8005],[4.9467,49.7971],[4.943,49.7907],[4.9356,49.7913],[4.9314,49.7867],[4.9213,49.7885],[4.9062,49.7856],[4.8976,49.7889],[4.8873,49.788],[4.875,49.7932],[4.8617,49.7893],[4.8551,49.7946],[4.8736,49.819],[4.8674,49.8386],[4.8586,49.8426],[4.8551,49.849],[4.8515,49.8627],[4.8619,49.8698],[4.8829,49.8984],[4.8852,49.9122],[4.8787,49.9219],[4.8584,49.9337],[4.8452,49.9489],[4.7909,49.9584],[4.79,49.9689],[4.7956,49.9822],[4.806,49.9842],[4.8152,49.9925],[4.8206,50.0237],[4.8401,50.0403],[4.8372,50.0463],[4.8281,50.0499],[4.828,50.0569],[4.8192,50.0607],[4.8208,50.0653],[4.8392,50.0697],[4.8405,50.0828],[4.8453,50.0838],[4.8402,50.093],[4.8501,50.1002],[4.8598,50.0983],[4.8635,50.0917],[4.8682,50.09],[4.8724,50.0922],[4.8691,50.1198],[4.8778,50.1284],[4.8957,50.1363],[4.8954,50.1398],[4.8846,50.1412],[4.8749,50.1534],[4.8317,50.1551],[4.8228,50.1676],[4.8025,50.1511],[4.7797,50.1413],[4.7652,50.1374],[4.756,50.1216],[4.751,50.1213],[4.7513,50.1117],[4.7152,50.1],[4.7134,50.097],[4.7028,50.0957],[4.6819,50.0676],[4.6868,50.0577],[4.697,50.0593],[4.6964,50.0431],[4.6866,50.0278],[4.6885,50.0114],[4.6861,50.0049],[4.6946,49.9965],[4.668,49.9963],[4.6332,49.9875],[4.596,49.986],[4.576,49.9811],[4.5702,49.9736],[4.5615,49.9698],[4.5408,49.9682],[4.5242,49.9513],[4.5113,49.9468],[4.4798,49.9471],[4.4458,49.9372],[4.4192,49.9464],[4.3885,49.9489],[4.3808,49.9537],[4.3494,49.9522],[4.3352,49.9627],[4.3193,49.9644],[4.3106,49.9686],[4.2905,49.9642],[4.2582,49.964],[4.2331,49.9578],[4.1974,49.9545],[4.1954,49.9674],[4.1739,49.976],[4.1541,49.9751],[4.141,49.9788],[4.1563,49.9872],[4.1624,49.9966],[4.161,49.9998],[4.1472,50.004],[4.1354,50.0152],[4.1373,50.0218],[4.1608,50.0475],[4.1711,50.047],[4.1906,50.0494],[4.201,50.0569],[4.2243,50.0644],[4.2301,50.0698],[4.2275,50.0797],[4.2054,50.098],[4.2046,50.1045],[4.1977,50.1094],[4.2034,50.1153],[4.1952,50.1346],[4.1631,50.1351],[4.1461,50.129],[4.1269,50.1349],[4.1406,50.1537],[4.1532,50.1604],[4.1551,50.1671],[4.15,50.1766],[4.1566,50.1861],[4.1562,50.1928],[4.1605,50.1982],[4.1509,50.2134],[4.1659,50.2151],[4.1834,50.2321],[4.1991,50.2405],[4.2046,50.2406],[4.2208,50.2543],[4.206,50.2725],[4.1845,50.2752],[4.1796,50.2768],[4.17,50.2856],[4.1604,50.2859],[4.1521,50.277],[4.1668,50.2671],[4.1637,50.2573],[4.135,50.2591],[4.1384,50.2616],[4.1338,50.274],[4.124,50.2728],[4.1251,50.2895],[4.1184,50.3023],[4.1084,50.3039],[4.0993,50.3121],[4.0792,50.3097],[4.0771,50.3205],[4.0522,50.3387],[4.0376,50.3429],[4.0252,50.3579],[4.0137,50.3513],[3.9932,50.3477],[3.9869,50.3425],[3.9721,50.3465],[3.9674,50.3406],[3.9671,50.3475],[3.9618,50.3481],[3.9198,50.3322],[3.9009,50.3275],[3.8861,50.3271],[3.8889,50.3333],[3.8858,50.3395],[3.8707,50.3387],[3.8576,50.3479],[3.8401,50.3539],[3.825,50.3521],[3.8218,50.3459],[3.8117,50.3449],[3.8142,50.3513],[3.8057,50.3546],[3.7966,50.3514],[3.781,50.3533],[3.7655,50.3512],[3.7636,50.3481],[3.7428,50.3481],[3.7351,50.3393],[3.7345,50.3323],[3.7298,50.3269],[3.7317,50.3119],[3.7266,50.3108],[3.7144,50.3168],[3.7168,50.3079],[3.7104,50.3032],[3.6908,50.3182],[3.6849,50.3276],[3.6737,50.3349],[3.6758,50.3415],[3.6652,50.349],[3.6665,50.3623],[3.6578,50.3706],[3.673,50.3891],[3.6734,50.4096],[3.6688,50.4365],[3.6604,50.4445],[3.661,50.4576],[3.6539,50.4626],[3.6436,50.4632],[3.6294,50.4814],[3.6079,50.4965],[3.5833,50.491],[3.5686,50.5001],[3.5215,50.4946],[3.5023,50.488],[3.4989,50.4907],[3.4976,50.4977],[3.4989,50.5011],[3.5172,50.518],[3.5181,50.5215],[3.5158,50.5247],[3.5064,50.5283],[3.4749,50.5332],[3.47,50.5315],[3.4561,50.5208],[3.4501,50.5072],[3.4394,50.5072],[3.4356,50.5091],[3.4056,50.4988],[3.3901,50.4968],[3.3773,50.491],[3.3603,50.5037],[3.3289,50.5081],[3.3209,50.5173],[3.2865,50.5276],[3.2797,50.5399],[3.2816,50.5528],[3.276,50.5585],[3.2845,50.5619],[3.2781,50.5668],[3.2817,50.5763],[3.2762,50.5817],[3.2783,50.5942],[3.271,50.6055],[3.2695,50.612],[3.2561,50.622],[3.2587,50.6282],[3.2444,50.6409],[3.2488,50.6464],[3.2451,50.6514],[3.2421,50.6667],[3.2439,50.6698],[3.2618,50.676],[3.2537,50.6911],[3.2591,50.6918],[3.2599,50.6987],[3.2485,50.7095],[3.2109,50.7128],[3.1922,50.7249],[3.199,50.734],[3.1963,50.737],[3.1882,50.7402],[3.1843,50.749],[3.1616,50.7723],[3.1471,50.7899],[3.1258,50.7878],[3.1122,50.793],[3.1027,50.7809],[3.0902,50.7744],[3.0807,50.7729],[3.0587,50.7807],[3.0407,50.7756],[3.0353,50.7701],[3.0153,50.7736],[3.0099,50.7681],[2.9833,50.7572],[2.972,50.7503],[2.9571,50.7528],[2.9401,50.7454],[2.9377,50.7426],[2.9436,50.7338],[2.9303,50.7253],[2.9301,50.7117],[2.9223,50.7028],[2.9122,50.7035],[2.9099,50.6944],[2.9004,50.6933],[2.8843,50.7059],[2.8702,50.7029],[2.8486,50.7218],[2.8133,50.7169],[2.7912,50.7275],[2.782,50.7477],[2.7595,50.7625],[2.761,50.7693],[2.7543,50.7746],[2.7386,50.7806],[2.725,50.7957],[2.7236,50.8095],[2.7198,50.8121],[2.6821,50.8139],[2.6702,50.821],[2.6541,50.8133],[2.635,50.8128],[2.6248,50.8361],[2.617,50.8409],[2.6146,50.8477],[2.5991,50.8498],[2.5992,50.8533],[2.6114,50.8636],[2.6073,50.8726],[2.6089,50.8963],[2.6047,50.9064],[2.6067,50.9127],[2.5921,50.9159],[2.59,50.9191],[2.6301,50.9458],[2.6297,50.9493],[2.6065,50.9889],[2.5974,50.9925],[2.58,51.003],[2.5706,51.0445],[2.5554,51.0919],[2.5897,51.1035],[2.6436,51.126],[2.6975,51.1415],[2.7258,51.1543],[2.7414,51.1582],[2.7842,51.1751],[2.8958,51.2249],[2.9036,51.2271],[2.9153,51.2346],[2.9242,51.2379],[2.9325,51.2388],[3.0236,51.2751],[3.0281,51.2782],[3.0614,51.2918],[3.0642,51.2946],[3.0686,51.2954],[3.0769,51.3021],[3.1003,51.3076],[3.1008,51.3093],[3.1214,51.3154],[3.1814,51.3301],[3.1814,51.3329],[3.1747,51.3382],[3.1681,51.3518],[3.1697,51.3543],[3.1736,51.3549],[3.1825,51.3613],[3.1881,51.3601],[3.1819,51.3599],[3.1753,51.3551],[3.1775,51.3554],[3.1758,51.3529],[3.1831,51.3571],[3.1908,51.356],[3.1931,51.3543],[3.1842,51.3551],[3.1842,51.3532],[3.1742,51.3471],[3.1753,51.3446],[3.1803,51.3438],[3.1825,51.3462],[3.1892,51.3474],[3.1931,51.3504],[3.1947,51.3499],[3.1925,51.3474],[3.1958,51.3479],[3.1958,51.3493],[3.2031,51.3479],[3.2014,51.3457],[3.1964,51.3446],[3.1881,51.3396],[3.1908,51.3376],[3.1919,51.3407],[3.1958,51.3401],[3.1947,51.3382],[3.1958,51.3351],[3.1936,51.334],[3.1936,51.3318],[3.1908,51.3307],[3.1947,51.3299],[3.1992,51.3321],[3.1958,51.3332],[3.1992,51.3351],[3.1997,51.339],[3.2081,51.3368],[3.2025,51.3401],[3.2031,51.3418],[3.2142,51.3368],[3.2119,51.3415],[3.2147,51.3404],[3.2147,51.3421],[3.2164,51.3421],[3.2181,51.3398],[3.2225,51.341],[3.2231,51.344],[3.2186,51.3446],[3.2225,51.3449],[3.2242,51.3468],[3.2192,51.3515],[3.2158,51.3518],[3.2181,51.3532],[3.2169,51.3551],[3.2119,51.3543],[3.2114,51.3504],[3.2097,51.3521],[3.2108,51.3551],[3.2231,51.3587],[3.1981,51.3624],[3.1975,51.3635],[3.2242,51.3593],[3.2275,51.3504],[3.2258,51.3468],[3.2264,51.3424],[3.2269,51.3407],[3.2303,51.3401],[3.2414,51.3424],[3.2519,51.3424],[3.2592,51.3457],[3.2747,51.3482],[3.2869,51.3537],[3.3608,51.3676],[3.3728,51.3573],[3.372,51.349],[3.3826,51.3421],[3.3867,51.3361],[3.387,51.3306],[3.377,51.3247],[3.3718,51.316],[3.3768,51.2919],[3.3843,51.2885],[3.3826,51.2773],[3.3943,51.2746],[3.4062,51.2639],[3.4235,51.2609],[3.4301,51.2502],[3.4409,51.246],[3.4562,51.2448],[3.5057,51.2467],[3.525,51.2488],[3.514,51.2889],[3.5266,51.2917],[3.5387,51.2904],[3.5435,51.2932],[3.5524,51.292],[3.5559,51.2978],[3.561,51.2984],[3.5736,51.2925],[3.5792,51.2918],[3.5834,51.302],[3.5919,51.3076],[3.6432,51.2916],[3.6669,51.2929],[3.6939,51.2834],[3.7137,51.2745],[3.7259,51.2726],[3.7349,51.2741],[3.7554,51.2739],[3.762,51.2702],[3.7648,51.2651],[3.7708,51.2634],[3.778,51.2644],[3.7993,51.2576],[3.791,51.2462],[3.7895,51.2411],[3.7887,51.2152],[3.808,51.2049],[3.8763,51.2135],[3.8842,51.2011],[3.9021,51.1989],[3.9242,51.2105],[3.9625,51.216],[3.9997,51.2413],[4.057,51.248],[4.1044,51.2679],[4.1835,51.3055],[4.2177,51.3375],[4.2371,51.3513],[4.2306,51.3575],[4.2234,51.3592],[4.2222,51.3657],[4.216,51.3702],[4.2212,51.3761],[4.277,51.3769],[4.2807,51.3803],[4.3374,51.3813],[4.3464,51.3607],[4.3967,51.36],[4.4227,51.3678],[4.4275,51.3762],[4.4246,51.386],[4.3999,51.4036],[4.3923,51.4172],[4.3954,51.4484],[4.409,51.4588],[4.4428,51.4711],[4.4668,51.4765],[4.4786,51.481],[4.4933,51.4801],[4.5378,51.4848],[4.552,51.4721],[4.5304,51.4471],[4.5372,51.4236],[4.5909,51.4314],[4.6143,51.4277],[4.6326,51.4268],[4.6406,51.424],[4.6613,51.4247],[4.6628,51.4273],[4.6791,51.4254],[4.6774,51.438],[4.6788,51.4445],[4.7075,51.4558],[4.7121,51.4658],[4.7193,51.4675],[4.7236,51.4702],[4.7369,51.4866],[4.7521,51.4975],[4.7793,51.5038],[4.8049,51.4971],[4.8386,51.4798],[4.8399,51.4581],[4.8292,51.4396],[4.8349,51.4224],[4.8107,51.4255],[4.786,51.4319],[4.7733,51.4289],[4.7826,51.4154],[4.7975,51.4095],[4.8329,51.4093],[4.8847,51.4156],[4.9257,51.3986],[4.9361,51.3975],[4.945,51.4019],[4.971,51.42],[5.0066,51.4391],[5.017,51.4551],[5.0149,51.4642],[5.0179,51.4707],[5.0224,51.4757],[5.0372,51.4854],[5.051,51.4715],[5.0821,51.4669],[5.0948,51.4489],[5.0975,51.4285],[5.0766,51.4047],[5.0758,51.3951],[5.1224,51.3601],[5.1367,51.3155],[5.1775,51.3186],[5.1813,51.3206],[5.21,51.3235],[5.233,51.3131],[5.2457,51.3053],[5.2376,51.2879],[5.2284,51.2731],[5.2302,51.2671],[5.2405,51.2619],[5.2649,51.2669],[5.2794,51.2646],[5.3341,51.2638],[5.3576,51.2729],[5.4207,51.2611],[5.433,51.2713],[5.4416,51.2739],[5.4478,51.2788],[5.4807,51.288],[5.4895,51.2974],[5.4961,51.2977],[5.5129,51.293],[5.5515,51.2665],[5.5603,51.2288],[5.5769,51.2169],[5.6516,51.1999],[5.6554,51.1864],[5.7096,51.1813],[5.7227,51.182],[5.7492,51.19],[5.7631,51.1876],[5.7827,51.1813],[5.7817,51.1777],[5.7841,51.1746],[5.7806,51.1696],[5.7861,51.1655],[5.7827,51.1599],[5.8217,51.1626],[5.8228,51.1653],[5.828,51.1687],[5.8341,51.1685],[5.8433,51.154],[5.8588,51.146],[5.8436,51.135],[5.825,51.1293],[5.8171,51.1208],[5.8157,51.1149],[5.8193,51.1121],[5.8331,51.1092],[5.8364,51.1042],[5.8347,51.1004],[5.8229,51.0946],[5.8113,51.0959],[5.8032,51.0936],[5.8007,51.0891],[5.8061,51.0808],[5.7998,51.0728],[5.8019,51.0639],[5.7963,51.0621],[5.7827,51.0651],[5.7641,51.0375],[5.7636,51.0327],[5.7699,51.0298],[5.7745,51.0252],[5.7678,51.0139],[5.7673,51.0113],[5.7707,51.0112],[5.7631,50.9924],[5.7258,50.964],[5.725,50.96],[5.731,50.9564],[5.7377,50.9562],[5.7519,50.9594],[5.7572,50.9564],[5.7573,50.953],[5.7322,50.9245],[5.7284,50.9154],[5.7235,50.9091],[5.7072,50.9079],[5.7035,50.9061],[5.6877,50.8821],[5.682,50.8804],[5.6702,50.8803],[5.652,50.8725],[5.6479,50.8601],[5.6475,50.852],[5.6497,50.8369],[5.6525,50.8296],[5.6605,50.822],[5.6725,50.8196],[5.6919,50.8087],[5.7011,50.8054],[5.7052,50.7859],[5.6911,50.7611],[5.6954,50.7583],[5.7068,50.7628],[5.7324,50.7627],[5.7546,50.7785],[5.7614,50.7795],[5.7734,50.785],[5.7832,50.7799],[5.7907,50.7695],[5.7934,50.7698],[5.8134,50.7601],[5.8326,50.764],[5.8559,50.7612],[5.8812,50.7693],[5.9047,50.7552],[5.9596,50.7621],[5.9991,50.7564],[6.0116,50.7569],[6.0286,50.7252],[6.0284,50.7274],[6.0367,50.7235],[6.0365,50.7201],[6.039,50.7184],[6.0415,50.7187],[6.0446,50.7284],[6.0732,50.721],[6.0878,50.7214],[6.0916,50.7229],[6.0948,50.7202],[6.1003,50.7233],[6.1153,50.7221],[6.1192,50.7197],[6.1248,50.7111],[6.1232,50.7071],[6.133,50.699],[6.1333,50.6962],[6.1393,50.6936],[6.1406,50.6907],[6.1437,50.6889],[6.1424,50.6871],[6.1436,50.6817],[6.1482,50.6795],[6.1488,50.6778],[6.1567,50.6748],[6.1575,50.6729],[6.1624,50.6714],[6.1615,50.6697],[6.1648,50.6633],[6.1726,50.6568],[6.1695,50.6527],[6.1777,50.6483],[6.178,50.6447],[6.1666,50.6437],[6.1833,50.6323],[6.1802,50.6285],[6.1756,50.6273],[6.1761,50.6259],[6.1818,50.6238],[6.1888,50.6274],[6.1872,50.6301],[6.1895,50.6301],[6.1943,50.6339],[6.1996,50.6315],[6.2169,50.6322],[6.2355,50.6259],[6.2608,50.6286],[6.2667,50.6272],[6.2694,50.625],[6.2691,50.6192],[6.26,50.6098],[6.2477,50.6037],[6.2496,50.5982],[6.2451,50.593],[6.2417,50.5935],[6.2348,50.5888],[6.2252,50.5905],[6.2191,50.5814],[6.2063,50.5763],[6.2067,50.5747],[6.2037,50.5723],[6.2045,50.571],[6.2031,50.5693],[6.1919,50.5655],[6.1893,50.5661],[6.1891,50.5645],[6.1744,50.5575],[6.1784,50.554],[6.178,50.5416],[6.1886,50.5403],[6.1986,50.5352],[6.197,50.531],[6.1921,50.5309],[6.1872,50.5263],[6.1922,50.5211],[6.2053,50.521],[6.2081,50.5174],[6.2126,50.5156],[6.2091,50.5147],[6.2102,50.5131],[6.2132,50.513],[6.2168,50.5065],[6.2199,50.5053],[6.2226,50.5006],[6.22,50.4987],[6.2246,50.4949],[6.2266,50.4944],[6.2307,50.4975],[6.2414,50.499],[6.2517,50.5035],[6.2546,50.5014],[6.2546,50.4994],[6.2618,50.4988],[6.2699,50.5045],[6.2748,50.5023],[6.2815,50.5032],[6.285,50.499],[6.2975,50.4976],[6.3091,50.5014],[6.3229,50.4939],[6.3323,50.4923],[6.3348,50.489],[6.3513,50.4883],[6.3416,50.4835],[6.3411,50.4777],[6.3375,50.4747],[6.3382,50.4724],[6.3412,50.472],[6.3438,50.4688],[6.3402,50.4626],[6.3501,50.4569],[6.3567,50.4565],[6.3629,50.4539],[6.3718,50.4556],[6.3749,50.4512],[6.3776,50.4394],[6.376,50.4317],[6.3667,50.4192],[6.3699,50.4089],[6.3652,50.4014],[6.3576,50.3958],[6.3569,50.3911],[6.3466,50.3852],[6.3422,50.38],[6.3606,50.3715],[6.3694,50.3611],[6.3671,50.3588],[6.3681,50.3581],[6.3734,50.3582],[6.3763,50.3552],[6.3771,50.356],[6.381,50.3534],[6.3828,50.3542],[6.3861,50.3511],[6.3975,50.3462],[6.3992,50.3447],[6.4005,50.3381],[6.4079,50.3351],[6.405,50.3233],[6.3894,50.3211],[6.3826,50.322],[6.3809,50.3214],[6.3814,50.3193],[6.3759,50.3175],[6.3751,50.3138],[6.3705,50.3128],[6.3616,50.3147],[6.359,50.3135],[6.3583,50.3098],[6.3633,50.3054],[6.3513,50.3108],[6.3484,50.315],[6.3405,50.3158],[6.3439,50.3172],[6.3424,50.3174],[6.3429,50.3184],[6.3349,50.3164],[6.3357,50.3188],[6.333,50.3194],[6.3329,50.3208],[6.3343,50.3208],[6.3333,50.3232],[6.3273,50.3245],[6.318,50.3191],[6.3177,50.3212],[6.3128,50.3219],[6.3065,50.3201],[6.3055,50.3176],[6.3079,50.3159],[6.3068,50.3141],[6.3092,50.3117],[6.3066,50.3097],[6.3008,50.3104],[6.2961,50.309],[6.2959,50.3053],[6.2983,50.3041],[6.2981,50.3021],[6.2947,50.3013],[6.2957,50.2997],[6.2911,50.2977],[6.2927,50.2969],[6.2915,50.2956],[6.2859,50.2941],[6.2886,50.2905],[6.2869,50.2902],[6.2882,50.2888],[6.2852,50.2843],[6.2921,50.2788],[6.2779,50.2664],[6.2724,50.2677],[6.2666,50.2648],[6.2615,50.2651],[6.2587,50.2678],[6.2455,50.2619],[6.2361,50.2625],[6.2272,50.2587],[6.2236,50.2587],[6.2184,50.2544],[6.2173,50.2549],[6.2187,50.2563],[6.2158,50.257],[6.212,50.2529],[6.2089,50.2535],[6.2053,50.2512],[6.2067,50.2493],[6.2005,50.24],[6.1975,50.2381],[6.1932,50.2367],[6.1849,50.2377],[6.1757,50.2354],[6.1736,50.232],[6.1774,50.2287],[6.1771,50.2268],[6.1682,50.2246],[6.1664,50.22],[6.178,50.2165],[6.1831,50.2077],[6.1889,50.2053],[6.1854,50.2032],[6.1865,50.1956],[6.1839,50.1921],[6.1903,50.1876],[6.1858,50.184],[6.1928,50.1819],[6.1834,50.1782],[6.1801,50.1781],[6.178,50.1799],[6.1771,50.1788],[6.1653,50.1791],[6.1614,50.1776],[6.1603,50.1718],[6.156,50.1718],[6.1502,50.1775],[6.1462,50.1771],[6.1443,50.1735],[6.1476,50.1705],[6.1406,50.1696],[6.1397,50.1683],[6.1475,50.1606],[6.1434,50.1559],[6.1325,50.1555],[6.132,50.154],[6.1402,50.1498],[6.1406,50.148],[6.1485,50.1519],[6.1529,50.1501],[6.1547,50.1419],[6.147,50.1357],[6.1299,50.1338],[6.1164,50.1376],[6.1254,50.151],[6.1204,50.1632],[6.1016,50.1708],[6.0808,50.1724],[6.0775,50.1581],[6.0708,50.1564],[6.0482,50.1601],[6.0314,50.1656],[6.0249,50.1816],[5.9676,50.1708],[5.9541,50.1347],[5.9023,50.1098],[5.8994,50.1003],[5.8942,50.0944],[5.8898,50.0783],[5.8749,50.0739],[5.8639,50.0675],[5.8591,50.0617],[5.8617,50.0463],[5.8554,50.0304],[5.8458,50.0204],[5.828,50.0131],[5.8262,50.0067],[5.8277,49.9995],[5.8433,49.9871],[5.8434,49.9799],[5.8369,49.9755],[5.8167,49.9726],[5.8156,49.9648],[5.8109,49.9609],[5.7953,49.9642],[5.7915,49.9604],[5.781,49.9597],[5.7784,49.9505],[5.7793,49.9444],[5.7781,49.9384],[5.7725,49.9323],[5.7666,49.9199],[5.7599,49.9122],[5.7537,49.9113],[5.7441,49.9026],[5.7451,49.8984],[5.7861,49.8829],[5.7885,49.876],[5.782,49.8777],[5.7827,49.8764],[5.775,49.869],[5.7581,49.8695],[5.7596,49.8587],[5.7577,49.8557],[5.7501,49.855],[5.7533,49.8536],[5.7533,49.8457],[5.7506,49.8458],[5.7502,49.8407],[5.7461,49.8388],[5.7515,49.8241],[5.7478,49.8184],[5.7544,49.8131],[5.7571,49.8046],[5.7577,49.7964],[5.7825,49.7963],[5.7943,49.7892],[5.8273,49.7452],[5.8319,49.7258],[5.8485,49.7252],[5.8605,49.728],[5.8691,49.7272],[5.8769,49.7222],[5.8896,49.7101],[5.8741,49.6993],[5.8716,49.6909],[5.8723,49.6843],[5.879,49.6778],[5.9125,49.6662],[5.9069,49.6546],[5.9071,49.6395],[5.8843,49.6387],[5.8806,49.6326],[5.8816,49.6265],[5.8749,49.6202],[5.8705,49.6135],[5.8711,49.6059],[5.854,49.5976],[5.8521,49.5908],[5.8684,49.5863],[5.8742,49.5872],[5.8745,49.5768],[5.8505,49.5602],[5.8337,49.5512],[5.8281,49.5528],[5.8151,49.5452],[5.8129,49.548],[5.7931,49.552],[5.7727,49.5626],[5.7585,49.5591],[5.7572,49.5426],[5.7427,49.5393],[5.7301,49.5445],[5.7217,49.541],[5.7013,49.5395],[5.6891,49.5461],[5.6692,49.5485],[5.6608,49.5524],[5.6452,49.5497],[5.6329,49.5431],[5.6328,49.5396],[5.618,49.5303],[5.6211,49.5207],[5.611,49.5059],[5.6071,49.507],[5.5938,49.5214],[5.5692,49.5273],[5.554,49.5279],[5.5425,49.517],[5.5315,49.5125],[5.5007,49.5068],[5.4848,49.5067],[5.4709,49.4972],[5.4663,49.4989]]],[[[3.3681,51.3668],[3.3732,51.3645],[3.3742,51.3601],[3.3625,51.3682],[3.3681,51.3668]]],[[[4.9605,51.4472],[4.9532,51.4445],[4.9512,51.44],[4.9521,51.4312],[4.9452,51.4289],[4.929,51.4322],[4.9271,51.4379],[4.9279,51.4477],[4.9309,51.4501],[4.9374,51.4515],[4.9437,51.4504],[4.9631,51.4544],[4.9676,51.4485],[4.9605,51.4472]]]]}}]},
{"type":"FeatureCollection","name":"gadm41_BGR_0","crs":{"type":"name","properties":{"name":"urn:ogc:def:crs:OGC:1.3:CRS84"}},"features":[{"type":"Feature","properties":{"GID_0":"BGR","COUNTRY":"Bulgaria"},"geometry":{"type":"MultiPolygon","coordinates":[[[[25.1287,41.3224],[25.126,41.3246],[25.1257,41.3277],[25.122,41.3289],[25.1211,41.3314],[25.1238,41.336],[25.123,41.3398],[25.1033,41.3393],[25.0944,41.3317],[25.0901,41.331],[25.0864,41.3314],[25.087,41.3344],[25.0841,41.3361],[25.074,41.335],[25.0722,41.338],[25.0683,41.3386],[25.0656,41.3426],[25.0612,41.3447],[25.0581,41.3484],[25.0558,41.3564],[25.0488,41.3585],[25.0477,41.3614],[25.0431,41.361],[25.0336,41.3639],[25.0258,41.3615],[25.0194,41.3644],[25.0129,41.3644],[25.0094,41.3668],[24.9859,41.3706],[24.9811,41.3728],[24.9737,41.3737],[24.9685,41.372],[24.9572,41.379],[24.9528,41.3783],[24.9443,41.3835],[24.9386,41.3814],[24.9323,41.3822],[24.9302,41.3854],[24.9194,41.3926],[24.9157,41.3976],[24.9116,41.3985],[24.9093,41.4035],[24.8927,41.403],[24.887,41.4009],[24.8776,41.394],[24.8732,41.3869],[24.8671,41.3888],[24.8573,41.3863],[24.848,41.3906],[24.8468,41.3941],[24.8258,41.3933],[24.8191,41.3959],[24.8103,41.3956],[24.8098,41.391],[24.8125,41.3801],[24.8077,41.3754],[24.8058,41.3678],[24.803,41.3654],[24.8028,41.3608],[24.8044,41.3586],[24.802,41.3544],[24.8018,41.3488],[24.7989,41.346],[24.7893,41.3536],[24.7881,41.3569],[24.778,41.3587],[24.7647,41.3649],[24.7587,41.3701],[24.7601,41.3739],[24.7443,41.3779],[24.743,41.3799],[24.7442,41.3827],[24.7398,41.3854],[24.7409,41.3886],[24.7337,41.3944],[24.7347,41.3962],[24.7323,41.4023],[24.7342,41.4073],[24.7281,41.4132],[24.7238,41.4145],[24.72,41.4134],[24.7155,41.4167],[24.7073,41.4176],[24.6911,41.4152],[24.6867,41.4199],[24.6795,41.422],[24.6748,41.4193],[24.6679,41.4208],[24.66,41.4162],[24.6481,41.4183],[24.6444,41.4157],[24.6405,41.4187],[24.6451,41.4202],[24.6448,41.4255],[24.6525,41.429],[24.647,41.4321],[24.6368,41.4328],[24.6294,41.4302],[24.6139,41.433],[24.6045,41.4298],[24.5993,41.4319],[24.5943,41.4445],[24.5949,41.451],[24.5978,41.4531],[24.5941,41.4636],[24.5769,41.4673],[24.5753,41.4716],[24.5631,41.4738],[24.565,41.477],[24.5623,41.48],[24.5626,41.4886],[24.558,41.4929],[24.5587,41.4973],[24.5542,41.4998],[24.5587,41.5041],[24.5612,41.5094],[24.5608,41.5136],[24.5548,41.5201],[24.5574,41.5218],[24.5565,41.5247],[24.5532,41.5265],[24.5473,41.5346],[24.5514,41.5404],[24.5557,41.5425],[24.5553,41.5451],[24.5463,41.5519],[24.5379,41.5497],[24.5369,41.5509],[24.5392,41.5584],[24.5337,41.5602],[24.534,41.5628],[24.5237,41.5666],[24.5192,41.5652],[24.5082,41.5559],[24.4969,41.5571],[24.4918,41.5519],[24.4879,41.5554],[24.4812,41.5555],[24.4805,41.5525],[24.4743,41.5514],[24.4703,41.5489],[24.4702,41.5464],[24.4665,41.5437],[24.462,41.5435],[24.4595,41.5401],[24.454,41.5383],[24.4507,41.5341],[24.4519,41.5315],[24.4508,41.5251],[24.4474,41.5245],[24.4429,41.5204],[24.4392,41.5192],[24.435,41.5197],[24.4285,41.5258],[24.4212,41.5231],[24.4141,41.5261],[24.4041,41.5258],[24.4002,41.5283],[24.4001,41.5339],[24.3957,41.5362],[24.3915,41.5344],[24.3852,41.5352],[24.3812,41.5317],[24.3739,41.5325],[24.3675,41.5279],[24.3618,41.5211],[24.3576,41.5206],[24.3581,41.5173],[24.3561,41.5184],[24.3553,41.5214],[24.3472,41.5244],[24.3414,41.5236],[24.3416,41.5224],[24.3282,41.5251],[24.3212,41.5197],[24.3176,41.5204],[24.3087,41.5181],[24.3047,41.5138],[24.2975,41.5134],[24.2951,41.5112],[24.2918,41.5136],[24.2913,41.5169],[24.2891,41.5184],[24.2906,41.5228],[24.286,41.5237],[24.2867,41.5267],[24.2894,41.5279],[24.2935,41.5355],[24.289,41.5381],[24.2877,41.5422],[24.2781,41.5487],[24.2635,41.5537],[24.2618,41.5559],[24.2664,41.5635],[24.2633,41.5654],[24.2578,41.5651],[24.2533,41.5685],[24.2508,41.5655],[24.2456,41.5653],[24.244,41.5622],[24.2411,41.5629],[24.2367,41.5584],[24.2326,41.5578],[24.2318,41.5529],[24.2228,41.5465],[24.2157,41.5475],[24.2117,41.5501],[24.2069,41.5466],[24.205,41.5474],[24.2009,41.5444],[24.2023,41.5409],[24.1963,41.5388],[24.1933,41.5355],[24.1896,41.5354],[24.1875,41.5306],[24.1822,41.5293],[24.1858,41.522],[24.1832,41.5179],[24.1736,41.515],[24.1704,41.5162],[24.1733,41.5206],[24.1666,41.5227],[24.1642,41.526],[24.1598,41.5266],[24.1592,41.534],[24.1558,41.5355],[24.1485,41.5365],[24.1388,41.5325],[24.1322,41.5315],[24.1302,41.5384],[24.1247,41.5393],[24.1182,41.5373],[24.1112,41.5406],[24.1055,41.5409],[24.1028,41.5469],[24.0995,41.5487],[24.0762,41.5393],[24.0752,41.5355],[24.0727,41.5345],[24.0706,41.5248],[24.0606,41.5209],[24.0561,41.5153],[24.0573,41.5099],[24.056,41.5063],[24.0626,41.4966],[24.0604,41.4929],[24.0594,41.4861],[24.0566,41.4843],[24.0565,41.4822],[24.0638,41.4789],[24.0667,41.4651],[24.0654,41.4622],[24.0612,41.4623],[24.049,41.4583],[24.0398,41.4501],[24.0309,41.4492],[24.029,41.4543],[24.0204,41.4526],[24.0169,41.4534],[24.0142,41.4571],[24.0151,41.4622],[24.0122,41.4644],[24.0013,41.4538],[23.9962,41.4511],[23.9901,41.4522],[23.9874,41.4494],[23.987,41.4466],[23.9749,41.4417],[23.9729,41.438],[23.9675,41.4359],[23.9641,41.4366],[23.9507,41.4464],[23.9412,41.4466],[23.9396,41.4591],[23.9313,41.4609],[23.9297,41.4644],[23.9311,41.4678],[23.9157,41.4752],[23.9128,41.4785],[23.9072,41.475],[23.9063,41.4703],[23.9082,41.4665],[23.9062,41.4587],[23.902,41.4515],[23.8964,41.4507],[23.8864,41.4453],[23.8774,41.4485],[23.8649,41.4432],[23.8629,41.4443],[23.8535,41.4439],[23.8455,41.4353],[23.8393,41.4363],[23.8265,41.4324],[23.8181,41.4316],[23.8079,41.4317],[23.8042,41.4338],[23.7964,41.4322],[23.783,41.4201],[23.7814,41.4147],[23.7743,41.4116],[23.7579,41.395],[23.7518,41.3967],[23.7517,41.3993],[23.7474,41.4015],[23.7343,41.403],[23.7291,41.4059],[23.6876,41.4028],[23.6724,41.4082],[23.67,41.4066],[23.666,41.4086],[23.652,41.3988],[23.6419,41.3965],[23.6375,41.3936],[23.6357,41.3844],[23.6331,41.3805],[23.6241,41.3759],[23.6156,41.3777],[23.6111,41.376],[23.6044,41.3776],[23.6005,41.3764],[23.5937,41.3801],[23.5922,41.3796],[23.5798,41.3871],[23.571,41.3898],[23.5401,41.3864],[23.5334,41.3927],[23.5285,41.3943],[23.5264,41.398],[23.5272,41.4022],[23.5191,41.4051],[23.5094,41.4044],[23.4991,41.4009],[23.4906,41.4019],[23.4744,41.3982],[23.4537,41.4034],[23.4481,41.4027],[23.4288,41.4061],[23.4092,41.398],[23.4025,41.401],[23.3913,41.4009],[23.3855,41.3919],[23.3817,41.3924],[23.3777,41.3909],[23.3741,41.3889],[23.3731,41.3863],[23.3696,41.3852],[23.3689,41.383],[23.3518,41.3786],[23.3461,41.3723],[23.3364,41.3664],[23.3207,41.3982],[23.3113,41.3967],[23.3079,41.3995],[23.2981,41.3978],[23.2929,41.4004],[23.279,41.4003],[23.2738,41.3986],[23.2704,41.3993],[23.268,41.3967],[23.2663,41.397],[23.2649,41.3947],[23.2625,41.3947],[23.2586,41.3911],[23.2535,41.3894],[23.2531,41.3864],[23.2479,41.3841],[23.2472,41.3822],[23.2338,41.3806],[23.2316,41.3769],[23.2227,41.3764],[23.2232,41.3718],[23.2175,41.368],[23.2164,41.354],[23.218,41.3514],[23.2115,41.3417],[23.2115,41.3371],[23.2011,41.3303],[23.1935,41.3282],[23.1848,41.3228],[23.1749,41.323],[23.1665,41.3191],[23.1599,41.3216],[23.1469,41.3227],[23.132,41.3203],[23.1025,41.3209],[23.0931,41.3174],[23.0845,41.3177],[23.0598,41.321],[23.0379,41.3293],[23.0137,41.3343],[23.0064,41.3307],[23.0,41.3305],[22.981,41.332],[22.9668,41.336],[22.9594,41.3333],[22.9436,41.3347],[22.9356,41.3369],[22.932,41.3491],[22.9336,41.3507],[22.9452,41.351],[22.9469,41.3535],[22.9455,41.3614],[22.9394,41.374],[22.9394,41.3817],[22.9412,41.3867],[22.9332,41.3964],[22.9332,41.3987],[22.926,41.4019],[22.925,41.4087],[22.9341,41.4202],[22.9402,41.4206],[22.9472,41.4308],[22.952,41.4351],[22.9526,41.438],[22.9479,41.4442],[22.9378,41.4517],[22.9362,41.4558],[22.9399,41.4645],[22.9335,41.4667],[22.9327,41.4803],[22.9298,41.4836],[22.9342,41.4899],[22.9431,41.4951],[22.9451,41.5081],[22.9364,41.5151],[22.9316,41.5247],[22.9334,41.5327],[22.944,41.5348],[22.943,41.5456],[22.9471,41.5515],[22.9466,41.555],[22.943,41.5561],[22.9405,41.5597],[22.939,41.567],[22.9401,41.5691],[22.9353,41.5729],[22.9346,41.5758],[22.9271,41.5761],[22.9249,41.5802],[22.9237,41.5896],[22.9261,41.5941],[22.9253,41.6008],[22.9275,41.6034],[22.9287,41.61],[22.9267,41.6132],[22.9272,41.6184],[22.9227,41.6233],[22.9254,41.6268],[22.926,41.6327],[22.9322,41.6354],[22.9338,41.6391],[22.9346,41.6381],[22.9411,41.64],[22.9575,41.6403],[22.9581,41.6451],[22.9558,41.6468],[22.9555,41.6495],[22.9591,41.6509],[22.9615,41.6561],[22.9637,41.6568],[22.9635,41.659],[22.9676,41.6664],[22.9774,41.6755],[22.9807,41.6761],[22.9815,41.6796],[22.9948,41.6978],[22.999,41.6978],[23.0013,41.7023],[23.0061,41.7051],[23.0032,41.7127],[23.0057,41.7182],[23.0033,41.7214],[23.0033,41.725],[22.9968,41.7335],[22.994,41.7423],[22.9885,41.744],[22.9889,41.7509],[22.9842,41.755],[22.9815,41.7619],[22.9734,41.7618],[22.9689,41.7574],[22.9657,41.7614],[22.962,41.7567],[22.9569,41.7561],[22.9559,41.7531],[22.9502,41.7556],[22.9486,41.7582],[22.9506,41.7616],[22.9458,41.7744],[22.9433,41.7741],[22.938,41.7785],[22.9342,41.7863],[22.9286,41.7896],[22.9251,41.7978],[22.9207,41.8014],[22.9192,41.8174],[22.9115,41.8294],[22.9122,41.8345],[22.9068,41.8371],[22.905,41.8431],[22.9013,41.8471],[22.9018,41.8501],[22.8884,41.8637],[22.883,41.8645],[22.8803,41.8624],[22.8753,41.8635],[22.8719,41.8744],[22.8742,41.8785],[22.8701,41.8817],[22.8696,41.8852],[22.8719,41.8903],[22.8665,41.8968],[22.8667,41.9017],[22.864,41.9061],[22.8561,41.9083],[22.8528,41.9121],[22.851,41.9192],[22.847,41.9227],[22.8509,41.9292],[22.8474,41.9313],[22.8492,41.9341],[22.8465,41.9412],[22.8503,41.9616],[22.8464,41.9641],[22.8472,41.9757],[22.8459,41.9775],[22.8472,41.9825],[22.832,41.9893],[22.8384,41.9969],[22.8395,42.0013],[22.8379,42.0065],[22.8305,42.0062],[22.8258,42.0094],[22.8156,42.005],[22.8003,42.0064],[22.7909,42.013],[22.7756,42.0315],[22.7739,42.0264],[22.7697,42.0229],[22.7583,42.0216],[22.7428,42.0278],[22.7338,42.029],[22.7309,42.0316],[22.7208,42.0302],[22.7138,42.0337],[22.7094,42.0404],[22.7091,42.0435],[22.7058,42.044],[22.6995,42.0489],[22.7006,42.0549],[22.6962,42.0525],[22.6795,42.0493],[22.6574,42.0507],[22.6505,42.0567],[22.6456,42.057],[22.6311,42.0637],[22.631,42.0671],[22.6277,42.0678],[22.6246,42.0717],[22.6151,42.0765],[22.611,42.0808],[22.5981,42.0844],[22.5923,42.0823],[22.5864,42.0857],[22.5806,42.0861],[22.5707,42.0981],[22.5646,42.0973],[22.5576,42.1003],[22.5455,42.1076],[22.5427,42.1131],[22.5345,42.1179],[22.5291,42.1236],[22.5097,42.1298],[22.5055,42.1366],[22.4938,42.1431],[22.4928,42.1456],[22.498,42.1478],[22.4871,42.159],[22.4857,42.168],[22.4823,42.1738],[22.4819,42.1767],[22.4841,42.1799],[22.4817,42.1844],[22.4662,42.1909],[22.4512,42.1916],[22.4518,42.1937],[22.4494,42.2004],[22.4417,42.2083],[22.4418,42.2116],[22.4395,42.2125],[22.4377,42.2187],[22.4306,42.2267],[22.4322,42.2322],[22.4217,42.2382],[22.4217,42.243],[22.4181,42.2461],[22.4176,42.2485],[22.408,42.247],[22.4074,42.255],[22.4038,42.2548],[22.3985,42.2582],[22.397,42.2618],[22.389,42.2687],[22.3838,42.2755],[22.3861,42.2816],[22.3735,42.2866],[22.3725,42.2913],[22.3648,42.3004],[22.3534,42.3005],[22.3457,42.3049],[22.3516,42.3134],[22.3513,42.3164],[22.3554,42.3141],[22.3622,42.3161],[22.3719,42.3158],[22.3746,42.3181],[22.3846,42.3192],[22.3886,42.3253],[22.3934,42.3252],[22.3999,42.3222],[22.4083,42.3268],[22.4165,42.3161],[22.4247,42.3219],[22.4365,42.325],[22.4464,42.3385],[22.4443,42.3416],[22.4433,42.3565],[22.4507,42.3643],[22.4521,42.37],[22.4578,42.3722],[22.4627,42.3762],[22.4642,42.3814],[22.4601,42.3886],[22.4652,42.388],[22.4779,42.3909],[22.4927,42.3885],[22.503,42.3903],[22.5055,42.4038],[22.5154,42.4114],[22.5171,42.4158],[22.5143,42.4223],[22.5176,42.4278],[22.5199,42.4473],[22.5383,42.4663],[22.5313,42.4733],[22.5311,42.4799],[22.5337,42.4854],[22.5261,42.493],[22.5124,42.4999],[22.5022,42.5084],[22.4945,42.5108],[22.4883,42.518],[22.4785,42.5238],[22.4682,42.5351],[22.4602,42.5385],[22.4465,42.5522],[22.4292,42.56],[22.4165,42.5606],[22.419,42.5819],[22.4279,42.5867],[22.4271,42.5886],[22.43,42.602],[22.4364,42.6092],[22.4386,42.6143],[22.4368,42.6194],[22.4436,42.6192],[22.4467,42.627],[22.4334,42.6344],[22.4396,42.6351],[22.4406,42.6384],[22.4385,42.6418],[22.4463,42.6452],[22.4526,42.6519],[22.4562,42.6603],[22.4508,42.6661],[22.4412,42.6691],[22.439,42.6747],[22.4488,42.676],[22.4541,42.6803],[22.4524,42.684],[22.4552,42.6876],[22.4567,42.6937],[22.4644,42.6981],[22.4684,42.7048],[22.4783,42.7054],[22.4777,42.7149],[22.4836,42.7215],[22.4825,42.7248],[22.4789,42.7277],[22.4675,42.7325],[22.4635,42.7366],[22.4626,42.7404],[22.457,42.7467],[22.4578,42.7494],[22.4512,42.7527],[22.4424,42.7607],[22.4425,42.7641],[22.4385,42.7741],[22.4328,42.7777],[22.4313,42.7817],[22.4237,42.7856],[22.4227,42.8036],[22.4314,42.8056],[22.4493,42.8137],[22.4527,42.8111],[22.4585,42.8118],[22.4809,42.8286],[22.4923,42.8306],[22.504,42.8392],[22.503,42.847],[22.5062,42.8537],[22.5128,42.8608],[22.5226,42.8667],[22.5239,42.8664],[22.5231,42.8617],[22.5245,42.8592],[22.5339,42.854],[22.5486,42.8498],[22.5589,42.8427],[22.5568,42.855],[22.569,42.8715],[22.5761,42.871],[22.5824,42.8743],[22.5879,42.8707],[22.6012,42.8756],[22.6049,42.8749],[22.6162,42.8621],[22.6199,42.8599],[22.639,42.8624],[22.6432,42.8616],[22.6563,42.8542],[22.6586,42.8482],[22.6627,42.8448],[22.6668,42.848],[22.6668,42.8525],[22.6778,42.8579],[22.6828,42.8667],[22.6856,42.8681],[22.6881,42.8682],[22.6966,42.8613],[22.7033,42.8658],[22.7189,42.8666],[22.7333,42.8728],[22.7382,42.8796],[22.7431,42.8824],[22.7478,42.8933],[22.7593,42.9023],[22.7622,42.9093],[22.7619,42.9126],[22.7542,42.9252],[22.7606,42.9292],[22.7649,42.9282],[22.7678,42.9297],[22.7674,42.9349],[22.7699,42.9387],[22.7702,42.962],[22.8227,42.9809],[22.8265,42.99],[22.8391,43.0067],[22.8747,43.0246],[22.8757,43.0354],[22.8847,43.0427],[22.8938,43.0675],[22.9075,43.0767],[22.9263,43.0811],[22.9293,43.0845],[22.9574,43.1017],[22.9589,43.1121],[22.9644,43.1185],[22.9688,43.1271],[22.9693,43.1306],[22.9672,43.14],[22.9701,43.1464],[22.9683,43.1523],[22.9597,43.1568],[22.9789,43.178],[22.9789,43.1804],[22.978,43.1831],[22.9689,43.186],[22.9593,43.1923],[22.954,43.1923],[22.9487,43.1949],[22.9338,43.1975],[22.9146,43.1926],[22.9092,43.1982],[22.9035,43.2006],[22.894,43.2089],[22.8828,43.2106],[22.8739,43.2142],[22.8707,43.2207],[22.8625,43.226],[22.8578,43.2332],[22.8463,43.2442],[22.8453,43.2572],[22.8387,43.2627],[22.8251,43.2654],[22.8195,43.2755],[22.8219,43.286],[22.8077,43.2987],[22.8035,43.3198],[22.7876,43.3273],[22.7761,43.3292],[22.7657,43.3357],[22.7551,43.3473],[22.7379,43.3562],[22.7358,43.3609],[22.7346,43.3708],[22.7196,43.3757],[22.7122,43.3813],[22.7008,43.3831],[22.6885,43.3899],[22.669,43.3871],[22.6635,43.3885],[22.6515,43.3871],[22.6465,43.3885],[22.6379,43.3963],[22.6376,43.4047],[22.6319,43.4129],[22.6301,43.4201],[22.6114,43.427],[22.6032,43.4215],[22.5981,43.4206],[22.5722,43.4273],[22.5659,43.4322],[22.5651,43.4394],[22.5622,43.4447],[22.5521,43.4551],[22.5396,43.4551],[22.5314,43.4529],[22.5124,43.462],[22.5112,43.4691],[22.5039,43.4767],[22.5025,43.4879],[22.4953,43.4933],[22.4924,43.497],[22.4925,43.5009],[22.4851,43.5077],[22.4842,43.5136],[22.4808,43.5203],[22.4822,43.5317],[22.4749,43.5413],[22.4733,43.5457],[22.47,43.5478],[22.4693,43.5602],[22.477,43.5745],[22.4764,43.5766],[22.4704,43.5803],[22.4683,43.5844],[22.4752,43.5945],[22.4724,43.5998],[22.4703,43.6099],[22.4634,43.6174],[22.4738,43.6272],[22.4743,43.6322],[22.4724,43.6352],[22.4674,43.6382],[22.4665,43.6436],[22.4626,43.6482],[22.4418,43.6517],[22.4338,43.6556],[22.4281,43.6591],[22.4224,43.6657],[22.4057,43.6713],[22.4027,43.6737],[22.4023,43.6767],[22.3907,43.6867],[22.3908,43.6954],[22.3876,43.7015],[22.3879,43.7067],[22.3859,43.713],[22.3797,43.7191],[22.3842,43.7266],[22.383,43.7405],[22.3872,43.7465],[22.3795,43.7466],[22.368,43.7549],[22.356,43.7714],[22.3523,43.7798],[22.3489,43.7824],[22.3474,43.7887],[22.3438,43.793],[22.3463,43.7984],[22.347,43.8055],[22.3556,43.8108],[22.3597,43.8203],[22.3667,43.8303],[22.3664,43.8337],[22.3762,43.8651],[22.3789,43.8861],[22.3828,43.894],[22.381,43.8993],[22.3823,43.9027],[22.3787,43.9084],[22.3783,43.912],[22.3832,43.9169],[22.3988,43.9258],[22.3973,43.9354],[22.4026,43.9418],[22.4031,43.9493],[22.406,43.9591],[22.4044,43.9625],[22.4056,43.9678],[22.4026,43.9695],[22.4038,43.9729],[22.4025,43.9751],[22.4107,43.9809],[22.405,43.9857],[22.4071,43.9877],[22.4044,43.9943],[22.4186,43.9957],[22.4375,44.0006],[22.4388,44.0066],[22.4415,44.007],[22.4637,44.0055],[22.4777,44.0109],[22.4952,44.0071],[22.5162,44.0095],[22.5197,44.0105],[22.5213,44.0149],[22.528,44.0157],[22.5296,44.0211],[22.5327,44.0239],[22.5269,44.0283],[22.5312,44.0322],[22.5298,44.034],[22.5199,44.0383],[22.5228,44.0415],[22.5452,44.0445],[22.5513,44.0487],[22.5736,44.046],[22.5765,44.0543],[22.6177,44.0572],[22.6166,44.0632],[22.6223,44.0672],[22.6155,44.0698],[22.6136,44.0731],[22.6174,44.0751],[22.6188,44.0779],[22.6202,44.0922],[22.6133,44.0966],[22.6116,44.1002],[22.6122,44.1047],[22.6225,44.1333],[22.6281,44.142],[22.634,44.1438],[22.6335,44.1476],[22.6367,44.1545],[22.6315,44.1551],[22.6307,44.1594],[22.6245,44.158],[22.6215,44.1623],[22.6252,44.1631],[22.6259,44.1676],[22.6291,44.1704],[22.6322,44.1705],[22.6352,44.1674],[22.6385,44.1691],[22.6386,44.1717],[22.6462,44.1724],[22.6474,44.1759],[22.6406,44.1813],[22.6449,44.1823],[22.6496,44.1796],[22.6558,44.1839],[22.6556,44.1863],[22.6508,44.1872],[22.6497,44.1888],[22.6519,44.1908],[22.6555,44.1912],[22.66,44.1968],[22.6631,44.203],[22.66,44.2063],[22.6605,44.2078],[22.6625,44.2081],[22.6674,44.2057],[22.6685,44.2036],[22.6705,44.2038],[22.6726,44.205],[22.6731,44.208],[22.6809,44.2127],[22.6844,44.2078],[22.6858,44.2078],[22.6851,44.2099],[22.696,44.2048],[22.7321,44.2021],[22.751,44.1982],[22.7837,44.1722],[22.8022,44.1608],[22.8147,44.1542],[22.8422,44.1468],[22.8725,44.1335],[22.9005,44.115],[22.927,44.1025],[22.9375,44.1001],[22.9931,44.0981],[23.0147,44.094],[23.0259,44.0897],[23.0388,44.0799],[23.042,44.0758],[23.0474,44.0641],[23.0472,44.0582],[23.0342,44.038],[23.0154,44.0209],[23.0181,44.019],[23.0116,44.0138],[22.9801,44.0067],[22.9723,44.0061],[22.9713,44.0089],[22.9304,44.0016],[22.9112,43.9948],[22.8949,43.991],[22.8933,43.9921],[22.8803,43.9819],[22.882,43.981],[22.879,43.9775],[22.8748,43.9664],[22.8698,43.948],[22.8618,43.9341],[22.8651,43.9332],[22.8636,43.9242],[22.8525,43.9092],[22.8493,43.9095],[22.8492,43.9046],[22.8398,43.887],[22.8404,43.875],[22.8434,43.8731],[22.8458,43.8647],[22.8442,43.8641],[22.8545,43.8508],[22.868,43.8387],[22.9023,43.8275],[22.9355,43.8239],[22.9451,43.8211],[22.95,43.8191],[22.9485,43.8175],[22.9543,43.8135],[22.9555,43.8148],[22.986,43.8076],[22.9871,43.8099],[23.036,43.8031],[23.0355,43.8012],[23.0453,43.7985],[23.0446,43.7966],[23.0698,43.797],[23.0767,43.7977],[23.0768,43.7993],[23.1323,43.8057],[23.2144,43.8333],[23.2305,43.8377],[23.2405,43.8375],[23.2693,43.8471],[23.3274,43.8503],[23.375,43.8479],[23.3892,43.8508],[23.4167,43.8531],[23.4377,43.8504],[23.4658,43.8404],[23.509,43.8342],[23.5219,43.8285],[23.5271,43.8249],[23.5253,43.8235],[23.5453,43.8122],[23.571,43.8038],[23.5694,43.8011],[23.5939,43.7956],[23.5951,43.7976],[23.6138,43.7919],[23.6329,43.7917],[23.6776,43.8021],[23.7023,43.8044],[23.757,43.8004],[23.7552,43.7982],[23.7667,43.7862],[23.7832,43.78],[23.811,43.7743],[23.8119,43.7759],[23.8337,43.7678],[23.8326,43.7662],[23.8649,43.7554],[23.9279,43.7454],[23.9683,43.7449],[23.9902,43.7399],[24.0212,43.7295],[24.0623,43.7192],[24.0711,43.7153],[24.0749,43.7127],[24.0736,43.7113],[24.0879,43.7025],[24.1251,43.6976],[24.143,43.6931],[24.1602,43.6859],[24.1749,43.6829],[24.188,43.6827],[24.2004,43.6849],[24.2204,43.6859],[24.2402,43.6905],[24.257,43.6917],[24.3123,43.7007],[24.3501,43.6977],[24.3831,43.7131],[24.3808,43.7161],[24.3844,43.7199],[24.396,43.7255],[24.4002,43.7306],[24.4101,43.7372],[24.4441,43.7447],[24.4459,43.7449],[24.4476,43.7423],[24.4998,43.7619],[24.5144,43.7652],[24.5142,43.7628],[24.5257,43.7603],[24.5794,43.7539],[24.6246,43.7427],[24.6422,43.7344],[24.6546,43.7258],[24.6707,43.7177],[24.6694,43.7165],[24.6803,43.7083],[24.7063,43.6941],[24.722,43.6884],[24.7359,43.6854],[24.754,43.6874],[24.7811,43.6983],[24.8007,43.7082],[24.8,43.7096],[24.8173,43.7127],[24.8378,43.7129],[24.8573,43.7071],[24.8653,43.7062],[24.8806,43.7071],[24.9196,43.7156],[24.9344,43.7163],[24.9346,43.7236],[24.949,43.7296],[25.0,43.7276],[25.0092,43.7249],[25.0183,43.7152],[25.017,43.7141],[25.038,43.7037],[25.0487,43.6949],[25.0598,43.6914],[25.1128,43.6842],[25.1341,43.6905],[25.1441,43.695],[25.1452,43.693],[25.1688,43.6978],[25.1688,43.7001],[25.2284,43.6874],[25.2481,43.6847],[25.2694,43.6745],[25.2735,43.6697],[25.2898,43.6574],[25.2893,43.6563],[25.3239,43.6441],[25.3471,43.6292],[25.3683,43.6222],[25.3747,43.6226],[25.3916,43.6193],[25.4525,43.6288],[25.452,43.6308],[25.4782,43.6408],[25.5098,43.6472],[25.5109,43.6452],[25.5154,43.6467],[25.516,43.6454],[25.5462,43.6433],[25.5466,43.6447],[25.5648,43.6452],[25.5725,43.6474],[25.6115,43.6675],[25.6427,43.6769],[25.6421,43.6778],[25.6503,43.6828],[25.6667,43.6901],[25.6813,43.6919],[25.7196,43.6919],[25.7205,43.6903],[25.7274,43.6914],[25.7433,43.6952],[25.7815,43.7106],[25.794,43.7207],[25.8028,43.7369],[25.8131,43.7461],[25.8231,43.752],[25.8253,43.7501],[25.8474,43.7567],[25.8565,43.7611],[25.8858,43.7838],[25.8828,43.7865],[25.8887,43.7954],[25.9094,43.8132],[25.912,43.8119],[25.9201,43.8287],[25.9414,43.8521],[25.9427,43.8514],[25.9614,43.8639],[25.9781,43.8703],[25.9853,43.8763],[26.0012,43.8856],[26.0028,43.8839],[26.0144,43.89],[26.0443,43.9013],[26.055,43.9101],[26.062,43.9194],[26.061,43.9201],[26.0685,43.926],[26.0735,43.933],[26.0966,43.9516],[26.0943,43.953],[26.1132,43.9725],[26.1361,43.9815],[26.1595,43.9857],[26.1812,43.9853],[26.1816,43.9835],[26.1933,43.9835],[26.2287,43.9941],[26.2451,44.0007],[26.2541,44.002],[26.2818,44.0105],[26.2812,44.0118],[26.3063,44.0269],[26.3078,44.0254],[26.375,44.0428],[26.3815,44.0432],[26.4011,44.0405],[26.4079,44.0377],[26.436,44.0356],[26.4361,44.0334],[26.4566,44.0355],[26.4601,44.0364],[26.4592,44.0388],[26.5036,44.047],[26.5298,44.0539],[26.5719,44.0543],[26.5943,44.0503],[26.6165,44.0565],[26.6653,44.0631],[26.6643,44.0651],[26.6918,44.0747],[26.7096,44.0765],[26.7252,44.0748],[26.7252,44.073],[26.7643,44.0782],[26.7794,44.0827],[26.8278,44.1037],[26.8424,44.1117],[26.8837,44.1233],[26.8829,44.1245],[26.9082,44.1336],[26.9248,44.1323],[26.9634,44.1365],[26.996,44.1342],[27.0238,44.1424],[27.0434,44.1449],[27.0496,44.1443],[27.0489,44.1418],[27.0509,44.1405],[27.0625,44.1359],[27.0819,44.1333],[27.0915,44.1334],[27.1037,44.1371],[27.1239,44.1404],[27.1402,44.1404],[27.1705,44.1304],[27.1867,44.1208],[27.2188,44.117],[27.2416,44.1178],[27.2542,44.1205],[27.261,44.1254],[27.2735,44.1264],[27.2795,44.1227],[27.2772,44.1194],[27.2781,44.1155],[27.2856,44.1101],[27.2778,44.1057],[27.2784,44.0995],[27.2813,44.0939],[27.2921,44.0833],[27.2927,44.0755],[27.3576,44.059],[27.3723,44.0392],[27.4009,44.0126],[27.4702,44.0228],[27.6134,44.0125],[27.645,44.0482],[27.6751,44.0301],[27.7115,43.9597],[27.7336,43.9542],[27.7393,43.9538],[27.7557,43.9586],[27.845,43.9667],[27.9183,44.0085],[27.9457,43.9851],[27.9555,43.9404],[27.9777,43.9012],[27.9957,43.8432],[28.0173,43.8372],[28.1292,43.7937],[28.1333,43.7924],[28.1344,43.7936],[28.1752,43.782],[28.1914,43.7806],[28.227,43.7702],[28.3501,43.7555],[28.3787,43.7498],[28.3802,43.7467],[28.4371,43.7359],[28.4359,43.7387],[28.47,43.7356],[28.5034,43.7385],[28.5799,43.7404],[28.5788,43.7346],[28.5749,43.7326],[28.5726,43.7243],[28.5757,43.7113],[28.5785,43.7085],[28.5771,43.701],[28.5654,43.696],[28.5632,43.6904],[28.5637,43.6779],[28.5668,43.6707],[28.5676,43.6538],[28.5793,43.6376],[28.5729,43.6285],[28.5737,43.6196],[28.576,43.6179],[28.5704,43.6146],[28.5704,43.6074],[28.5682,43.6015],[28.5757,43.581],[28.586,43.5701],[28.5871,43.5671],[28.5888,43.5671],[28.5904,43.5635],[28.5963,43.561],[28.5968,43.559],[28.5987,43.559],[28.5993,43.5568],[28.6029,43.5546],[28.6046,43.5524],[28.6038,43.5468],[28.609,43.5418],[28.609,43.5393],[28.606,43.5379],[28.6057,43.5329],[28.6029,43.5293],[28.604,43.5268],[28.6021,43.5238],[28.6032,43.5204],[28.5999,43.5176],[28.5982,43.5107],[28.594,43.5065],[28.594,43.5043],[28.5893,43.5004],[28.586,43.4938],[28.5863,43.4901],[28.5749,43.4754],[28.564,43.4646],[28.5588,43.4562],[28.559,43.4532],[28.5493,43.4399],[28.5468,43.4393],[28.5451,43.4351],[28.5393,43.4299],[28.5357,43.4293],[28.531,43.424],[28.5229,43.4201],[28.5174,43.4151],[28.5154,43.4154],[28.514,43.4137],[28.5088,43.4151],[28.5026,43.411],[28.4982,43.411],[28.4951,43.404],[28.4851,43.396],[28.4813,43.3896],[28.471,43.3815],[28.4665,43.3676],[28.4662,43.3596],[28.464,43.3601],[28.4643,43.3654],[28.4621,43.3701],[28.4529,43.3796],[28.4343,43.3846],[28.4263,43.3838],[28.4154,43.3871],[28.4057,43.3913],[28.3907,43.4029],[28.3738,43.4076],[28.3676,43.4079],[28.359,43.4107],[28.3565,43.4132],[28.3451,43.4115],[28.3282,43.4165],[28.3088,43.4179],[28.2899,43.4151],[28.286,43.4121],[28.2757,43.4135],[28.2668,43.4093],[28.254,43.4082],[28.2512,43.4043],[28.2454,43.4021],[28.2415,43.4054],[28.2335,43.4035],[28.2346,43.4024],[28.2313,43.4035],[28.2257,43.3988],[28.1987,43.3974],[28.1765,43.3971],[28.1749,43.399],[28.1724,43.3982],[28.1737,43.4004],[28.1699,43.4035],[28.1654,43.4015],[28.1671,43.4032],[28.1649,43.4049],[28.1618,43.4049],[28.1626,43.4032],[28.1604,43.4038],[28.1601,43.4054],[28.1521,43.4046],[28.1338,43.3968],[28.134,43.3949],[28.1199,43.3887],[28.119,43.3868],[28.1099,43.381],[28.106,43.3812],[28.1035,43.3787],[28.0932,43.3768],[28.0843,43.3679],[28.0765,43.3537],[28.0729,43.3501],[28.0724,43.3454],[28.0693,43.3413],[28.0674,43.3324],[28.0699,43.3279],[28.0588,43.3143],[28.0576,43.3101],[28.0476,43.2946],[28.0468,43.2857],[28.044,43.2788],[28.0449,43.2749],[28.0418,43.2735],[28.0382,43.2679],[28.036,43.261],[28.0326,43.2582],[28.0293,43.2515],[28.0285,43.2465],[28.0254,43.2457],[28.026,43.244],[28.0224,43.2435],[28.0213,43.2449],[28.0187,43.2424],[28.0154,43.2357],[28.0168,43.2349],[28.0143,43.2279],[28.0157,43.226],[28.0121,43.2238],[28.0093,43.2246],[28.009,43.2221],[28.0051,43.2185],[28.0035,43.2185],[28.0043,43.2207],[28.0018,43.2207],[27.9971,43.2176],[27.9971,43.2149],[27.994,43.2171],[27.9871,43.216],[27.9868,43.2174],[27.9888,43.2182],[27.986,43.2196],[27.9815,43.2193],[27.9813,43.2171],[27.9771,43.219],[27.9665,43.2168],[27.9587,43.2107],[27.9418,43.2104],[27.9415,43.2088],[27.9379,43.2088],[27.9321,43.2051],[27.9279,43.2051],[27.9232,43.2012],[27.921,43.1971],[27.9218,43.1896],[27.9201,43.191],[27.9199,43.1951],[27.9165,43.1954],[27.9135,43.1924],[27.9179,43.191],[27.9115,43.1904],[27.9143,43.1888],[27.9112,43.1888],[27.9093,43.1849],[27.9017,43.1857],[27.9011,43.1835],[27.9101,43.1821],[27.9104,43.1785],[27.916,43.1738],[27.9287,43.1757],[27.9307,43.1735],[27.9371,43.1729],[27.9413,43.1699],[27.9457,43.1721],[27.9471,43.1657],[27.944,43.1579],[27.9449,43.1526],[27.941,43.1479],[27.9401,43.1349],[27.9371,43.1301],[27.9304,43.1265],[27.9282,43.1138],[27.924,43.1101],[27.9235,43.0985],[27.9207,43.0954],[27.9207,43.0893],[27.9154,43.0824],[27.9163,43.0768],[27.9129,43.071],[27.9137,43.0626],[27.9085,43.056],[27.901,43.0543],[27.8979,43.0468],[27.8907,43.0435],[27.8879,43.0357],[27.889,43.0185],[27.8862,43.0149],[27.8874,43.0137],[27.886,43.0096],[27.8882,43.0076],[27.8854,43.0065],[27.8885,43.0049],[27.8865,43.0024],[27.8899,42.999],[27.9007,42.9468],[27.9068,42.9299],[27.9057,42.9263],[27.9013,42.921],[27.8976,42.9204],[27.896,42.9168],[27.8976,42.9029],[27.9026,42.8874],[27.8979,42.8729],[27.9013,42.8565],[27.9032,42.8537],[27.8951,42.8549],[27.8913,42.8537],[27.886,42.8496],[27.8821,42.8396],[27.8843,42.8221],[27.886,42.8204],[27.8865,42.8143],[27.8876,42.8143],[27.8871,42.8118],[27.8899,42.8057],[27.8913,42.7965],[27.8979,42.7821],[27.8971,42.7796],[27.8985,42.7754],[27.901,42.7721],[27.9007,42.7663],[27.8976,42.7632],[27.8943,42.7624],[27.8926,42.7557],[27.8888,42.7535],[27.8885,42.751],[27.8943,42.7315],[27.9015,42.7188],[27.9021,42.7107],[27.8999,42.7057],[27.9013,42.7012],[27.8937,42.6974],[27.876,42.7012],[27.8721,42.7001],[27.8401,42.7004],[27.8229,42.7046],[27.8154,42.7038],[27.8121,42.7012],[27.8082,42.7007],[27.8051,42.7035],[27.7932,42.7021],[27.7929,42.7035],[27.7757,42.7051],[27.7657,42.7082],[27.7515,42.7074],[27.7465,42.7088],[27.7396,42.7068],[27.7343,42.7096],[27.7265,42.7082],[27.7213,42.704],[27.721,42.7018],[27.714,42.6937],[27.7154,42.6912],[27.7135,42.6904],[27.7129,42.6879],[27.7118,42.671],[27.7138,42.6671],[27.7201,42.6651],[27.724,42.6604],[27.7304,42.659],[27.7324,42.661],[27.7393,42.6615],[27.7415,42.6599],[27.741,42.6587],[27.7343,42.6574],[27.7313,42.6543],[27.7299,42.6543],[27.7304,42.6568],[27.7285,42.659],[27.7262,42.6587],[27.7262,42.6574],[27.7224,42.6582],[27.7179,42.6568],[27.7124,42.6512],[27.7107,42.646],[27.6993,42.6518],[27.6918,42.6521],[27.6918,42.6499],[27.6893,42.6499],[27.6849,42.6457],[27.6771,42.6351],[27.6768,42.6374],[27.6751,42.6379],[27.6674,42.6376],[27.6632,42.6393],[27.6549,42.636],[27.6482,42.6393],[27.6449,42.6382],[27.6374,42.6299],[27.6338,42.6218],[27.631,42.6076],[27.6324,42.5849],[27.6354,42.5726],[27.651,42.5546],[27.646,42.5521],[27.6424,42.5526],[27.6399,42.5507],[27.6421,42.554],[27.6346,42.5599],[27.6162,42.5649],[27.606,42.5635],[27.6004,42.5576],[27.5957,42.5629],[27.5888,42.5651],[27.584,42.5649],[27.5763,42.5621],[27.5671,42.5526],[27.5593,42.5504],[27.551,42.5529],[27.5404,42.5588],[27.5326,42.5596],[27.5232,42.5582],[27.5093,42.5515],[27.5004,42.5424],[27.4951,42.5335],[27.4915,42.5307],[27.4876,42.5215],[27.4862,42.5215],[27.4835,42.5054],[27.484,42.4951],[27.4815,42.4899],[27.4837,42.4868],[27.4837,42.4821],[27.4815,42.4832],[27.4815,42.4863],[27.4796,42.4879],[27.4726,42.4868],[27.4796,42.4843],[27.4793,42.4829],[27.4718,42.4829],[27.466,42.4882],[27.4635,42.4882],[27.4638,42.4846],[27.4613,42.481],[27.456,42.4821],[27.4551,42.4843],[27.4568,42.486],[27.4551,42.4863],[27.4526,42.4832],[27.4499,42.4829],[27.4521,42.4815],[27.4513,42.479],[27.4465,42.4765],[27.4468,42.4679],[27.4499,42.4626],[27.4438,42.4607],[27.4482,42.4588],[27.449,42.4568],[27.4524,42.4571],[27.4518,42.4532],[27.4554,42.4526],[27.4579,42.4496],[27.4615,42.4501],[27.461,42.4482],[27.464,42.4496],[27.4674,42.446],[27.4749,42.4501],[27.4718,42.4529],[27.4749,42.4562],[27.4735,42.4582],[27.4796,42.4621],[27.4815,42.4565],[27.4901,42.4476],[27.4954,42.4443],[27.4979,42.4446],[27.5029,42.4399],[27.509,42.4379],[27.5104,42.436],[27.5085,42.4313],[27.5093,42.4287],[27.5151,42.4285],[27.5226,42.4307],[27.5229,42.4338],[27.529,42.4376],[27.5287,42.4407],[27.5312,42.4451],[27.5385,42.4476],[27.5346,42.4529],[27.5393,42.4574],[27.5432,42.4549],[27.5462,42.4554],[27.5493,42.4521],[27.5632,42.4457],[27.5713,42.4446],[27.5807,42.4457],[27.5824,42.4482],[27.5799,42.4524],[27.5751,42.4518],[27.5743,42.4529],[27.5815,42.4562],[27.5832,42.4624],[27.5865,42.4635],[27.5876,42.4624],[27.5868,42.459],[27.594,42.4557],[27.5943,42.4535],[27.6001,42.4485],[27.6068,42.4451],[27.6151,42.444],[27.6254,42.4463],[27.6254,42.4499],[27.6279,42.4515],[27.6262,42.4579],[27.6282,42.4596],[27.6304,42.4596],[27.6285,42.4576],[27.6293,42.456],[27.6354,42.4521],[27.6338,42.4499],[27.6346,42.449],[27.6393,42.4476],[27.6415,42.4501],[27.6518,42.451],[27.6499,42.4463],[27.6501,42.4443],[27.6524,42.4435],[27.6499,42.441],[27.6479,42.4413],[27.6468,42.4388],[27.6537,42.436],[27.6526,42.4326],[27.6563,42.4307],[27.6543,42.4293],[27.6521,42.4315],[27.6443,42.4301],[27.6451,42.4279],[27.6437,42.4246],[27.6476,42.4182],[27.6599,42.4107],[27.6746,42.409],[27.6776,42.4132],[27.6857,42.414],[27.686,42.416],[27.6893,42.4182],[27.6876,42.4201],[27.6918,42.4204],[27.691,42.4232],[27.6938,42.4251],[27.6924,42.426],[27.6904,42.4226],[27.6882,42.4224],[27.6876,42.4257],[27.6988,42.4271],[27.7013,42.4251],[27.6971,42.424],[27.6946,42.4212],[27.6965,42.419],[27.6999,42.4204],[27.7032,42.4196],[27.6999,42.4146],[27.7051,42.409],[27.7121,42.4079],[27.7135,42.4063],[27.7146,42.4087],[27.7165,42.4085],[27.7179,42.4101],[27.7218,42.409],[27.7293,42.4104],[27.7282,42.4063],[27.7299,42.4043],[27.7265,42.4035],[27.7249,42.3999],[27.7101,42.4004],[27.706,42.3946],[27.7071,42.3851],[27.7088,42.3832],[27.7174,42.3824],[27.724,42.379],[27.7221,42.3768],[27.7171,42.376],[27.716,42.3718],[27.7101,42.3715],[27.7082,42.3662],[27.7107,42.3621],[27.7224,42.3488],[27.7224,42.3468],[27.724,42.3471],[27.7254,42.3446],[27.7304,42.3451],[27.729,42.3435],[27.729,42.3404],[27.7313,42.3401],[27.7299,42.3357],[27.7399,42.3276],[27.7435,42.329],[27.7524,42.3249],[27.7557,42.3274],[27.7565,42.3329],[27.7588,42.3343],[27.7638,42.3329],[27.7726,42.3376],[27.7746,42.3329],[27.7757,42.336],[27.7799,42.3346],[27.7804,42.336],[27.7849,42.3363],[27.7862,42.334],[27.7829,42.3304],[27.7838,42.3282],[27.7804,42.3262],[27.7826,42.3251],[27.7824,42.3237],[27.7726,42.3201],[27.7821,42.319],[27.7801,42.3135],[27.7868,42.3124],[27.7951,42.3071],[27.7935,42.306],[27.7857,42.3071],[27.7821,42.3057],[27.7787,42.3018],[27.7699,42.3007],[27.7696,42.2993],[27.7738,42.2968],[27.7732,42.2946],[27.7693,42.2935],[27.7657,42.2893],[27.7593,42.2882],[27.7576,42.2893],[27.7524,42.286],[27.7521,42.2788],[27.7543,42.2729],[27.7571,42.2732],[27.7601,42.2685],[27.766,42.2651],[27.7596,42.2632],[27.754,42.2649],[27.7485,42.2576],[27.7485,42.2535],[27.7504,42.2507],[27.7554,42.2457],[27.7651,42.2435],[27.7676,42.2404],[27.7715,42.241],[27.7707,42.2449],[27.774,42.2451],[27.7751,42.2432],[27.7779,42.2426],[27.7785,42.2382],[27.7812,42.2368],[27.7849,42.2382],[27.7857,42.2349],[27.7824,42.2335],[27.7787,42.2346],[27.7765,42.2318],[27.7765,42.2282],[27.7787,42.226],[27.7829,42.226],[27.7832,42.2232],[27.7868,42.2224],[27.7865,42.2196],[27.7924,42.2149],[27.7962,42.2143],[27.7971,42.2157],[27.7987,42.214],[27.8051,42.2165],[27.8032,42.2143],[27.804,42.2121],[27.8104,42.2104],[27.8107,42.209],[27.8135,42.2107],[27.8143,42.2088],[27.8196,42.2074],[27.8179,42.2021],[27.8199,42.1987],[27.824,42.1993],[27.8246,42.1974],[27.8282,42.1974],[27.8301,42.1993],[27.8299,42.1932],[27.8337,42.194],[27.8343,42.1957],[27.8368,42.1935],[27.8418,42.1949],[27.841,42.1918],[27.8376,42.1912],[27.8363,42.1888],[27.8388,42.1879],[27.8429,42.1896],[27.8438,42.1854],[27.8468,42.1868],[27.8465,42.1843],[27.8432,42.1815],[27.8451,42.1787],[27.8493,42.1804],[27.8526,42.1787],[27.8529,42.1774],[27.8507,42.176],[27.851,42.1735],[27.8599,42.174],[27.8596,42.1701],[27.8529,42.1696],[27.8521,42.1665],[27.8532,42.1654],[27.8587,42.1632],[27.8626,42.166],[27.8635,42.1643],[27.8621,42.1632],[27.8662,42.1618],[27.8649,42.1585],[27.8676,42.1563],[27.8701,42.1568],[27.8715,42.1599],[27.8743,42.1613],[27.876,42.1596],[27.8749,42.1565],[27.8785,42.1554],[27.8787,42.1524],[27.8757,42.1499],[27.8762,42.1488],[27.8838,42.1471],[27.8854,42.1437],[27.8921,42.1443],[27.894,42.1424],[27.8962,42.1435],[27.9001,42.1379],[27.8985,42.1346],[27.9035,42.1346],[27.9046,42.1287],[27.9088,42.1293],[27.9132,42.1271],[27.9146,42.1229],[27.909,42.1188],[27.914,42.116],[27.9135,42.1104],[27.9179,42.1093],[27.9204,42.106],[27.9229,42.106],[27.9249,42.1018],[27.9321,42.1012],[27.9351,42.1024],[27.9368,42.1051],[27.9412,42.1021],[27.9471,42.1043],[27.9493,42.1004],[27.9454,42.1001],[27.944,42.0985],[27.9465,42.0968],[27.9504,42.0985],[27.9501,42.0946],[27.9562,42.0921],[27.9562,42.0854],[27.9626,42.0829],[27.9651,42.0835],[27.9626,42.0776],[27.9679,42.0762],[27.9679,42.0737],[27.9701,42.0724],[27.9688,42.0685],[27.9704,42.0657],[27.9718,42.0671],[27.9743,42.0657],[27.9779,42.0662],[27.9788,42.0643],[27.9807,42.0654],[27.9826,42.0624],[27.9849,42.0646],[27.9918,42.0638],[27.994,42.059],[27.9854,42.0551],[27.9854,42.0535],[27.9907,42.0532],[27.9926,42.0499],[27.991,42.0485],[27.9921,42.0462],[27.9982,42.0462],[28.0051,42.0418],[28.0051,42.0371],[28.0032,42.0368],[28.0035,42.0357],[28.0049,42.034],[28.0101,42.0332],[28.0157,42.0276],[28.0149,42.0246],[28.0121,42.0249],[28.0093,42.0238],[28.0093,42.0224],[28.0176,42.0207],[28.0187,42.0129],[28.0201,42.0126],[28.0187,42.0112],[28.0215,42.0088],[28.0199,42.0071],[28.024,42.0051],[28.0224,42.004],[28.034,41.9943],[28.036,41.9829],[28.0347,41.9824],[28.0313,41.987],[28.0171,41.986],[28.0193,41.981],[28.0154,41.9787],[27.9941,41.9763],[27.976,41.9769],[27.9653,41.9845],[27.9606,41.9835],[27.9574,41.9789],[27.9399,41.9724],[27.9379,41.9778],[27.9314,41.9748],[27.9192,41.9776],[27.916,41.9698],[27.9095,41.9724],[27.9028,41.9686],[27.8967,41.9689],[27.8894,41.9738],[27.8885,41.9761],[27.8906,41.9819],[27.8888,41.9842],[27.8762,41.9851],[27.8563,41.9961],[27.8519,41.9966],[27.8493,41.9949],[27.8499,41.986],[27.8464,41.9837],[27.8432,41.9834],[27.8422,41.9916],[27.8378,41.9914],[27.8364,41.9834],[27.829,41.9837],[27.821,41.9867],[27.813,41.9798],[27.8107,41.9706],[27.8129,41.9658],[27.8155,41.9646],[27.8162,41.9589],[27.8144,41.954],[27.8165,41.9511],[27.8192,41.9506],[27.8243,41.9533],[27.8269,41.9514],[27.8274,41.9454],[27.8244,41.9423],[27.8202,41.941],[27.8164,41.9414],[27.8144,41.9448],[27.8065,41.9438],[27.8053,41.9372],[27.8025,41.9357],[27.7994,41.9367],[27.7986,41.9417],[27.7947,41.9439],[27.7831,41.9411],[27.7776,41.946],[27.7736,41.9452],[27.7725,41.9464],[27.7787,41.9542],[27.7701,41.9582],[27.7636,41.9546],[27.7541,41.9598],[27.7375,41.9603],[27.7349,41.9625],[27.7404,41.9677],[27.7291,41.9727],[27.7251,41.9679],[27.7223,41.967],[27.7152,41.9707],[27.6926,41.973],[27.692,41.9709],[27.6961,41.9665],[27.6936,41.9649],[27.6813,41.9669],[27.6761,41.9649],[27.6738,41.9584],[27.6704,41.9575],[27.6685,41.9526],[27.6654,41.9522],[27.6632,41.9577],[27.6536,41.9516],[27.6512,41.9521],[27.6496,41.9566],[27.6429,41.9554],[27.634,41.9504],[27.6323,41.9544],[27.625,41.9518],[27.6166,41.9543],[27.6141,41.9532],[27.6147,41.9509],[27.6226,41.9452],[27.6081,41.9376],[27.6026,41.9361],[27.6023,41.9424],[27.5969,41.9442],[27.5807,41.9309],[27.5774,41.9315],[27.5716,41.9366],[27.5686,41.9366],[27.5687,41.9315],[27.5608,41.922],[27.5686,41.9204],[27.569,41.9178],[27.5574,41.9136],[27.5574,41.9122],[27.5654,41.9103],[27.5674,41.9063],[27.5639,41.9014],[27.5514,41.8996],[27.5354,41.9131],[27.5216,41.9367],[27.509,41.9507],[27.5053,41.9532],[27.4899,41.9511],[27.4807,41.9524],[27.4709,41.9592],[27.4635,41.9683],[27.4605,41.9696],[27.4528,41.9685],[27.4414,41.9699],[27.4361,41.9748],[27.4319,41.9869],[27.4282,41.9899],[27.4197,41.9889],[27.4159,41.9901],[27.4108,41.9998],[27.3943,42.0133],[27.387,42.0248],[27.3842,42.0344],[27.3769,42.0495],[27.3647,42.0581],[27.3396,42.0622],[27.3381,42.064],[27.3396,42.0657],[27.3387,42.0716],[27.3356,42.0781],[27.3294,42.0841],[27.3095,42.0904],[27.2987,42.0964],[27.2857,42.099],[27.2719,42.1063],[27.2628,42.1035],[27.2481,42.1067],[27.2298,42.1011],[27.2217,42.0897],[27.208,42.084],[27.2074,42.0811],[27.2093,42.0742],[27.2126,42.0696],[27.2095,42.0649],[27.2033,42.065],[27.1864,42.0742],[27.1824,42.0742],[27.1716,42.0701],[27.1485,42.0723],[27.1397,42.0751],[27.1239,42.0869],[27.1142,42.0902],[27.1029,42.09],[27.0777,42.0943],[27.0697,42.0923],[27.0605,42.087],[27.0509,42.0839],[27.0385,42.0838],[27.0281,42.0812],[27.0304,42.065],[27.0258,42.0576],[27.0145,42.0462],[27.0026,42.0406],[26.9878,42.0374],[26.9831,42.0332],[26.9831,42.0172],[26.976,42.0082],[26.9681,42.0021],[26.9427,42.001],[26.9181,41.9929],[26.865,41.9874],[26.8511,41.9798],[26.8483,41.9748],[26.8385,41.9694],[26.7957,41.9743],[26.7812,41.978],[26.7601,41.9641],[26.7511,41.9545],[26.7389,41.9577],[26.7321,41.956],[26.7233,41.9566],[26.7135,41.9611],[26.7014,41.9608],[26.6887,41.9647],[26.6644,41.9656],[26.6445,41.9697],[26.6283,41.9771],[26.6234,41.9769],[26.6198,41.9703],[26.6195,41.9639],[26.5928,41.9513],[26.5789,41.9415],[26.5692,41.9275],[26.571,41.9208],[26.5792,41.914],[26.5858,41.9052],[26.5841,41.9004],[26.5743,41.8903],[26.573,41.887],[26.5815,41.8781],[26.5688,41.8699],[26.5572,41.858],[26.5509,41.8451],[26.5462,41.8415],[26.538,41.8373],[26.5284,41.8364],[26.3839,41.8362],[26.3774,41.8327],[26.3484,41.7832],[26.3396,41.7589],[26.3414,41.7481],[26.365,41.7203],[26.3702,41.712],[26.3621,41.7099],[26.3616,41.7124],[26.346,41.7127],[26.3346,41.7176],[26.3285,41.7165],[26.3157,41.7105],[26.3011,41.7105],[26.2926,41.7127],[26.286,41.7119],[26.264,41.7184],[26.2598,41.7215],[26.2506,41.7224],[26.248,41.7281],[26.2341,41.7402],[26.235,41.7467],[26.2306,41.7479],[26.2302,41.7446],[26.2266,41.7457],[26.2243,41.7365],[26.2172,41.7312],[26.1967,41.7344],[26.1831,41.7393],[26.1788,41.7424],[26.1773,41.748],[26.1743,41.748],[26.1502,41.7394],[26.1425,41.7346],[26.1308,41.7323],[26.1209,41.7277],[26.1162,41.7228],[26.1192,41.724],[26.1137,41.7121],[26.1042,41.7122],[26.0936,41.7154],[26.0868,41.7158],[26.0802,41.7131],[26.0779,41.7103],[26.069,41.7072],[26.0667,41.7035],[26.0678,41.6978],[26.0624,41.6979],[26.059,41.6958],[26.0615,41.6913],[26.0591,41.6853],[26.0642,41.6801],[26.064,41.6742],[26.0667,41.6698],[26.0623,41.6641],[26.0619,41.6598],[26.0686,41.6518],[26.0674,41.6483],[26.0809,41.6381],[26.0873,41.6399],[26.0892,41.6378],[26.0913,41.6401],[26.0939,41.6342],[26.0917,41.63],[26.0966,41.6244],[26.1077,41.625],[26.1206,41.6219],[26.1241,41.6249],[26.1239,41.6273],[26.136,41.6288],[26.134,41.622],[26.1358,41.6182],[26.1342,41.6137],[26.1353,41.6111],[26.1407,41.6096],[26.1414,41.6061],[26.1439,41.6039],[26.1489,41.6042],[26.1509,41.6026],[26.1478,41.5893],[26.145,41.552],[26.1562,41.5498],[26.174,41.5522],[26.1808,41.5271],[26.1797,41.5216],[26.1838,41.5172],[26.1821,41.5141],[26.1783,41.5124],[26.1703,41.5008],[26.1726,41.4977],[26.1702,41.4909],[26.1571,41.4844],[26.1513,41.4833],[26.151,41.4816],[26.1535,41.4714],[26.1641,41.4645],[26.1726,41.4612],[26.1865,41.4482],[26.1922,41.4394],[26.1897,41.436],[26.1828,41.4398],[26.1764,41.4357],[26.1668,41.4345],[26.1597,41.4247],[26.1507,41.4199],[26.1537,41.4075],[26.1502,41.3987],[26.1457,41.3948],[26.1463,41.3866],[26.1415,41.3849],[26.1382,41.3815],[26.1367,41.3748],[26.1306,41.3706],[26.124,41.3707],[26.1241,41.3667],[26.1222,41.3641],[26.1244,41.3634],[26.1225,41.36],[26.1232,41.3583],[26.1174,41.3487],[26.1073,41.3517],[26.0997,41.3483],[26.0941,41.3528],[26.0866,41.3486],[26.0864,41.3519],[26.0788,41.3457],[26.0785,41.3434],[26.0668,41.3471],[26.0508,41.3441],[26.04,41.3478],[26.0302,41.3471],[26.0294,41.345],[26.0193,41.3446],[26.018,41.3418],[25.9985,41.3391],[25.991,41.333],[25.9906,41.3276],[25.9864,41.323],[25.9705,41.318],[25.9626,41.3127],[25.9532,41.3124],[25.9366,41.3148],[25.9324,41.3132],[25.9221,41.3148],[25.9154,41.3091],[25.9061,41.3079],[25.8907,41.3004],[25.8801,41.3016],[25.8718,41.2991],[25.8548,41.3054],[25.8585,41.312],[25.8599,41.3201],[25.854,41.3207],[25.841,41.3186],[25.8389,41.3214],[25.8396,41.3241],[25.8354,41.3274],[25.8248,41.33],[25.8219,41.3334],[25.8125,41.3368],[25.8106,41.3339],[25.8053,41.3345],[25.8005,41.3322],[25.7994,41.3297],[25.7954,41.3314],[25.788,41.3299],[25.7822,41.3245],[25.7752,41.321],[25.771,41.3146],[25.7654,41.3155],[25.7604,41.3142],[25.7543,41.3176],[25.7466,41.313],[25.7421,41.3132],[25.7372,41.3161],[25.7192,41.316],[25.7151,41.3125],[25.7094,41.3111],[25.7084,41.305],[25.7039,41.2995],[25.7053,41.2934],[25.7015,41.2912],[25.6921,41.2931],[25.6878,41.2954],[25.686,41.2988],[25.6764,41.3011],[25.675,41.3028],[25.6567,41.3048],[25.65,41.3104],[25.6444,41.3094],[25.639,41.3104],[25.634,41.3081],[25.6291,41.3081],[25.616,41.3012],[25.6068,41.3022],[25.5971,41.3062],[25.5893,41.3058],[25.5832,41.3083],[25.5836,41.3113],[25.5757,41.3136],[25.573,41.3167],[25.5679,41.3152],[25.5528,41.3159],[25.5502,41.3129],[25.5378,41.3082],[25.5358,41.2997],[25.5338,41.2991],[25.5311,41.2936],[25.5275,41.2906],[25.5285,41.2888],[25.5263,41.2864],[25.5246,41.2782],[25.518,41.2769],[25.5097,41.2832],[25.5005,41.2855],[25.4669,41.2874],[25.461,41.2818],[25.4543,41.2828],[25.4501,41.2802],[25.4439,41.28],[25.4348,41.2751],[25.4242,41.2745],[25.4205,41.2642],[25.4152,41.2638],[25.4089,41.2657],[25.404,41.2645],[25.4017,41.2609],[25.3952,41.2618],[25.3868,41.2573],[25.3809,41.2577],[25.377,41.2559],[25.3593,41.2592],[25.3516,41.255],[25.3483,41.2499],[25.3449,41.2503],[25.3418,41.2474],[25.3335,41.2471],[25.328,41.2403],[25.3228,41.2418],[25.3196,41.2405],[25.3075,41.2432],[25.2883,41.2439],[25.284,41.242],[25.2795,41.2348],[25.2643,41.242],[25.244,41.2456],[25.2308,41.2434],[25.2233,41.2456],[25.2247,41.2527],[25.2168,41.2627],[25.2145,41.2628],[25.2169,41.2672],[25.2139,41.2774],[25.21,41.2809],[25.2058,41.2811],[25.2001,41.2893],[25.1914,41.2899],[25.1879,41.2937],[25.1811,41.2923],[25.1746,41.2955],[25.1747,41.2971],[25.1701,41.3002],[25.1726,41.3061],[25.1617,41.3101],[25.161,41.3129],[25.1581,41.3155],[25.1476,41.3154],[25.1416,41.3204],[25.1308,41.3205],[25.1287,41.3224]]],[[[27.696,42.4396],[27.6971,42.4382],[27.6943,42.4365],[27.6857,42.4368],[27.691,42.4413],[27.6943,42.4413],[27.696,42.4396]]]]}}]},
{"type":"FeatureCollection","name":"gadm41_HRV_0","crs":{"type":"name","properties":{"name":"urn:ogc:def:crs:OGC:1.3:CRS84"}},"features":[{"type":"Feature","properties":{"GID_0":"HRV","COUNTRY":"Croatia"},"geometry":{"type":"MultiPolygon","coordinates":[[[[16.8011,42.7477],[16.8026,42.7463],[16.8001,42.7449],[16.796,42.7449],[16.7938,42.7465],[16.7979,42.7487],[16.8011,42.7477]]],[[[16.8616,42.7768],[16.8688,42.7746],[16.8674,42.7724],[16.8682,42.7713],[16.8762,42.7757],[16.8768,42.7741],[16.8735,42.7735],[16.8746,42.7718],[16.8779,42.7738],[16.8779,42.776],[16.881,42.7762],[16.8793,42.7721],[16.881,42.7701],[16.9071,42.7741],[16.9063,42.7718],[16.9085,42.7707],[16.914,42.7713],[16.9174,42.7699],[16.9218,42.7735],[16.9243,42.7735],[16.9285,42.7699],[16.9374,42.7699],[16.939,42.7676],[16.9429,42.7671],[16.9426,42.7651],[16.9379,42.7618],[16.9391,42.7587],[16.9415,42.7588],[16.9421,42.7568],[16.939,42.7579],[16.9363,42.7563],[16.9365,42.7521],[16.9299,42.7485],[16.9254,42.7365],[16.9151,42.7329],[16.9126,42.7299],[16.9037,42.726],[16.8951,42.7263],[16.8899,42.7251],[16.8888,42.7229],[16.8832,42.7229],[16.8807,42.7243],[16.8807,42.726],[16.8915,42.7315],[16.8876,42.7371],[16.8863,42.7368],[16.8865,42.7304],[16.8854,42.7296],[16.8801,42.734],[16.8771,42.7329],[16.8779,42.7365],[16.8749,42.7351],[16.8724,42.7368],[16.8674,42.7368],[16.864,42.7346],[16.8599,42.7346],[16.8574,42.7321],[16.8449,42.7313],[16.8471,42.7235],[16.8418,42.7226],[16.8404,42.7235],[16.8418,42.7254],[16.8379,42.7262],[16.8385,42.7301],[16.836,42.7321],[16.831,42.7304],[16.8246,42.7318],[16.8246,42.7344],[16.8196,42.7374],[16.8213,42.7401],[16.8187,42.7429],[16.8118,42.744],[16.8126,42.7485],[16.8243,42.746],[16.8265,42.7493],[16.8229,42.7537],[16.8241,42.7593],[16.8226,42.7651],[16.8151,42.7632],[16.8124,42.7651],[16.8093,42.764],[16.8129,42.7637],[16.8157,42.7613],[16.8107,42.7576],[16.8151,42.7562],[16.814,42.7535],[16.8071,42.7538],[16.8068,42.7579],[16.8037,42.7588],[16.8035,42.7615],[16.8001,42.7607],[16.7974,42.7649],[16.8018,42.7665],[16.8013,42.7701],[16.8051,42.7729],[16.8104,42.7729],[16.8175,42.7765],[16.8182,42.7726],[16.822,42.7754],[16.8279,42.7762],[16.8215,42.7713],[16.8296,42.7729],[16.8318,42.7702],[16.8232,42.7676],[16.8251,42.7671],[16.8335,42.7677],[16.8357,42.7693],[16.8376,42.7718],[16.8371,42.7743],[16.8315,42.7751],[16.8343,42.7771],[16.839,42.7749],[16.844,42.776],[16.8465,42.7748],[16.8454,42.7701],[16.8465,42.7693],[16.8535,42.7743],[16.8535,42.7779],[16.8616,42.7768]]],[[[16.7285,42.7553],[16.7304,42.7557],[16.7299,42.7535],[16.7329,42.7518],[16.7301,42.7513],[16.7277,42.7529],[16.7246,42.7524],[16.7254,42.7504],[16.7235,42.749],[16.7199,42.7501],[16.7119,42.7493],[16.7107,42.7479],[16.7085,42.749],[16.7085,42.7507],[16.711,42.751],[16.7129,42.7535],[16.7132,42.751],[16.7199,42.7515],[16.7199,42.7538],[16.7213,42.7543],[16.7199,42.7571],[16.7232,42.756],[16.7254,42.7579],[16.726,42.7551],[16.7285,42.7553]]],[[[16.8024,42.7546],[16.8018,42.7526],[16.7976,42.7526],[16.796,42.7557],[16.8024,42.7562],[16.8024,42.7546]]],[[[17.0753,42.7585],[17.0759,42.7568],[17.0737,42.7565],[17.0715,42.7599],[17.0753,42.7585]]],[[[16.9721,42.7621],[16.9746,42.7604],[16.9715,42.7571],[16.9646,42.7568],[16.9618,42.7582],[16.9629,42.7624],[16.969,42.7635],[16.9721,42.7621]]],[[[17.1043,42.763],[17.1073,42.7633],[17.1088,42.7615],[17.1042,42.761],[17.1043,42.763]]],[[[17.112,42.764],[17.1144,42.7648],[17.115,42.7618],[17.1106,42.7612],[17.112,42.764]]],[[[16.7446,42.7543],[16.7446,42.7554],[16.7471,42.756],[16.7474,42.7549],[16.7446,42.7543]]],[[[16.9582,42.7571],[16.9529,42.7549],[16.951,42.7554],[16.9524,42.7574],[16.9593,42.759],[16.9582,42.7571]]],[[[16.7254,42.7629],[16.724,42.7615],[16.7224,42.7621],[16.7243,42.7649],[16.7263,42.7643],[16.7254,42.7629]]],[[[16.794,42.7757],[16.7951,42.7735],[16.7926,42.7663],[16.7957,42.764],[16.7962,42.7613],[16.7935,42.7601],[16.7899,42.7624],[16.789,42.7582],[16.7876,42.7582],[16.7874,42.7601],[16.7835,42.7602],[16.7832,42.7646],[16.7849,42.7665],[16.784,42.7693],[16.7857,42.7715],[16.7821,42.7713],[16.7824,42.7746],[16.7907,42.7779],[16.794,42.7757]]],[[[16.9857,42.7793],[16.9932,42.7804],[16.9968,42.7785],[16.9904,42.7757],[16.9815,42.776],[16.9815,42.7801],[16.9857,42.7793]]],[[[16.9854,42.781],[16.9857,42.7829],[16.9877,42.7829],[16.9874,42.7807],[16.9854,42.781]]],[[[16.9921,42.783],[16.9896,42.7821],[16.9885,42.7837],[16.9904,42.784],[16.9921,42.783]]],[[[16.9924,42.8149],[16.9901,42.8154],[16.9899,42.8163],[16.9932,42.8165],[16.9938,42.8151],[16.9924,42.8149]]],[[[16.5185,42.7731],[16.5287,42.7707],[16.5318,42.7668],[16.5349,42.7657],[16.5354,42.7629],[16.5313,42.7596],[16.5224,42.7587],[16.5179,42.7596],[16.5168,42.7615],[16.5126,42.761],[16.5088,42.7629],[16.5079,42.7588],[16.5049,42.7591],[16.5043,42.7574],[16.5015,42.7585],[16.4974,42.754],[16.494,42.7538],[16.4946,42.749],[16.4871,42.7487],[16.4874,42.7513],[16.4896,42.7524],[16.4896,42.7551],[16.4918,42.756],[16.4924,42.7596],[16.496,42.7601],[16.5054,42.7724],[16.5088,42.7738],[16.5185,42.7731]]],[[[16.6971,42.904],[16.6979,42.9024],[16.6965,42.901],[16.6893,42.9032],[16.6951,42.9046],[16.696,42.9068],[16.6974,42.9065],[16.6971,42.904]]],[[[16.6901,42.9057],[16.6874,42.9049],[16.686,42.9076],[16.6893,42.9082],[16.6901,42.9057]]],[[[16.6768,42.916],[16.6815,42.9115],[16.679,42.9107],[16.6707,42.9135],[16.6726,42.9171],[16.6768,42.916]]],[[[16.9528,42.7751],[16.954,42.7738],[16.9463,42.776],[16.9482,42.7763],[16.9528,42.7751]]],[[[16.8312,42.7785],[16.8288,42.7776],[16.8279,42.779],[16.8316,42.7802],[16.8312,42.7785]]],[[[16.7738,42.7807],[16.7757,42.781],[16.7757,42.779],[16.7738,42.7788],[16.7738,42.7807]]],[[[16.7985,42.8954],[16.7954,42.8918],[16.7932,42.8924],[16.7954,42.8963],[16.7985,42.8954]]],[[[16.7871,42.8937],[16.7857,42.894],[16.7851,42.8949],[16.7885,42.8943],[16.7871,42.8937]]],[[[16.808,42.896],[16.8099,42.8949],[16.8037,42.8926],[16.8004,42.8946],[16.8046,42.8968],[16.808,42.896]]],[[[16.8171,42.896],[16.821,42.8951],[16.8132,42.8935],[16.8143,42.8949],[16.8113,42.8957],[16.8151,42.8974],[16.8171,42.896]]],[[[16.7024,42.899],[16.7035,42.8979],[16.7029,42.8968],[16.7007,42.8976],[16.7009,42.8999],[16.7024,42.899]]],[[[16.7637,42.9012],[16.7657,42.8999],[16.7651,42.8988],[16.7618,42.9001],[16.7601,42.9029],[16.7624,42.9032],[16.7637,42.9012]]],[[[16.8326,42.9015],[16.8301,42.901],[16.8296,42.9024],[16.8324,42.9032],[16.8326,42.9015]]],[[[16.7515,42.9032],[16.7496,42.9021],[16.7482,42.9046],[16.7512,42.9046],[16.7515,42.9032]]],[[[16.726,42.9137],[16.7332,42.911],[16.7349,42.9087],[16.739,42.9093],[16.7404,42.9049],[16.7371,42.9049],[16.7335,42.9079],[16.724,42.9118],[16.7213,42.9149],[16.726,42.9137]]],[[[17.1947,42.9393],[17.1913,42.9382],[17.1885,42.9407],[17.1932,42.9413],[17.1947,42.9393]]],[[[16.9588,42.9743],[16.9618,42.9738],[16.9667,42.9757],[16.9854,42.9743],[16.9891,42.9757],[17.0029,42.9754],[17.0063,42.9777],[17.011,42.9782],[17.016,42.9774],[17.0174,42.9749],[17.0207,42.9735],[17.0199,42.9771],[17.021,42.9779],[17.0429,42.9807],[17.0487,42.9799],[17.0482,42.9768],[17.044,42.9776],[17.0418,42.9763],[17.0468,42.9726],[17.054,42.9712],[17.0607,42.9724],[17.0618,42.9696],[17.069,42.9685],[17.0796,42.9693],[17.0807,42.9676],[17.0846,42.9682],[17.0904,42.9649],[17.0993,42.966],[17.1015,42.9651],[17.1007,42.9624],[17.106,42.9649],[17.1129,42.9621],[17.1104,42.9596],[17.1107,42.9588],[17.1157,42.9596],[17.1138,42.9624],[17.1151,42.9635],[17.1268,42.9615],[17.1312,42.9629],[17.1341,42.9615],[17.1357,42.9632],[17.1373,42.9615],[17.1368,42.9582],[17.1415,42.9565],[17.1404,42.951],[17.1424,42.951],[17.144,42.9576],[17.1468,42.9573],[17.1476,42.9549],[17.151,42.9535],[17.1499,42.9501],[17.1565,42.9446],[17.1554,42.9424],[17.1646,42.9352],[17.1601,42.9279],[17.1632,42.9301],[17.1674,42.9305],[17.1693,42.9279],[17.1688,42.9243],[17.1824,42.9255],[17.1863,42.9218],[17.1965,42.9224],[17.2026,42.9169],[17.1997,42.9169],[17.1968,42.9132],[17.1899,42.9113],[17.1868,42.9121],[17.1876,42.9168],[17.1837,42.9177],[17.1821,42.9143],[17.1771,42.9118],[17.1688,42.9124],[17.1671,42.9107],[17.1635,42.9121],[17.156,42.9118],[17.1346,42.9087],[17.1338,42.9074],[17.1282,42.9079],[17.1282,42.9107],[17.1265,42.9107],[17.1251,42.9068],[17.1199,42.9065],[17.1143,42.9076],[17.114,42.909],[17.1069,42.9079],[17.1049,42.9101],[17.1015,42.9085],[17.0835,42.9121],[17.0823,42.914],[17.0774,42.9132],[17.0457,42.9196],[17.0455,42.9232],[17.041,42.9204],[17.0333,42.9224],[17.004,42.9226],[17.0015,42.924],[17.0027,42.9277],[16.9968,42.9235],[16.9896,42.9235],[16.9743,42.9268],[16.9657,42.9235],[16.9621,42.9238],[16.9538,42.9185],[16.9526,42.916],[16.9463,42.9146],[16.9443,42.9126],[16.9401,42.9137],[16.9415,42.9115],[16.939,42.9096],[16.9365,42.9101],[16.9351,42.9135],[16.9279,42.9087],[16.9224,42.9079],[16.9143,42.9038],[16.9115,42.9043],[16.906,42.9001],[16.8962,42.899],[16.8935,42.8965],[16.8838,42.8979],[16.8818,42.8957],[16.8791,42.8965],[16.866,42.8932],[16.8632,42.8935],[16.8624,42.8957],[16.8576,42.8935],[16.8557,42.8954],[16.8485,42.8974],[16.851,42.8999],[16.8582,42.901],[16.861,42.9051],[16.8601,42.906],[16.8555,42.9038],[16.8526,42.9076],[16.8449,42.9032],[16.8368,42.9018],[16.8321,42.904],[16.8257,42.9043],[16.8221,42.9026],[16.8182,42.9046],[16.8076,42.904],[16.801,42.906],[16.7965,42.9057],[16.7951,42.9029],[16.7924,42.9026],[16.7913,42.9038],[16.7938,42.9054],[16.7924,42.9063],[16.7829,42.906],[16.7813,42.9038],[16.7749,42.9032],[16.7732,42.9063],[16.7751,42.9076],[16.7715,42.9074],[16.769,42.9051],[16.7613,42.9074],[16.7479,42.9082],[16.7296,42.9151],[16.7226,42.9193],[16.7162,42.9199],[16.7151,42.9193],[16.716,42.9165],[16.7143,42.9162],[16.7096,42.9204],[16.7046,42.9182],[16.6935,42.9235],[16.6893,42.9224],[16.6776,42.9238],[16.674,42.9268],[16.6721,42.9243],[16.6651,42.9287],[16.664,42.9287],[16.664,42.9263],[16.6658,42.9252],[16.6671,42.9185],[16.6646,42.9146],[16.6626,42.9146],[16.6599,42.9157],[16.6615,42.9168],[16.6601,42.919],[16.6563,42.9171],[16.6485,42.9226],[16.6404,42.924],[16.6385,42.9265],[16.6437,42.929],[16.6382,42.9321],[16.6396,42.9349],[16.6379,42.9368],[16.6401,42.9374],[16.6429,42.9357],[16.6429,42.9382],[16.646,42.9382],[16.6471,42.9399],[16.6507,42.9393],[16.6585,42.9437],[16.669,42.9432],[16.6635,42.9485],[16.661,42.9491],[16.6601,42.9521],[16.6612,42.9538],[16.6704,42.9529],[16.6735,42.9551],[16.6785,42.9551],[16.6796,42.9568],[16.6938,42.9574],[16.6957,42.9596],[16.7001,42.9604],[16.7099,42.9579],[16.7096,42.9593],[16.7171,42.9624],[16.7157,42.9657],[16.7137,42.9677],[16.7151,42.9629],[16.7071,42.9615],[16.7024,42.9637],[16.704,42.9665],[16.7027,42.9685],[16.6957,42.966],[16.6921,42.9663],[16.6899,42.9682],[16.6863,42.9671],[16.684,42.9688],[16.6743,42.9679],[16.6726,42.9699],[16.6768,42.9701],[16.6774,42.9729],[16.6693,42.9732],[16.6693,42.9793],[16.6646,42.9757],[16.664,42.9813],[16.659,42.981],[16.6549,42.9843],[16.6535,42.9804],[16.6499,42.981],[16.6474,42.9746],[16.6446,42.9738],[16.6437,42.9785],[16.6407,42.9801],[16.6399,42.9826],[16.6354,42.9804],[16.6299,42.9813],[16.6271,42.9843],[16.6279,42.986],[16.6318,42.986],[16.6335,42.9891],[16.6396,42.9893],[16.6401,42.9907],[16.6474,42.9904],[16.6491,42.9887],[16.6479,42.9868],[16.6485,42.9857],[16.6511,42.9871],[16.654,42.9865],[16.6571,42.9904],[16.661,42.9896],[16.6607,42.9926],[16.6657,42.9932],[16.6671,42.9921],[16.6663,42.9888],[16.6685,42.9879],[16.6693,42.9899],[16.6715,42.9896],[16.6724,42.9929],[16.6743,42.9918],[16.676,42.9935],[16.6785,42.9924],[16.6829,42.9938],[16.686,42.9907],[16.6876,42.9924],[16.6907,42.9912],[16.6924,42.9943],[16.6941,42.9943],[16.6951,42.9924],[16.6985,42.9926],[16.6974,42.9885],[16.6993,42.9876],[16.7015,42.991],[16.7043,42.9902],[16.7068,42.9863],[16.7079,42.9893],[16.7101,42.9885],[16.7115,42.991],[16.719,42.9876],[16.7254,42.9899],[16.731,42.986],[16.7304,42.9832],[16.7343,42.9807],[16.7404,42.9807],[16.7418,42.9785],[16.7454,42.9793],[16.7499,42.9765],[16.7624,42.9749],[16.7654,42.9768],[16.7676,42.974],[16.7751,42.9729],[16.7754,42.971],[16.7793,42.9735],[16.7849,42.9704],[16.784,42.9671],[16.7907,42.9696],[16.8046,42.9676],[16.8085,42.9685],[16.8096,42.9679],[16.8088,42.966],[16.8118,42.9674],[16.819,42.9643],[16.8368,42.9618],[16.839,42.9599],[16.8446,42.9607],[16.8471,42.9585],[16.8524,42.9576],[16.8604,42.9579],[16.8625,42.9599],[16.8654,42.9585],[16.8743,42.959],[16.8815,42.961],[16.8877,42.9649],[16.9007,42.9637],[16.9088,42.9668],[16.909,42.9685],[16.9121,42.9685],[16.9096,42.9704],[16.9103,42.9715],[16.9243,42.9712],[16.9279,42.9685],[16.9279,42.9718],[16.9321,42.9729],[16.9523,42.9751],[16.9588,42.9743]]],[[[17.1696,42.9468],[17.1718,42.9437],[17.1704,42.9415],[17.1638,42.9454],[17.1654,42.9485],[17.1696,42.9468]]],[[[17.1579,42.9582],[17.166,42.9577],[17.1704,42.9551],[17.1704,42.9529],[17.1682,42.9501],[17.1654,42.9499],[17.1635,42.9513],[17.1557,42.9512],[17.151,42.9543],[17.1527,42.959],[17.1579,42.9582]]],[[[17.4768,42.9351],[17.476,42.9343],[17.4732,42.936],[17.4765,42.9374],[17.4768,42.9351]]],[[[17.4579,42.9529],[17.4557,42.9532],[17.4557,42.954],[17.4588,42.9543],[17.4579,42.9529]]],[[[17.5754,42.9419],[17.566,42.941],[17.5643,42.9429],[17.5607,42.9432],[17.5591,42.9427],[17.5585,42.9396],[17.5568,42.9396],[17.5543,42.9429],[17.5524,42.9415],[17.5437,42.9449],[17.5462,42.9418],[17.5451,42.9388],[17.541,42.9418],[17.5368,42.941],[17.5127,42.9543],[17.5038,42.9632],[17.5035,42.9657],[17.5079,42.9657],[17.5046,42.9682],[17.4996,42.9674],[17.4921,42.9701],[17.4888,42.976],[17.4926,42.9779],[17.4888,42.9804],[17.4785,42.9824],[17.4726,42.9882],[17.4732,42.9963],[17.4788,42.996],[17.4779,42.9996],[17.479,43.0015],[17.4737,43.0043],[17.4713,43.0032],[17.4718,43.0015],[17.4696,43.0021],[17.4699,43.0004],[17.4721,43.0001],[17.4713,42.9996],[17.4676,42.9999],[17.4651,43.0021],[17.466,43.0051],[17.4629,43.0099],[17.4679,43.0096],[17.4688,43.0115],[17.4632,43.0213],[17.4593,43.0226],[17.4607,43.024],[17.4574,43.0243],[17.4577,43.0221],[17.4501,43.021],[17.4465,43.0182],[17.4451,43.0193],[17.446,43.0226],[17.4499,43.0235],[17.4515,43.0265],[17.454,43.0259],[17.4543,43.0276],[17.4601,43.0321],[17.4596,43.0363],[17.4538,43.0371],[17.4538,43.0343],[17.4476,43.0351],[17.4457,43.034],[17.4459,43.0288],[17.444,43.0274],[17.4399,43.0271],[17.4387,43.0299],[17.4365,43.0307],[17.4335,43.0301],[17.4326,43.0279],[17.4254,43.0285],[17.4407,43.0385],[17.446,43.0401],[17.4587,43.0468],[17.461,43.0462],[17.4643,43.0482],[17.474,43.0454],[17.4726,43.049],[17.4624,43.0504],[17.4324,43.0346],[17.4318,43.0332],[17.4235,43.0307],[17.4229,43.0429],[17.4296,43.0457],[17.424,43.0446],[17.4232,43.0485],[17.4299,43.0518],[17.4274,43.0591],[17.4241,43.0627],[17.4226,43.0615],[17.4238,43.0585],[17.4193,43.0555],[17.4227,43.0504],[17.4218,43.0471],[17.4185,43.0446],[17.4185,43.0409],[17.4165,43.0393],[17.4137,43.041],[17.4082,43.0396],[17.4007,43.0457],[17.3971,43.0543],[17.3946,43.0566],[17.3887,43.0601],[17.3843,43.0607],[17.3829,43.0641],[17.3774,43.0643],[17.3771,43.0668],[17.3635,43.0835],[17.3557,43.084],[17.3546,43.0887],[17.3504,43.0932],[17.3479,43.1004],[17.3438,43.1041],[17.3393,43.1037],[17.3393,43.109],[17.3357,43.1121],[17.331,43.1129],[17.3201,43.1196],[17.3096,43.1218],[17.3021,43.1213],[17.2987,43.1229],[17.2976,43.1265],[17.289,43.1274],[17.2857,43.1296],[17.2846,43.136],[17.2824,43.1385],[17.276,43.1393],[17.2663,43.1454],[17.2615,43.1465],[17.2607,43.151],[17.2518,43.1507],[17.249,43.1551],[17.2457,43.1549],[17.2437,43.1526],[17.2412,43.1532],[17.2368,43.1574],[17.2349,43.1563],[17.2307,43.1571],[17.2285,43.1615],[17.2249,43.1613],[17.2232,43.1635],[17.214,43.1646],[17.2029,43.1696],[17.1863,43.1688],[17.1824,43.1704],[17.1812,43.174],[17.1751,43.1738],[17.1674,43.1765],[17.1632,43.1804],[17.161,43.1871],[17.1557,43.1888],[17.1526,43.1929],[17.1443,43.1954],[17.1413,43.1954],[17.1393,43.1929],[17.1371,43.1935],[17.1343,43.1977],[17.1126,43.2071],[17.1107,43.2093],[17.111,43.2154],[17.1076,43.2182],[17.1085,43.2224],[17.1071,43.2266],[17.1024,43.2285],[17.0935,43.2279],[17.0854,43.2323],[17.0771,43.2335],[17.076,43.2415],[17.0724,43.2437],[17.069,43.2432],[17.0679,43.2465],[17.0624,43.2487],[17.0632,43.2537],[17.0543,43.2691],[17.0376,43.2751],[17.0354,43.2788],[17.0193,43.2863],[17.0176,43.2876],[17.0199,43.2919],[17.0187,43.2946],[17.0149,43.2946],[17.0171,43.2935],[17.0165,43.2918],[17.0079,43.2946],[17.0126,43.2946],[17.0141,43.2965],[17.0135,43.2996],[17.0096,43.3004],[17.0018,43.3054],[16.9927,43.3171],[16.9846,43.3213],[16.9788,43.3279],[16.9735,43.3304],[16.9715,43.3346],[16.9688,43.3346],[16.9651,43.3379],[16.9618,43.3387],[16.9613,43.3415],[16.9582,43.3421],[16.954,43.3476],[16.9518,43.3482],[16.9507,43.3518],[16.9479,43.3532],[16.9487,43.3563],[16.9474,43.3583],[16.9457,43.3579],[16.9443,43.3605],[16.9379,43.3613],[16.9335,43.3666],[16.929,43.3662],[16.9282,43.3685],[16.9226,43.3696],[16.9215,43.3729],[16.914,43.3774],[16.914,43.3796],[16.909,43.3801],[16.9076,43.3826],[16.9001,43.3851],[16.8893,43.3937],[16.8896,43.3979],[16.8879,43.4001],[16.8832,43.401],[16.8796,43.3988],[16.8682,43.3971],[16.8493,43.4013],[16.8296,43.4001],[16.8165,43.4032],[16.8113,43.4026],[16.8082,43.4046],[16.8007,43.4032],[16.7969,43.4049],[16.7915,43.4038],[16.7868,43.4063],[16.7774,43.4051],[16.7649,43.4087],[16.7504,43.4071],[16.7418,43.4107],[16.7288,43.4121],[16.7246,43.4132],[16.7221,43.4157],[16.7176,43.4157],[16.7165,43.4185],[16.7104,43.4201],[16.7068,43.4285],[16.7046,43.429],[16.7021,43.4363],[16.694,43.4421],[16.6887,43.441],[16.6874,43.439],[16.6882,43.4437],[16.6849,43.4424],[16.6851,43.4393],[16.666,43.4385],[16.6505,43.4413],[16.6393,43.4371],[16.639,43.4435],[16.636,43.4454],[16.6293,43.4457],[16.6235,43.4526],[16.6035,43.4601],[16.5951,43.4599],[16.5896,43.4638],[16.5807,43.4646],[16.5749,43.4682],[16.571,43.4729],[16.5615,43.4757],[16.5565,43.4813],[16.5479,43.4846],[16.5401,43.4907],[16.5374,43.4912],[16.5351,43.4987],[16.5313,43.504],[16.5237,43.5013],[16.5235,43.4993],[16.5257,43.4991],[16.524,43.4974],[16.5193,43.5001],[16.4982,43.5021],[16.4896,43.5004],[16.481,43.5018],[16.464,43.5015],[16.4613,43.499],[16.4579,43.4987],[16.4549,43.5007],[16.4513,43.4999],[16.4488,43.5021],[16.4446,43.5001],[16.4382,43.5004],[16.441,43.5051],[16.4368,43.5079],[16.4291,43.5041],[16.4291,43.5029],[16.4324,43.5026],[16.4296,43.5004],[16.4246,43.5007],[16.4229,43.5027],[16.4035,43.5038],[16.4001,43.5049],[16.4001,43.5071],[16.3985,43.5079],[16.3871,43.5076],[16.3901,43.5107],[16.4007,43.5135],[16.4015,43.5157],[16.4138,43.5146],[16.4146,43.5163],[16.4246,43.5165],[16.4257,43.519],[16.421,43.5218],[16.4215,43.524],[16.4293,43.5249],[16.4313,43.5279],[16.4357,43.5282],[16.4371,43.5299],[16.4418,43.5301],[16.441,43.526],[16.4443,43.5268],[16.4457,43.5304],[16.4613,43.5274],[16.4699,43.5276],[16.4713,43.5285],[16.4654,43.5299],[16.4665,43.5321],[16.4765,43.5327],[16.474,43.5354],[16.4632,43.536],[16.4613,43.5376],[16.441,43.5376],[16.4387,43.5387],[16.4363,43.5435],[16.4315,43.5449],[16.4233,43.5457],[16.4093,43.5438],[16.3935,43.5479],[16.3771,43.5479],[16.359,43.5515],[16.3468,43.5507],[16.3388,43.5476],[16.3329,43.5479],[16.321,43.5412],[16.3118,43.5396],[16.3076,43.5363],[16.3071,43.5335],[16.3026,43.5313],[16.3021,43.5282],[16.296,43.5268],[16.2954,43.5254],[16.2874,43.5246],[16.2784,43.526],[16.2526,43.5174],[16.2543,43.5154],[16.2638,43.5168],[16.2804,43.5138],[16.3026,43.5137],[16.3057,43.5115],[16.3099,43.5118],[16.3204,43.5079],[16.326,43.5035],[16.3385,43.5018],[16.3426,43.4965],[16.3535,43.4924],[16.364,43.4912],[16.3651,43.4932],[16.3685,43.4899],[16.3754,43.4879],[16.3874,43.4904],[16.3926,43.4893],[16.3901,43.486],[16.3815,43.4837],[16.3543,43.4829],[16.3496,43.4813],[16.3471,43.4824],[16.314,43.4821],[16.3046,43.4835],[16.2996,43.4863],[16.2876,43.4863],[16.2807,43.4879],[16.2732,43.4924],[16.2715,43.4907],[16.2721,43.4865],[16.2699,43.4846],[16.2615,43.4851],[16.2576,43.4837],[16.2555,43.4849],[16.2499,43.4821],[16.2468,43.4826],[16.2462,43.4785],[16.2418,43.4824],[16.239,43.4818],[16.2349,43.4849],[16.2296,43.484],[16.2215,43.4879],[16.219,43.4863],[16.2096,43.4879],[16.2068,43.4901],[16.2071,43.4935],[16.2029,43.4965],[16.2046,43.4982],[16.2254,43.499],[16.2332,43.496],[16.2363,43.4918],[16.2393,43.4921],[16.2371,43.4954],[16.256,43.4932],[16.2601,43.4971],[16.2582,43.5032],[16.256,43.5051],[16.2585,43.506],[16.2576,43.5079],[16.2496,43.5107],[16.2465,43.5076],[16.2449,43.5105],[16.2374,43.5115],[16.2451,43.5135],[16.2454,43.5149],[16.2207,43.5174],[16.211,43.5107],[16.1985,43.511],[16.1929,43.5085],[16.1826,43.5068],[16.1801,43.5082],[16.1829,43.5101],[16.1815,43.5121],[16.1599,43.5121],[16.1571,43.5151],[16.1451,43.5146],[16.1415,43.5171],[16.1374,43.5168],[16.1301,43.5196],[16.1268,43.5157],[16.1185,43.5176],[16.116,43.5127],[16.114,43.5118],[16.1226,43.5099],[16.1304,43.5109],[16.1329,43.5074],[16.141,43.5057],[16.1504,43.506],[16.1565,43.5035],[16.1568,43.5018],[16.1588,43.5029],[16.164,43.501],[16.1738,43.5007],[16.1743,43.4965],[16.1771,43.4951],[16.1763,43.4935],[16.1776,43.4921],[16.1715,43.4854],[16.1601,43.4843],[16.1585,43.4826],[16.1457,43.4835],[16.1396,43.4813],[16.1318,43.4815],[16.1274,43.4835],[16.1224,43.4824],[16.1157,43.4877],[16.1113,43.4882],[16.111,43.4865],[16.1135,43.4843],[16.129,43.4779],[16.1235,43.4754],[16.1207,43.4715],[16.1168,43.4724],[16.1104,43.4707],[16.104,43.4726],[16.0926,43.4724],[16.0857,43.476],[16.0854,43.4782],[16.0796,43.4776],[16.0779,43.479],[16.0785,43.4813],[16.0726,43.4813],[16.0676,43.4846],[16.0663,43.481],[16.0629,43.4796],[16.0624,43.4765],[16.0593,43.4749],[16.0529,43.4763],[16.0482,43.4804],[16.0423,43.4793],[16.041,43.4771],[16.0376,43.4774],[16.0365,43.4796],[16.0382,43.4799],[16.0435,43.4893],[16.0332,43.4896],[16.0271,43.4921],[16.0229,43.4921],[16.021,43.4899],[16.0213,43.4857],[16.0179,43.4865],[16.0146,43.4849],[16.0146,43.4896],[16.0187,43.491],[16.0168,43.5005],[16.0143,43.5001],[16.0151,43.4982],[16.0115,43.4946],[16.0063,43.4943],[16.0071,43.4912],[16.0024,43.4888],[16.0021,43.4871],[15.9963,43.4868],[15.9963,43.4893],[15.9932,43.4901],[15.9932,43.4915],[15.9949,43.4951],[16.0007,43.4985],[15.9982,43.5005],[15.9938,43.4999],[15.9938,43.4985],[15.9915,43.4999],[15.9876,43.4993],[15.9849,43.5051],[15.9846,43.4987],[15.9804,43.4993],[15.981,43.4974],[15.9785,43.4971],[15.9779,43.4949],[15.9699,43.494],[15.9713,43.4993],[15.974,43.5001],[15.9726,43.5051],[15.9704,43.5029],[15.9629,43.5007],[15.9635,43.4987],[15.9624,43.4985],[15.9601,43.5029],[15.951,43.5051],[15.9507,43.5074],[15.9526,43.509],[15.956,43.5076],[15.9624,43.5093],[15.9588,43.5132],[15.9554,43.5126],[15.954,43.5151],[15.9515,43.5157],[15.9524,43.5187],[15.9726,43.5121],[15.9824,43.5141],[15.9871,43.5179],[15.9874,43.5204],[15.9826,43.5243],[15.9807,43.5363],[15.9893,43.5385],[15.9782,43.5413],[15.9718,43.5396],[15.9752,43.5379],[15.9754,43.534],[15.9688,43.5315],[15.9624,43.5337],[15.9646,43.5274],[15.9632,43.5276],[15.9624,43.5218],[15.9607,43.5218],[15.9607,43.5268],[15.9576,43.5249],[15.9532,43.5276],[15.9537,43.5307],[15.9571,43.5318],[15.9565,43.5337],[15.9593,43.536],[15.9582,43.5379],[15.9596,43.5393],[15.9512,43.5404],[15.9476,43.5437],[15.9451,43.5435],[15.9418,43.5457],[15.9346,43.5449],[15.9243,43.5546],[15.9251,43.5593],[15.9343,43.5613],[15.9415,43.5607],[15.9382,43.5651],[15.9396,43.569],[15.9424,43.5704],[15.9374,43.5696],[15.9376,43.5674],[15.9346,43.5638],[15.9176,43.5701],[15.9165,43.5738],[15.9176,43.5754],[15.9279,43.5768],[15.9321,43.5793],[15.9307,43.5832],[15.9318,43.5857],[15.9288,43.5843],[15.9235,43.586],[15.9221,43.5838],[15.9193,43.5843],[15.9207,43.5868],[15.9232,43.5874],[15.9185,43.5896],[15.9176,43.5918],[15.9201,43.5924],[15.9229,43.5896],[15.926,43.5968],[15.9215,43.5993],[15.9187,43.606],[15.9199,43.6082],[15.9257,43.6087],[15.9237,43.6113],[15.9265,43.6121],[15.9179,43.6179],[15.9168,43.6215],[15.9207,43.6237],[15.9187,43.6257],[15.9132,43.6265],[15.9121,43.6285],[15.9165,43.6299],[15.9169,43.6327],[15.9203,43.6338],[15.9282,43.6329],[15.931,43.6304],[15.9454,43.6318],[15.9732,43.6304],[15.9638,43.6343],[15.9615,43.6335],[15.9513,43.6365],[15.9463,43.6357],[15.9429,43.6371],[15.9376,43.6432],[15.9318,43.6413],[15.9265,43.6429],[15.9157,43.6407],[15.9135,43.6426],[15.9082,43.6426],[15.9035,43.6451],[15.9023,43.6482],[15.9035,43.649],[15.9088,43.6468],[15.9201,43.6507],[15.9224,43.6476],[15.9263,43.6479],[15.929,43.6501],[15.9257,43.6546],[15.9282,43.6549],[15.9396,43.6479],[15.9405,43.6457],[15.9437,43.6451],[15.9468,43.6407],[15.9501,43.6404],[15.9471,43.6454],[15.949,43.6485],[15.949,43.6524],[15.9504,43.6529],[15.9457,43.6532],[15.9435,43.656],[15.9441,43.6585],[15.939,43.6601],[15.9399,43.6615],[15.9379,43.6629],[15.939,43.664],[15.9382,43.6665],[15.931,43.6682],[15.9288,43.6707],[15.9229,43.6726],[15.9215,43.676],[15.9151,43.6787],[15.9104,43.6837],[15.9093,43.6882],[15.9057,43.6885],[15.9024,43.6929],[15.8987,43.6929],[15.8943,43.699],[15.8918,43.6993],[15.8924,43.6971],[15.8882,43.6935],[15.881,43.6946],[15.8724,43.7015],[15.8701,43.7018],[15.8674,43.7054],[15.864,43.7062],[15.8563,43.7149],[15.8537,43.7207],[15.8488,43.7212],[15.8382,43.7271],[15.8279,43.7296],[15.8105,43.7393],[15.8068,43.7393],[15.8052,43.743],[15.7982,43.7443],[15.7919,43.7499],[15.789,43.7501],[15.7871,43.7532],[15.7829,43.7546],[15.7818,43.7574],[15.7763,43.7565],[15.7724,43.7515],[15.7679,43.7535],[15.7596,43.7515],[15.751,43.7521],[15.7482,43.7504],[15.7405,43.7543],[15.7379,43.759],[15.7279,43.7588],[15.7254,43.7629],[15.7176,43.7624],[15.701,43.7685],[15.6943,43.7643],[15.6957,43.7713],[15.6885,43.7757],[15.6843,43.7743],[15.6832,43.7762],[15.6863,43.7787],[15.6837,43.7804],[15.6826,43.7838],[15.6782,43.784],[15.6779,43.7857],[15.6721,43.7871],[15.6713,43.7912],[15.6593,43.7993],[15.6579,43.7996],[15.6571,43.7965],[15.6521,43.7968],[15.6493,43.7991],[15.6435,43.7985],[15.6435,43.7971],[15.646,43.7962],[15.6457,43.7946],[15.649,43.794],[15.6493,43.789],[15.6529,43.7879],[15.6488,43.7829],[15.6549,43.7788],[15.6596,43.7785],[15.659,43.7749],[15.6643,43.7732],[15.6682,43.7668],[15.6674,43.7643],[15.6607,43.7665],[15.659,43.7637],[15.6515,43.7646],[15.6504,43.7685],[15.6457,43.7663],[15.6407,43.7699],[15.6382,43.7687],[15.636,43.771],[15.6332,43.7713],[15.6324,43.7731],[15.6265,43.7732],[15.6241,43.7763],[15.621,43.7751],[15.6204,43.7768],[15.6243,43.7826],[15.6204,43.7826],[15.6174,43.7846],[15.6179,43.7874],[15.6146,43.7888],[15.6129,43.794],[15.6096,43.7965],[15.606,43.7943],[15.6074,43.794],[15.6063,43.7924],[15.6035,43.7921],[15.6024,43.796],[15.5985,43.7951],[15.5968,43.7976],[15.5929,43.7988],[15.5929,43.8027],[15.589,43.8024],[15.5899,43.8065],[15.5854,43.8051],[15.5846,43.8085],[15.5785,43.8124],[15.5793,43.8165],[15.5729,43.8171],[15.574,43.8218],[15.5696,43.821],[15.5709,43.8235],[15.5732,43.8238],[15.5726,43.8249],[15.5649,43.8271],[15.564,43.8293],[15.5654,43.8335],[15.5757,43.8349],[15.5751,43.8313],[15.5796,43.8304],[15.5813,43.8274],[15.5835,43.8271],[15.5846,43.8226],[15.5888,43.8224],[15.591,43.8246],[15.5896,43.8274],[15.5915,43.8315],[15.5974,43.8354],[15.599,43.8321],[15.5979,43.8265],[15.6007,43.8285],[15.6071,43.8268],[15.6074,43.8243],[15.6049,43.8213],[15.6065,43.8129],[15.6132,43.8057],[15.6182,43.8071],[15.6243,43.8037],[15.6243,43.7999],[15.6293,43.8005],[15.6299,43.7988],[15.6271,43.7965],[15.6276,43.7946],[15.6399,43.8005],[15.6376,43.8004],[15.6277,43.8082],[15.6157,43.8149],[15.6171,43.8193],[15.6146,43.8221],[15.6151,43.8235],[15.6188,43.8232],[15.6232,43.8174],[15.6279,43.816],[15.6301,43.8107],[15.6332,43.8112],[15.6374,43.8176],[15.6415,43.8177],[15.6435,43.8154],[15.6524,43.8165],[15.654,43.8138],[15.6668,43.8079],[15.6765,43.8068],[15.681,43.7979],[15.6821,43.8035],[15.6776,43.8085],[15.6771,43.8146],[15.6671,43.8143],[15.6663,43.8163],[15.6624,43.8162],[15.6618,43.8201],[15.6571,43.8201],[15.6549,43.8249],[15.6457,43.8282],[15.6451,43.8301],[15.6396,43.8333],[15.6326,43.8338],[15.6315,43.836],[15.6263,43.8387],[15.6271,43.8407],[15.6221,43.844],[15.619,43.8426],[15.6143,43.8446],[15.6026,43.8446],[15.5982,43.8474],[15.5879,43.8482],[15.5863,43.8521],[15.5832,43.8521],[15.584,43.8546],[15.5824,43.8563],[15.5735,43.8585],[15.5774,43.8618],[15.5754,43.8669],[15.5732,43.8662],[15.5746,43.8643],[15.5691,43.8618],[15.5677,43.8585],[15.5657,43.8582],[15.5649,43.8601],[15.5682,43.8635],[15.5624,43.859],[15.5596,43.8593],[15.559,43.8624],[15.5638,43.8651],[15.5587,43.8662],[15.5571,43.8685],[15.5582,43.8715],[15.5551,43.8704],[15.5437,43.8779],[15.5407,43.8776],[15.5335,43.881],[15.534,43.8832],[15.529,43.8854],[15.5285,43.8876],[15.5338,43.8885],[15.5341,43.8907],[15.5268,43.8946],[15.5257,43.8982],[15.5176,43.901],[15.5157,43.904],[15.4971,43.9071],[15.4932,43.9101],[15.4935,43.9121],[15.4912,43.9115],[15.4879,43.9143],[15.4776,43.9135],[15.4785,43.9176],[15.4751,43.9154],[15.471,43.916],[15.469,43.914],[15.4632,43.9202],[15.4557,43.9224],[15.451,43.9293],[15.446,43.9307],[15.446,43.9321],[15.4437,43.9324],[15.4415,43.9363],[15.4396,43.9368],[15.4385,43.9399],[15.4412,43.9396],[15.441,43.9426],[15.4445,43.9443],[15.4418,43.949],[15.4269,43.9599],[15.4229,43.9599],[15.4215,43.9624],[15.4115,43.9657],[15.409,43.9651],[15.4051,43.9676],[15.4032,43.9713],[15.3929,43.9782],[15.3935,43.9824],[15.3857,43.9912],[15.3804,43.9929],[15.376,43.9976],[15.3685,43.999],[15.3663,44.0068],[15.3613,44.0138],[15.3424,44.0313],[15.3321,44.0357],[15.321,44.0351],[15.3174,44.0368],[15.3096,44.0368],[15.3071,44.0415],[15.2996,44.0432],[15.3004,44.046],[15.3049,44.0438],[15.309,44.0438],[15.3087,44.0501],[15.3104,44.0515],[15.306,44.0529],[15.3026,44.0507],[15.301,44.0524],[15.3015,44.0543],[15.2985,44.0543],[15.2976,44.0518],[15.2937,44.0526],[15.2832,44.0607],[15.279,44.0685],[15.2835,44.0679],[15.2837,44.0693],[15.2771,44.0765],[15.276,44.0846],[15.2654,44.0868],[15.2674,44.0893],[15.2585,44.0943],[15.2582,44.0974],[15.2551,44.0962],[15.2505,44.0971],[15.2487,44.0951],[15.2424,44.0979],[15.2296,44.1093],[15.2268,44.1099],[15.2204,44.1165],[15.221,44.1188],[15.2268,44.118],[15.2304,44.1138],[15.2317,44.114],[15.2282,44.1182],[15.2249,44.1196],[15.2235,44.1251],[15.2154,44.1263],[15.2032,44.1312],[15.2031,44.1335],[15.2079,44.1335],[15.211,44.1377],[15.2132,44.1382],[15.2104,44.1418],[15.2107,44.1454],[15.2046,44.151],[15.1968,44.1551],[15.1949,44.1585],[15.1807,44.1696],[15.1743,44.1735],[15.1568,44.1799],[15.1565,44.1813],[15.1615,44.1818],[15.1613,44.1851],[15.1557,44.1891],[15.1457,44.1918],[15.1426,44.1946],[15.1424,44.1968],[15.1579,44.2001],[15.1596,44.2033],[15.1585,44.216],[15.1625,44.2184],[15.1663,44.2171],[15.1632,44.2204],[15.164,44.2254],[15.1663,44.2271],[15.1618,44.2321],[15.1554,44.2313],[15.1529,44.2343],[15.149,44.2357],[15.1471,44.2401],[15.1393,44.2404],[15.1371,44.239],[15.1329,44.2401],[15.131,44.2432],[15.1335,44.2479],[15.1246,44.249],[15.1279,44.2551],[15.1185,44.2579],[15.1138,44.2574],[15.1121,44.259],[15.1138,44.2646],[15.1162,44.266],[15.1199,44.2654],[15.1254,44.2682],[15.1268,44.2704],[15.1268,44.2765],[15.1293,44.2782],[15.1315,44.2782],[15.1301,44.2765],[15.131,44.2746],[15.1338,44.2746],[15.1399,44.2801],[15.1451,44.2785],[15.1529,44.2687],[15.1565,44.2687],[15.1721,44.2532],[15.1785,44.2502],[15.1785,44.249],[15.1746,44.2493],[15.176,44.2474],[15.1804,44.2471],[15.1768,44.2449],[15.1785,44.2426],[15.1813,44.2424],[15.1837,44.2463],[15.1901,44.2444],[15.189,44.2477],[15.2029,44.2471],[15.2085,44.2509],[15.2135,44.2574],[15.206,44.2646],[15.204,44.2718],[15.2004,44.2743],[15.1963,44.2743],[15.191,44.2826],[15.1957,44.2865],[15.2007,44.2865],[15.2068,44.2807],[15.2129,44.2796],[15.2154,44.2818],[15.2157,44.2849],[15.2065,44.291],[15.1971,44.2918],[15.1926,44.296],[15.1918,44.2988],[15.1932,44.2991],[15.2071,44.2926],[15.2157,44.2907],[15.2276,44.2824],[15.2335,44.2818],[15.2393,44.2743],[15.2446,44.2699],[15.2493,44.2691],[15.2618,44.2579],[15.271,44.2549],[15.284,44.2468],[15.2924,44.2454],[15.2996,44.2487],[15.3007,44.2565],[15.2949,44.2599],[15.2918,44.2599],[15.2937,44.2624],[15.2882,44.2654],[15.2882,44.2715],[15.2837,44.2746],[15.2815,44.2796],[15.2848,44.2815],[15.2926,44.2785],[15.3024,44.2785],[15.3073,44.2821],[15.3071,44.2865],[15.3007,44.2935],[15.2926,44.2962],[15.2885,44.3004],[15.2832,44.3024],[15.2704,44.3149],[15.2618,44.3185],[15.2615,44.3218],[15.2596,44.3235],[15.2654,44.3288],[15.2657,44.3318],[15.2679,44.3296],[15.2718,44.3293],[15.2743,44.3324],[15.2768,44.3326],[15.2779,44.3301],[15.2757,44.3265],[15.2782,44.3243],[15.2924,44.321],[15.3054,44.314],[15.3104,44.3132],[15.3149,44.3099],[15.3215,44.3079],[15.3221,44.304],[15.3271,44.304],[15.3324,44.3007],[15.3331,44.2965],[15.329,44.2921],[15.3393,44.2899],[15.3404,44.2874],[15.3451,44.2843],[15.3488,44.2843],[15.3607,44.2785],[15.3654,44.2782],[15.4007,44.2585],[15.4179,44.2546],[15.4226,44.256],[15.4263,44.2604],[15.4435,44.2632],[15.456,44.2607],[15.4624,44.2562],[15.4629,44.2591],[15.4646,44.259],[15.4699,44.2549],[15.4785,44.2557],[15.4799,44.2546],[15.4782,44.2526],[15.4904,44.2537],[15.4941,44.2507],[15.5118,44.2493],[15.521,44.2454],[15.5218,44.2438],[15.5199,44.2399],[15.5229,44.2318],[15.526,44.229],[15.5257,44.2262],[15.5307,44.2243],[15.5315,44.2218],[15.5363,44.2199],[15.536,44.2188],[15.5174,44.2204],[15.5165,44.2188],[15.5116,44.2176],[15.5079,44.2135],[15.4935,44.211],[15.4861,44.2121],[15.4824,44.2099],[15.4723,44.2099],[15.4718,44.2032],[15.4793,44.2018],[15.4871,44.1971],[15.496,44.189],[15.524,44.1763],[15.5293,44.1779],[15.5407,44.1868],[15.5466,44.1852],[15.5474,44.1838],[15.5454,44.1818],[15.5468,44.1813],[15.5485,44.1851],[15.5451,44.1885],[15.5487,44.1915],[15.5615,44.1924],[15.5693,44.1899],[15.5782,44.1824],[15.589,44.179],[15.5932,44.1793],[15.5935,44.1768],[15.5976,44.1732],[15.5979,44.1696],[15.601,44.1668],[15.606,44.166],[15.6062,44.1626],[15.6029,44.1624],[15.606,44.1557],[15.6018,44.1557],[15.6004,44.1454],[15.6126,44.1315],[15.6176,44.1299],[15.6193,44.1326],[15.6226,44.134],[15.6285,44.134],[15.6299,44.1382],[15.6274,44.1404],[15.6307,44.1437],[15.6304,44.146],[15.6226,44.1535],[15.6171,44.1549],[15.609,44.1621],[15.6068,44.1685],[15.6012,44.1682],[15.5993,44.1699],[15.5993,44.1743],[15.5962,44.1774],[15.5962,44.1801],[15.6018,44.1821],[15.6023,44.1843],[15.6046,44.184],[15.6051,44.1865],[15.5951,44.1918],[15.5955,44.1943],[15.5901,44.1996],[15.5896,44.2074],[15.5874,44.2032],[15.5846,44.2024],[15.5721,44.209],[15.5638,44.2101],[15.5596,44.2135],[15.5407,44.2193],[15.5285,44.2268],[15.5276,44.2307],[15.5226,44.2376],[15.5243,44.2457],[15.5224,44.2485],[15.5365,44.2468],[15.5373,44.2499],[15.5343,44.256],[15.5379,44.2588],[15.5371,44.2609],[15.5318,44.2596],[15.5313,44.2635],[15.5274,44.266],[15.5266,44.2688],[15.5049,44.2738],[15.504,44.2718],[15.4999,44.2721],[15.4951,44.2693],[15.4785,44.2685],[15.476,44.2726],[15.4771,44.2743],[15.4763,44.2765],[15.4685,44.2824],[15.4607,44.2829],[15.4599,44.2801],[15.4535,44.2796],[15.4507,44.2835],[15.4454,44.2863],[15.4449,44.2893],[15.4388,44.2929],[15.438,44.2952],[15.4307,44.2982],[15.4293,44.3026],[15.4265,44.3055],[15.4079,44.3171],[15.3985,44.3213],[15.3843,44.3243],[15.381,44.3271],[15.3782,44.3265],[15.3707,44.3299],[15.361,44.3307],[15.3499,44.3357],[15.3393,44.3371],[15.3366,44.341],[15.3285,44.344],[15.3218,44.3487],[15.314,44.3493],[15.3121,44.3529],[15.3099,44.3504],[15.3082,44.3507],[15.3065,44.3563],[15.2968,44.3601],[15.2929,44.3599],[15.2899,44.3628],[15.2876,44.361],[15.284,44.3615],[15.2774,44.3657],[15.2713,44.3729],[15.2688,44.3732],[15.2632,44.3788],[15.259,44.3801],[15.2585,44.3832],[15.2451,44.3943],[15.2357,44.4057],[15.2271,44.4115],[15.2135,44.4271],[15.2046,44.4315],[15.1913,44.4351],[15.1801,44.4446],[15.1857,44.4443],[15.1854,44.4463],[15.1829,44.4463],[15.1793,44.4493],[15.1776,44.4493],[15.1765,44.4465],[15.1749,44.4468],[15.1737,44.4518],[15.1699,44.4524],[15.1707,44.4549],[15.1679,44.4543],[15.1604,44.4579],[15.1607,44.4615],[15.1551,44.4601],[15.1504,44.4618],[15.1468,44.4651],[15.1443,44.4649],[15.1382,44.4713],[15.1363,44.471],[15.1338,44.4738],[15.137,44.4768],[15.1313,44.4762],[15.1251,44.4818],[15.1235,44.4865],[15.1179,44.4913],[15.1174,44.4943],[15.1113,44.499],[15.1113,44.501],[15.1088,44.5021],[15.1068,44.506],[15.1024,44.5076],[15.0993,44.5121],[15.0821,44.5199],[15.0776,44.5254],[15.0726,44.524],[15.0651,44.5301],[15.0665,44.5332],[15.0621,44.534],[15.0413,44.5518],[15.0307,44.5554],[15.0274,44.5593],[15.0243,44.5585],[15.0224,44.5596],[15.0215,44.5629],[15.0171,44.559],[15.0151,44.559],[15.0124,44.5624],[15.0101,44.5621],[15.0076,44.564],[15.0051,44.5695],[15.0015,44.569],[14.9993,44.5715],[14.9951,44.5704],[14.9879,44.574],[14.9893,44.5774],[14.9854,44.5768],[14.9857,44.581],[14.9818,44.5824],[14.9779,44.5924],[14.9751,44.5938],[14.9732,44.5976],[14.9685,44.5996],[14.9685,44.6021],[14.9663,44.6032],[14.9663,44.609],[14.9646,44.6104],[14.9655,44.6124],[14.9626,44.6157],[14.9615,44.6204],[14.9626,44.6243],[14.9587,44.6268],[14.9587,44.6301],[14.9546,44.631],[14.9513,44.6362],[14.9435,44.639],[14.9432,44.6421],[14.9387,44.6429],[14.9382,44.6457],[14.9315,44.6493],[14.9318,44.6529],[14.9285,44.6532],[14.9282,44.6565],[14.9254,44.6585],[14.926,44.6632],[14.9299,44.6635],[14.9282,44.6662],[14.9255,44.6671],[14.9271,44.6693],[14.9221,44.6699],[14.9193,44.6757],[14.9149,44.6771],[14.9124,44.6824],[14.9085,44.6835],[14.9093,44.6879],[14.9032,44.6879],[14.901,44.6929],[14.8963,44.6957],[14.8971,44.6999],[14.894,44.7007],[14.896,44.7046],[14.8921,44.7079],[14.8924,44.7124],[14.8885,44.7174],[14.8913,44.7188],[14.8913,44.7199],[14.8888,44.7201],[14.8896,44.7212],[14.8951,44.7221],[14.8971,44.7204],[14.896,44.7229],[14.8971,44.7257],[14.8924,44.7257],[14.8915,44.7276],[14.8926,44.734],[14.8965,44.7357],[14.8985,44.7393],[14.8971,44.7401],[14.8974,44.7426],[14.8946,44.744],[14.8943,44.7474],[14.8915,44.7477],[14.8896,44.7518],[14.8888,44.7593],[14.8857,44.7668],[14.8863,44.7693],[14.884,44.7732],[14.8835,44.7812],[14.8854,44.7832],[14.8813,44.7837],[14.8813,44.7879],[14.879,44.791],[14.8785,44.8004],[14.8796,44.8021],[14.8829,44.8024],[14.8799,44.8051],[14.881,44.8076],[14.8799,44.8132],[14.8827,44.8163],[14.8796,44.8199],[14.8837,44.8285],[14.8807,44.8357],[14.8846,44.8365],[14.8813,44.8396],[14.8818,44.8435],[14.8843,44.8446],[14.8854,44.8476],[14.8837,44.8496],[14.884,44.8585],[14.8862,44.859],[14.8885,44.8546],[14.8921,44.8571],[14.8951,44.8679],[14.8921,44.879],[14.8965,44.8826],[14.8957,44.8871],[14.9001,44.8918],[14.9065,44.9068],[14.9113,44.9057],[14.9126,44.9071],[14.9126,44.9146],[14.9157,44.9227],[14.9143,44.9257],[14.9168,44.9276],[14.9151,44.9296],[14.9188,44.9296],[14.9204,44.9315],[14.921,44.9407],[14.9271,44.9524],[14.9215,44.9607],[14.9204,44.9676],[14.916,44.9754],[14.8979,44.9874],[14.8973,44.9896],[14.9004,44.9904],[14.8985,44.9918],[14.8993,44.9985],[14.8957,45.0021],[14.8957,45.0051],[14.8915,45.0107],[14.8893,45.0113],[14.8891,45.0149],[14.8843,45.0218],[14.8846,45.0268],[14.8807,45.031],[14.8807,45.0365],[14.8751,45.0396],[14.8774,45.0454],[14.8724,45.0479],[14.8707,45.0563],[14.8649,45.0618],[14.8621,45.0674],[14.8582,45.0685],[14.8585,45.071],[14.8551,45.074],[14.8568,45.0762],[14.8563,45.0793],[14.8526,45.0846],[14.846,45.0879],[14.8424,45.0957],[14.8443,45.1035],[14.8401,45.1079],[14.8438,45.1099],[14.8462,45.114],[14.8424,45.1127],[14.8421,45.1104],[14.8335,45.1082],[14.8315,45.1112],[14.8327,45.1115],[14.8318,45.1135],[14.8338,45.1165],[14.8307,45.1163],[14.8279,45.1129],[14.8212,45.1143],[14.8204,45.116],[14.8146,45.1146],[14.8118,45.1185],[14.8079,45.1196],[14.8076,45.1215],[14.7901,45.1232],[14.7876,45.1246],[14.7876,45.1276],[14.7676,45.1296],[14.759,45.1318],[14.754,45.1357],[14.7399,45.1382],[14.7307,45.1471],[14.7165,45.1535],[14.7187,45.1576],[14.7151,45.159],[14.7137,45.1621],[14.7068,45.1643],[14.7026,45.1685],[14.6954,45.1693],[14.6899,45.1733],[14.6879,45.1729],[14.6763,45.1863],[14.6601,45.1957],[14.6565,45.1998],[14.6527,45.2013],[14.6518,45.1996],[14.6479,45.2001],[14.6488,45.2046],[14.6326,45.2124],[14.629,45.2121],[14.621,45.2149],[14.6179,45.2187],[14.6099,45.2187],[14.611,45.2207],[14.6099,45.2232],[14.6151,45.2254],[14.611,45.2282],[14.6124,45.2311],[14.6115,45.2326],[14.6074,45.2349],[14.6051,45.2343],[14.6051,45.2365],[14.5988,45.2376],[14.5963,45.2421],[14.5821,45.2474],[14.5829,45.2485],[14.5729,45.2482],[14.5715,45.2499],[14.5751,45.2515],[14.5751,45.2568],[14.5629,45.2649],[14.5624,45.2704],[14.5601,45.2729],[14.5624,45.2749],[14.5654,45.2735],[14.5668,45.2743],[14.5624,45.2762],[14.5651,45.2779],[14.5649,45.2823],[14.5699,45.2821],[14.5735,45.2799],[14.5815,45.2804],[14.5793,45.2849],[14.5729,45.2882],[14.5696,45.2924],[14.5646,45.2924],[14.5577,45.2985],[14.5507,45.2999],[14.5465,45.3018],[14.5437,45.3055],[14.5365,45.3074],[14.5382,45.3026],[14.5415,45.3018],[14.549,45.2949],[14.5521,45.2943],[14.5546,45.2896],[14.5604,45.2849],[14.5568,45.2818],[14.5579,45.2801],[14.5529,45.2793],[14.5515,45.2774],[14.541,45.2776],[14.5374,45.281],[14.5318,45.281],[14.5274,45.2843],[14.5204,45.2849],[14.5176,45.2887],[14.5091,45.2921],[14.4963,45.2949],[14.496,45.2977],[14.4932,45.2976],[14.4877,45.3029],[14.4874,45.3057],[14.489,45.3073],[14.4846,45.3071],[14.479,45.3099],[14.4796,45.3129],[14.4718,45.3124],[14.469,45.3157],[14.4601,45.3207],[14.4551,45.3193],[14.4457,45.3218],[14.4412,45.321],[14.444,45.3226],[14.441,45.3232],[14.4415,45.3254],[14.4349,45.326],[14.4332,45.3279],[14.4313,45.3265],[14.4313,45.3288],[14.4224,45.3304],[14.421,45.329],[14.4193,45.3315],[14.4096,45.3343],[14.4015,45.3335],[14.401,45.3349],[14.3887,45.3357],[14.3774,45.3379],[14.371,45.341],[14.3585,45.3426],[14.3549,45.3454],[14.3435,45.3476],[14.3426,45.3496],[14.339,45.3499],[14.3382,45.3512],[14.3332,45.3512],[14.331,45.3565],[14.3263,45.3557],[14.3254,45.3507],[14.3218,45.3507],[14.3215,45.3468],[14.3115,45.3387],[14.3118,45.3343],[14.3038,45.3315],[14.2996,45.3224],[14.2963,45.3187],[14.2918,45.3179],[14.2918,45.314],[14.2873,45.3121],[14.2863,45.3071],[14.2815,45.3054],[14.2832,45.304],[14.2821,45.3001],[14.2776,45.2974],[14.2785,45.2896],[14.2768,45.2896],[14.274,45.2857],[14.2726,45.2715],[14.2693,45.2701],[14.2704,45.266],[14.266,45.2643],[14.2668,45.2615],[14.2654,45.261],[14.2649,45.2515],[14.2624,45.2499],[14.2624,45.2465],[14.2576,45.2371],[14.2549,45.236],[14.2549,45.2261],[14.2501,45.2212],[14.251,45.2168],[14.2451,45.211],[14.2457,45.2079],[14.2432,45.204],[14.244,45.2005],[14.2426,45.1985],[14.246,45.1951],[14.2446,45.1838],[14.241,45.1804],[14.2426,45.1793],[14.2382,45.1785],[14.2371,45.1751],[14.2351,45.1743],[14.2373,45.1682],[14.2319,45.1621],[14.2293,45.1551],[14.2268,45.1538],[14.2282,45.1476],[14.2232,45.1437],[14.2249,45.1427],[14.2249,45.1374],[14.2176,45.1351],[14.2137,45.1238],[14.2076,45.116],[14.2012,45.1201],[14.1929,45.1226],[14.1899,45.1282],[14.1824,45.1329],[14.1785,45.1329],[14.1869,45.1282],[14.1882,45.1215],[14.1979,45.1146],[14.1981,45.1065],[14.1901,45.0932],[14.1799,45.0857],[14.1757,45.079],[14.1688,45.076],[14.1663,45.0724],[14.1604,45.0737],[14.1585,45.0779],[14.1521,45.0785],[14.1537,45.0693],[14.1496,45.0671],[14.1557,45.0651],[14.1551,45.0635],[14.1571,45.0604],[14.1601,45.059],[14.159,45.0554],[14.1565,45.0549],[14.1551,45.0521],[14.1588,45.0521],[14.159,45.0485],[14.1635,45.0446],[14.1632,45.0412],[14.1601,45.0418],[14.1482,45.0527],[14.1435,45.054],[14.1429,45.0518],[14.1499,45.0479],[14.151,45.0446],[14.1549,45.0415],[14.1557,45.0374],[14.161,45.0332],[14.1596,45.031],[14.1554,45.0335],[14.1557,45.0279],[14.161,45.0232],[14.1593,45.0207],[14.1643,45.0201],[14.1651,45.0171],[14.1626,45.0146],[14.166,45.0149],[14.1682,45.011],[14.1668,45.0043],[14.1715,44.9932],[14.1721,44.9868],[14.1701,44.9796],[14.1669,44.9785],[14.1657,44.9749],[14.1593,44.9707],[14.156,44.9671],[14.156,44.9643],[14.1476,44.9565],[14.1438,44.9562],[14.1385,44.9621],[14.1371,44.9663],[14.1224,44.9613],[14.1176,44.966],[14.1193,44.9685],[14.1171,44.9702],[14.1079,44.971],[14.104,44.9693],[14.0996,44.9646],[14.0901,44.9624],[14.0813,44.9565],[14.076,44.9463],[14.0643,44.9449],[14.069,44.949],[14.0674,44.9599],[14.0727,44.9632],[14.0724,44.9696],[14.0768,44.9712],[14.0885,44.9699],[14.0912,44.9718],[14.0987,44.9712],[14.0987,44.9726],[14.0951,44.9749],[14.0899,44.9754],[14.0874,44.9776],[14.0871,44.9849],[14.0824,44.9837],[14.0801,44.986],[14.079,44.9946],[14.076,44.9976],[14.0779,45.0049],[14.0682,44.9996],[14.054,45.0035],[14.054,45.0082],[14.0593,45.0137],[14.0593,45.0179],[14.0532,45.021],[14.0535,45.0274],[14.0493,45.0293],[14.0474,45.034],[14.0454,45.0315],[14.0393,45.0307],[14.0387,45.0285],[14.0421,45.0246],[14.0432,45.0185],[14.0465,45.0165],[14.0465,45.0137],[14.0404,45.0049],[14.0379,45.0041],[14.0376,45.0001],[14.0407,45.0013],[14.0463,45.0004],[14.0501,44.9963],[14.0535,44.9971],[14.069,44.9935],[14.0712,44.9918],[14.0729,44.981],[14.0756,44.9801],[14.0765,44.9779],[14.0724,44.9754],[14.0643,44.9776],[14.0673,44.9746],[14.0643,44.9713],[14.0649,44.9668],[14.0543,44.9624],[14.0565,44.959],[14.0513,44.9549],[14.0546,44.951],[14.0538,44.9476],[14.0501,44.9465],[14.0326,44.9526],[14.0357,44.9491],[14.0413,44.9471],[14.0407,44.9449],[14.0449,44.9449],[14.0468,44.941],[14.0504,44.9396],[14.0504,44.9374],[14.0476,44.9349],[14.0437,44.9343],[14.0457,44.9307],[14.0424,44.929],[14.0443,44.9265],[14.0404,44.9251],[14.0415,44.9238],[14.0385,44.9171],[14.0349,44.9169],[14.0307,44.923],[14.0265,44.9254],[14.0288,44.9196],[14.026,44.9196],[14.0251,44.9174],[14.0218,44.9174],[14.0201,44.9157],[14.0299,44.9135],[14.0299,44.9118],[14.0273,44.9107],[14.0271,44.9046],[14.0246,44.9043],[14.024,44.9018],[14.0199,44.9015],[14.0157,44.8963],[14.014,44.8996],[14.0124,44.8996],[14.0074,44.8924],[13.9982,44.8929],[13.9968,44.8918],[13.9888,44.8954],[13.9832,44.9027],[13.981,44.9021],[13.9835,44.8985],[13.9813,44.8929],[13.986,44.8935],[13.9899,44.8913],[13.9932,44.8868],[14.0032,44.8874],[14.0035,44.8815],[14.0004,44.8799],[13.9957,44.8807],[13.9929,44.8782],[13.9918,44.8743],[13.9955,44.8735],[13.9973,44.8704],[13.9957,44.8668],[14.001,44.8651],[14.0018,44.8635],[13.9927,44.8609],[13.9915,44.8557],[13.9826,44.8524],[13.9826,44.8482],[13.9793,44.8404],[13.9824,44.8363],[13.9854,44.8354],[13.9874,44.8315],[13.9893,44.8315],[13.9893,44.829],[13.9863,44.8251],[13.9788,44.8232],[13.9765,44.8193],[13.9801,44.8176],[13.9832,44.8191],[13.9846,44.8218],[13.9912,44.8213],[13.9923,44.8171],[13.991,44.816],[13.9926,44.814],[14.0004,44.8121],[14.0005,44.8091],[13.9976,44.8076],[14.004,44.8051],[14.0012,44.8018],[13.9904,44.8046],[13.9888,44.8026],[13.9763,44.8026],[13.9729,44.8046],[13.9637,44.8029],[13.9587,44.8049],[13.9485,44.8029],[13.9438,44.8054],[13.9413,44.8101],[13.9321,44.8135],[13.9304,44.8115],[13.9326,44.8088],[13.9304,44.8054],[13.9329,44.8032],[13.9296,44.8029],[13.9263,44.809],[13.9279,44.8101],[13.9282,44.8143],[13.9337,44.8176],[13.9301,44.8196],[13.9285,44.8163],[13.9215,44.8165],[13.9213,44.8196],[13.9229,44.821],[13.9279,44.8204],[13.9274,44.8221],[13.9241,44.8221],[13.9249,44.8237],[13.9235,44.8254],[13.9196,44.8251],[13.9146,44.8293],[13.9099,44.8301],[13.911,44.8243],[13.9096,44.8221],[13.8999,44.8243],[13.9043,44.821],[13.9013,44.8176],[13.8938,44.8207],[13.891,44.824],[13.8843,44.8238],[13.8829,44.8207],[13.8882,44.8185],[13.8882,44.8168],[13.8976,44.8173],[13.9013,44.8149],[13.911,44.8154],[13.9176,44.8127],[13.9188,44.8104],[13.9168,44.8093],[13.919,44.8098],[13.9199,44.8057],[13.9249,44.8032],[13.9229,44.8007],[13.9201,44.801],[13.9213,44.8001],[13.9204,44.7971],[13.9221,44.7955],[13.9185,44.7957],[13.9171,44.7918],[13.9146,44.7921],[13.9165,44.7857],[13.9199,44.7863],[13.9174,44.7829],[13.9204,44.7821],[13.921,44.7796],[13.9135,44.7771],[13.9132,44.7749],[13.9215,44.7771],[13.9235,44.7735],[13.9174,44.7718],[13.9235,44.7713],[13.9246,44.7696],[13.9271,44.7704],[13.9273,44.7687],[13.9254,44.7663],[13.9182,44.7657],[13.9171,44.7673],[13.9046,44.7693],[13.9068,44.7729],[13.9057,44.7768],[13.9035,44.7776],[13.9043,44.7813],[13.9029,44.7835],[13.9068,44.7862],[13.9013,44.786],[13.9029,44.7893],[13.9001,44.7901],[13.9001,44.7915],[13.9035,44.7943],[13.9015,44.7988],[13.9037,44.8025],[13.9035,44.8054],[13.901,44.8082],[13.886,44.8096],[13.8807,44.8054],[13.8732,44.8046],[13.8743,44.8071],[13.8782,44.8088],[13.8663,44.8085],[13.8615,44.8124],[13.8659,44.8177],[13.874,44.8196],[13.8741,44.8207],[13.8673,44.8221],[13.861,44.8151],[13.8557,44.8154],[13.8532,44.8179],[13.856,44.8193],[13.8563,44.821],[13.849,44.8221],[13.8457,44.8257],[13.8475,44.8285],[13.8518,44.8268],[13.8546,44.829],[13.8615,44.8282],[13.8604,44.8332],[13.8507,44.8304],[13.8438,44.831],[13.8438,44.8343],[13.8468,44.8373],[13.8413,44.8387],[13.8415,44.8413],[13.8413,44.8435],[13.8385,44.8382],[13.8418,44.8351],[13.8326,44.8326],[13.8265,44.8363],[13.834,44.8429],[13.8313,44.8432],[13.8304,44.8474],[13.8329,44.8499],[13.8296,44.8507],[13.829,44.8535],[13.8251,44.8537],[13.8262,44.8576],[13.8229,44.8565],[13.8215,44.859],[13.8168,44.8605],[13.8157,44.8571],[13.8185,44.8549],[13.8143,44.8532],[13.809,44.8565],[13.8135,44.8596],[13.8121,44.8615],[13.8105,44.8593],[13.8074,44.859],[13.8057,44.861],[13.7996,44.8604],[13.7965,44.8629],[13.7965,44.8668],[13.7924,44.8718],[13.7929,44.8749],[13.7949,44.8763],[13.8029,44.8757],[13.8046,44.8732],[13.8079,44.8721],[13.8076,44.8696],[13.8151,44.8668],[13.8168,44.8638],[13.8201,44.866],[13.826,44.864],[13.8274,44.8665],[13.8357,44.8646],[13.841,44.8682],[13.8404,44.871],[13.8432,44.8732],[13.8485,44.874],[13.8457,44.8776],[13.8479,44.8835],[13.8385,44.8854],[13.8329,44.881],[13.8335,44.8788],[13.8321,44.8779],[13.8224,44.8788],[13.8201,44.8774],[13.8204,44.8757],[13.8168,44.8754],[13.8165,44.8785],[13.811,44.8796],[13.8113,44.8829],[13.8068,44.8821],[13.8043,44.8838],[13.8054,44.8924],[13.7943,44.8896],[13.7971,44.8946],[13.8018,44.8954],[13.8035,44.8982],[13.8088,44.8996],[13.8104,44.9063],[13.8132,44.9082],[13.8085,44.909],[13.8093,44.9118],[13.8049,44.9132],[13.8012,44.9193],[13.8026,44.9254],[13.8019,44.9313],[13.7899,44.9401],[13.7896,44.9457],[13.7821,44.9515],[13.7846,44.9546],[13.7843,44.9565],[13.781,44.9574],[13.7804,44.9599],[13.7701,44.9665],[13.7671,44.9738],[13.7649,44.9751],[13.7654,44.9793],[13.761,44.9829],[13.7615,44.9857],[13.7565,44.9871],[13.7546,44.9854],[13.7446,44.9854],[13.7413,44.9874],[13.7349,44.9857],[13.734,44.9876],[13.7363,44.9918],[13.7324,44.9924],[13.731,44.996],[13.7249,44.9968],[13.7235,44.9982],[13.7243,45.0024],[13.7193,45.0054],[13.7199,45.0079],[13.7118,45.0074],[13.7107,45.0085],[13.7107,45.0101],[13.714,45.011],[13.7113,45.0143],[13.7149,45.0199],[13.714,45.0218],[13.711,45.0232],[13.7063,45.021],[13.7015,45.0238],[13.696,45.0221],[13.6899,45.0232],[13.689,45.0274],[13.6924,45.0297],[13.6901,45.0313],[13.6907,45.039],[13.681,45.0435],[13.6823,45.0477],[13.6871,45.0482],[13.6885,45.0507],[13.6838,45.0507],[13.676,45.0532],[13.6746,45.0554],[13.6701,45.0557],[13.6696,45.0574],[13.6721,45.0585],[13.6715,45.0601],[13.6629,45.0607],[13.6561,45.0651],[13.6443,45.0663],[13.6426,45.064],[13.6383,45.0649],[13.6371,45.0629],[13.6349,45.0641],[13.6287,45.0629],[13.6293,45.066],[13.6268,45.0674],[13.626,45.0704],[13.636,45.0696],[13.6363,45.0715],[13.6329,45.076],[13.6385,45.0795],[13.6321,45.0799],[13.6285,45.0843],[13.6335,45.0843],[13.6404,45.0868],[13.6404,45.0962],[13.6357,45.0979],[13.634,45.0946],[13.6301,45.0937],[13.629,45.0951],[13.6315,45.0979],[13.631,45.0996],[13.6224,45.0999],[13.6213,45.1024],[13.6135,45.1057],[13.6115,45.1079],[13.6115,45.1115],[13.6071,45.1146],[13.6074,45.1179],[13.6162,45.1174],[13.6165,45.1185],[13.6143,45.1191],[13.6146,45.121],[13.6199,45.1196],[13.6238,45.1165],[13.6235,45.1201],[13.6265,45.1221],[13.6204,45.1232],[13.6226,45.1257],[13.6176,45.1329],[13.6129,45.1304],[13.6035,45.1315],[13.601,45.1387],[13.5963,45.1407],[13.6004,45.1429],[13.5974,45.1449],[13.599,45.1493],[13.6018,45.1493],[13.5974,45.1499],[13.5971,45.1535],[13.6049,45.1535],[13.6088,45.1565],[13.6088,45.1593],[13.6051,45.1604],[13.6051,45.1621],[13.5999,45.1629],[13.6035,45.1651],[13.5963,45.1674],[13.5988,45.1701],[13.5982,45.1721],[13.5924,45.1729],[13.5904,45.1715],[13.5904,45.174],[13.5882,45.1754],[13.5904,45.1774],[13.5971,45.1768],[13.5988,45.1784],[13.6026,45.1782],[13.6035,45.1799],[13.5957,45.1857],[13.5899,45.1854],[13.5904,45.189],[13.5849,45.191],[13.5843,45.1946],[13.5793,45.1979],[13.581,45.1993],[13.5899,45.1993],[13.5896,45.201],[13.5854,45.2038],[13.5862,45.206],[13.5896,45.2057],[13.5915,45.2026],[13.5982,45.204],[13.5971,45.2071],[13.5935,45.2079],[13.5899,45.2065],[13.5874,45.209],[13.5904,45.2093],[13.5899,45.2115],[13.5885,45.2115],[13.5885,45.2143],[13.5929,45.214],[13.594,45.2155],[13.5918,45.2176],[13.5938,45.2257],[13.5882,45.2282],[13.5917,45.2293],[13.5976,45.2285],[13.5985,45.2321],[13.594,45.2374],[13.5965,45.2379],[13.5976,45.2421],[13.5999,45.2438],[13.5893,45.2485],[13.5949,45.2518],[13.5955,45.2535],[13.5937,45.2549],[13.5837,45.2532],[13.5818,45.2549],[13.576,45.2554],[13.576,45.2571],[13.5801,45.2596],[13.5815,45.2649],[13.5771,45.2651],[13.5749,45.2632],[13.5726,45.2646],[13.5799,45.269],[13.5796,45.2713],[13.5823,45.2727],[13.5824,45.2751],[13.5807,45.2765],[13.5815,45.2779],[13.5868,45.2754],[13.5893,45.2768],[13.5935,45.2754],[13.5963,45.2771],[13.6015,45.2768],[13.5963,45.2796],[13.6007,45.2849],[13.5974,45.2821],[13.5868,45.2837],[13.5815,45.2876],[13.581,45.2899],[13.5685,45.2976],[13.5691,45.2991],[13.5749,45.3005],[13.5818,45.2982],[13.5899,45.2979],[13.5871,45.3021],[13.591,45.3063],[13.5996,45.3079],[13.6061,45.3124],[13.6115,45.3118],[13.6143,45.3135],[13.6029,45.3149],[13.6065,45.3185],[13.6038,45.3171],[13.5965,45.3171],[13.601,45.321],[13.5985,45.3221],[13.5908,45.321],[13.5924,45.3193],[13.5919,45.3168],[13.5887,45.3146],[13.5729,45.3135],[13.5674,45.3157],[13.5651,45.314],[13.5601,45.314],[13.5568,45.3157],[13.5638,45.3196],[13.5632,45.3221],[13.5568,45.3243],[13.556,45.321],[13.5524,45.3213],[13.5513,45.3257],[13.5393,45.3282],[13.5396,45.3313],[13.544,45.3329],[13.5438,45.3346],[13.5404,45.3363],[13.5404,45.3382],[13.5443,45.341],[13.5393,45.3471],[13.5376,45.3526],[13.5443,45.3524],[13.5501,45.354],[13.5551,45.3582],[13.5515,45.3605],[13.5419,45.3607],[13.5407,45.3688],[13.5446,45.3726],[13.536,45.3743],[13.5351,45.3757],[13.5447,45.3785],[13.5376,45.381],[13.5326,45.3851],[13.5323,45.3885],[13.5393,45.3915],[13.5307,45.3954],[13.5363,45.4015],[13.5293,45.4029],[13.5276,45.4065],[13.5246,45.4065],[13.5224,45.4107],[13.5154,45.4151],[13.5171,45.4213],[13.5157,45.4235],[13.5199,45.4218],[13.5241,45.4254],[13.5185,45.4274],[13.5193,45.4327],[13.5154,45.4343],[13.521,45.4338],[13.524,45.4379],[13.5185,45.4396],[13.5171,45.4376],[13.5118,45.4379],[13.5118,45.4404],[13.5079,45.4407],[13.5096,45.4437],[13.5149,45.446],[13.5154,45.449],[13.5118,45.4499],[13.5112,45.4518],[13.5168,45.4532],[13.5126,45.4579],[13.5079,45.4582],[13.5113,45.4596],[13.511,45.4618],[13.5132,45.4627],[13.5126,45.4643],[13.5082,45.4654],[13.5093,45.4665],[13.5085,45.4701],[13.5104,45.4732],[13.504,45.4751],[13.4904,45.4857],[13.4905,45.4907],[13.4985,45.4918],[13.4968,45.4979],[13.4985,45.4993],[13.5037,45.4993],[13.5018,45.501],[13.5032,45.5037],[13.511,45.5057],[13.5185,45.5021],[13.5282,45.5007],[13.5585,45.4899],[13.5601,45.4876],[13.5671,45.4854],[13.5684,45.4831],[13.5954,45.4631],[13.6169,45.4608],[13.6328,45.4564],[13.6545,45.447],[13.7357,45.4787],[13.7579,45.4701],[13.7901,45.4727],[13.8077,45.4721],[13.8261,45.4675],[13.8643,45.4483],[13.8715,45.4411],[13.8775,45.4283],[13.9065,45.4471],[13.9227,45.4537],[13.9352,45.4641],[13.9768,45.464],[14.0,45.4719],[14.0055,45.4815],[14.0055,45.4893],[14.0193,45.5025],[14.0347,45.5017],[14.0807,45.4847],[14.1249,45.4803],[14.189,45.4789],[14.2226,45.4816],[14.4022,45.5188],[14.4581,45.5282],[14.4845,45.5469],[14.4879,45.5579],[14.4859,45.5683],[14.4901,45.5867],[14.4887,45.6009],[14.4931,45.6095],[14.5325,45.6229],[14.5411,45.6312],[14.5465,45.6384],[14.5553,45.6719],[14.5779,45.6661],[14.5903,45.6689],[14.6069,45.6653],[14.6203,45.6581],[14.6126,45.6461],[14.603,45.6365],[14.5971,45.623],[14.6002,45.6204],[14.6292,45.6094],[14.6339,45.6025],[14.6292,45.5965],[14.6497,45.5919],[14.6643,45.5865],[14.673,45.5778],[14.6803,45.5692],[14.6827,45.5591],[14.6816,45.5464],[14.674,45.5366],[14.6895,45.5272],[14.7113,45.5311],[14.725,45.526],[14.7315,45.5179],[14.7434,45.5162],[14.7611,45.519],[14.7949,45.5143],[14.8017,45.5081],[14.8056,45.499],[14.8058,45.4798],[14.8157,45.4741],[14.8601,45.4795],[14.8876,45.4876],[14.8948,45.4971],[14.8996,45.5076],[14.8958,45.5188],[14.8988,45.5341],[14.9137,45.5399],[14.9316,45.5371],[14.9677,45.5135],[14.9811,45.5065],[14.9965,45.5071],[15.0081,45.5047],[15.0205,45.4989],[15.0391,45.5047],[15.056,45.5022],[15.0775,45.4916],[15.0802,45.4815],[15.0859,45.4735],[15.1134,45.4608],[15.1273,45.4571],[15.1373,45.4515],[15.1443,45.4399],[15.1591,45.4326],[15.2125,45.4393],[15.2163,45.4507],[15.2307,45.4587],[15.2625,45.4642],[15.2784,45.4638],[15.292,45.4598],[15.3116,45.4594],[15.3568,45.4743],[15.3779,45.492],[15.3777,45.5007],[15.3696,45.505],[15.3472,45.5083],[15.3382,45.5118],[15.3179,45.5345],[15.3068,45.5394],[15.2986,45.5484],[15.2941,45.5587],[15.2936,45.5691],[15.2979,45.5819],[15.2911,45.5943],[15.2792,45.6047],[15.2823,45.6135],[15.2958,45.6172],[15.3008,45.6249],[15.3013,45.634],[15.3125,45.641],[15.3261,45.6433],[15.3324,45.6464],[15.3281,45.6515],[15.3375,45.6564],[15.3553,45.6562],[15.3804,45.6527],[15.3871,45.6574],[15.3906,45.6663],[15.3837,45.675],[15.3742,45.6823],[15.3601,45.6873],[15.3508,45.6988],[15.3438,45.7135],[15.3377,45.7187],[15.3266,45.7181],[15.3127,45.7032],[15.2902,45.6887],[15.2845,45.6902],[15.2728,45.708],[15.2503,45.7082],[15.2401,45.714],[15.237,45.7234],[15.2377,45.7301],[15.2429,45.7373],[15.2562,45.7401],[15.3709,45.7802],[15.389,45.7818],[15.4187,45.7902],[15.4422,45.7852],[15.4497,45.7886],[15.4533,45.7948],[15.4545,45.8036],[15.4516,45.8121],[15.4538,45.8224],[15.4617,45.8328],[15.4717,45.8416],[15.4742,45.8361],[15.4799,45.8325],[15.4933,45.8309],[15.5102,45.8342],[15.5227,45.839],[15.5352,45.8536],[15.5489,45.8608],[15.5778,45.8524],[15.6037,45.8494],[15.6426,45.8296],[15.6997,45.8631],[15.6798,45.8692],[15.6749,45.8779],[15.6648,45.9089],[15.6691,45.9181],[15.6875,45.9356],[15.6938,45.9464],[15.6912,45.9574],[15.7016,45.976],[15.7005,45.988],[15.692,46.0065],[15.71,46.0472],[15.7033,46.055],[15.6828,46.0682],[15.6526,46.0789],[15.6302,46.0848],[15.6129,46.0943],[15.5954,46.1168],[15.5904,46.147],[15.5934,46.1559],[15.5979,46.1645],[15.6044,46.1709],[15.627,46.1858],[15.6333,46.1933],[15.6386,46.2052],[15.6353,46.2163],[15.6513,46.2135],[15.6717,46.2139],[15.689,46.2165],[15.6992,46.2089],[15.7107,46.2055],[15.7273,46.2042],[15.7447,46.2059],[15.7584,46.2112],[15.7725,46.2181],[15.7809,46.2285],[15.7836,46.2406],[15.7804,46.2585],[15.7847,46.2628],[15.8279,46.2642],[15.8373,46.2684],[15.845,46.2757],[15.8577,46.2838],[15.9421,46.3023],[15.9602,46.3102],[15.996,46.3182],[16.0067,46.3262],[16.0106,46.3347],[16.0164,46.3392],[16.0311,46.3437],[16.0451,46.3455],[16.0512,46.3498],[16.0529,46.3559],[16.0482,46.3639],[16.0448,46.3744],[16.0434,46.3862],[16.0513,46.3943],[16.0643,46.3987],[16.1082,46.4089],[16.1293,46.4115],[16.1474,46.4103],[16.1772,46.399],[16.2065,46.3941],[16.2256,46.3927],[16.2507,46.3951],[16.2618,46.3912],[16.2754,46.3836],[16.2955,46.3882],[16.2973,46.3946],[16.2941,46.4043],[16.2822,46.4148],[16.2676,46.4314],[16.2561,46.4571],[16.2516,46.4907],[16.2544,46.515],[16.2641,46.5273],[16.2796,46.5352],[16.2977,46.5365],[16.3159,46.541],[16.3424,46.5505],[16.3556,46.5483],[16.3717,46.5395],[16.3918,46.548],[16.4027,46.5452],[16.421,46.5325],[16.4503,46.5306],[16.4681,46.5232],[16.4862,46.5186],[16.5031,46.5103],[16.5144,46.499],[16.5188,46.49],[16.5468,46.4868],[16.5615,46.4798],[16.6051,46.4781],[16.605,46.4748],[16.6074,46.4722],[16.6115,46.4698],[16.6198,46.4683],[16.6216,46.4707],[16.627,46.4649],[16.6343,46.4675],[16.6411,46.464],[16.6625,46.4601],[16.6656,46.4579],[16.6662,46.4545],[16.6593,46.4489],[16.6594,46.4466],[16.6634,46.4439],[16.6679,46.4471],[16.6735,46.4479],[16.6755,46.4438],[16.6812,46.4407],[16.6884,46.4273],[16.6972,46.4161],[16.7071,46.4047],[16.7165,46.3986],[16.7195,46.392],[16.7234,46.3911],[16.7257,46.3932],[16.7257,46.3966],[16.7286,46.4011],[16.739,46.4009],[16.7402,46.3981],[16.7385,46.3945],[16.74,46.39],[16.7478,46.3857],[16.7545,46.3894],[16.7574,46.3882],[16.7594,46.3832],[16.7626,46.3805],[16.7679,46.3823],[16.7689,46.385],[16.7724,46.3863],[16.7814,46.3806],[16.7885,46.3876],[16.7964,46.3876],[16.8027,46.387],[16.8044,46.3809],[16.8065,46.379],[16.8134,46.3801],[16.8148,46.3735],[16.8176,46.3724],[16.8217,46.3743],[16.8256,46.3741],[16.8303,46.3686],[16.8339,46.3745],[16.8366,46.3759],[16.8398,46.3731],[16.8394,46.3697],[16.8366,46.3669],[16.8374,46.3647],[16.8436,46.3653],[16.8499,46.3628],[16.8524,46.3559],[16.8563,46.3544],[16.8669,46.3554],[16.8667,46.3522],[16.8634,46.3472],[16.8661,46.3449],[16.8748,46.3424],[16.8729,46.3392],[16.8737,46.3372],[16.8784,46.3368],[16.881,46.3344],[16.8752,46.3279],[16.8765,46.3114],[16.8864,46.2962],[16.8878,46.2824],[16.8915,46.2793],[16.9039,46.2748],[16.9107,46.2655],[16.9164,46.2622],[16.9356,46.2552],[16.9487,46.2433],[16.9629,46.2404],[16.9719,46.242],[16.9705,46.2327],[16.9726,46.2245],[17.0024,46.2236],[17.0126,46.2205],[17.0553,46.2011],[17.0638,46.2001],[17.0684,46.1949],[17.0778,46.1926],[17.0831,46.189],[17.1004,46.1875],[17.1043,46.183],[17.1094,46.1803],[17.1225,46.1805],[17.1278,46.1739],[17.1332,46.1727],[17.1434,46.1748],[17.1516,46.1742],[17.1565,46.1735],[17.1596,46.1712],[17.1581,46.1663],[17.1589,46.1619],[17.1638,46.1596],[17.1697,46.1596],[17.1796,46.1535],[17.1759,46.1495],[17.1801,46.1407],[17.1839,46.1384],[17.1843,46.1352],[17.1753,46.1306],[17.18,46.125],[17.1797,46.1212],[17.1748,46.114],[17.1843,46.109],[17.1999,46.114],[17.2065,46.1125],[17.2138,46.1148],[17.2146,46.1106],[17.2109,46.1024],[17.2286,46.1004],[17.2286,46.0975],[17.2224,46.0959],[17.2171,46.0891],[17.2012,46.0844],[17.199,46.082],[17.2025,46.0796],[17.2196,46.0833],[17.2317,46.0809],[17.2363,46.0783],[17.2382,46.0687],[17.2454,46.0644],[17.2405,46.0636],[17.2321,46.0675],[17.2266,46.0679],[17.2264,46.0642],[17.2543,46.0586],[17.266,46.0587],[17.2679,46.0564],[17.2559,46.0478],[17.2578,46.0394],[17.2545,46.0325],[17.2693,46.0344],[17.2764,46.0332],[17.2904,46.0345],[17.2938,46.0323],[17.2918,46.0268],[17.2872,46.0234],[17.2741,46.0228],[17.2711,46.0185],[17.2595,46.0153],[17.2614,46.0117],[17.271,46.0051],[17.278,46.003],[17.2903,46.0017],[17.3007,46.0057],[17.3107,46.0028],[17.2871,45.9925],[17.2936,45.9817],[17.3167,45.9867],[17.3294,45.9918],[17.3444,45.9852],[17.3465,45.9745],[17.3367,45.9623],[17.3344,45.9498],[17.3499,45.9458],[17.3635,45.9505],[17.3763,45.9517],[17.3995,45.9361],[17.4177,45.9374],[17.4291,45.9471],[17.4482,45.9504],[17.5602,45.9381],[17.5795,45.9276],[17.6131,45.9031],[17.6228,45.8917],[17.6493,45.8525],[17.6664,45.8425],[17.6874,45.8432],[17.7288,45.8365],[17.7398,45.8278],[17.7526,45.8224],[17.7603,45.8235],[17.7733,45.8218],[17.7889,45.8144],[17.8173,45.812],[17.8426,45.7872],[17.8585,45.7741],[17.8718,45.7761],[17.8756,45.7846],[17.8944,45.795],[17.9089,45.7921],[17.9487,45.7965],[17.9605,45.7954],[17.9888,45.8019],[18.0051,45.784],[18.0193,45.779],[18.0345,45.7754],[18.0807,45.7719],[18.1106,45.787],[18.1365,45.7961],[18.1597,45.7869],[18.1934,45.7907],[18.2085,45.7904],[18.2211,45.7821],[18.2334,45.7649],[18.2953,45.7607],[18.3322,45.7539],[18.3468,45.7593],[18.3597,45.7698],[18.3821,45.7678],[18.3963,45.7578],[18.4024,45.7492],[18.4216,45.7478],[18.463,45.7591],[18.4855,45.7906],[18.4962,45.7951],[18.5218,45.7826],[18.5462,45.7916],[18.5566,45.8002],[18.5746,45.8022],[18.5561,45.8071],[18.5946,45.8248],[18.6041,45.8378],[18.6121,45.8523],[18.6166,45.8678],[18.6233,45.8773],[18.6357,45.8733],[18.653,45.8972],[18.6588,45.9014],[18.7043,45.9106],[18.7237,45.9086],[18.7486,45.9019],[18.7921,45.8807],[18.8036,45.887],[18.8042,45.9002],[18.8113,45.9113],[18.8087,45.8987],[18.8099,45.8873],[18.8153,45.8819],[18.8349,45.8729],[18.8442,45.8637],[18.8445,45.8508],[18.8359,45.8326],[18.8344,45.8225],[18.8419,45.811],[18.8638,45.7914],[18.8769,45.774],[18.8837,45.7539],[18.8846,45.7304],[18.8905,45.7172],[18.9144,45.7027],[18.9438,45.6909],[18.9471,45.6801],[18.9435,45.6709],[18.9372,45.6631],[18.9135,45.6409],[18.8961,45.6343],[18.8867,45.6282],[18.8924,45.6196],[18.8955,45.6102],[18.8821,45.5904],[18.8851,45.5799],[18.92,45.5493],[18.9349,45.5463],[18.9502,45.5454],[18.9655,45.5498],[18.976,45.5584],[18.9783,45.5656],[18.9842,45.5711],[18.9927,45.5745],[19.0056,45.5726],[19.0117,45.5654],[19.0116,45.5525],[19.0211,45.5482],[19.0473,45.5456],[19.0586,45.5427],[19.0825,45.533],[19.0857,45.5212],[19.0833,45.5115],[19.0771,45.5028],[19.0657,45.4968],[19.0486,45.4942],[19.0308,45.4935],[19.0173,45.4967],[18.9972,45.5044],[18.988,45.494],[18.9817,45.4594],[19.006,45.4386],[19.0116,45.4286],[19.0117,45.4195],[18.9981,45.4139],[18.9793,45.4113],[18.968,45.4022],[18.9667,45.3907],[18.9815,45.377],[19.0013,45.3643],[19.0164,45.3577],[19.0496,45.3541],[19.0765,45.3477],[19.0853,45.3311],[19.0877,45.3185],[19.0914,45.3093],[19.1611,45.2801],[19.2049,45.2667],[19.2219,45.26],[19.2715,45.247],[19.3399,45.2411],[19.4021,45.2398],[19.4155,45.2303],[19.4166,45.2184],[19.4352,45.2073],[19.4204,45.1962],[19.4192,45.1854],[19.4028,45.1796],[19.3622,45.184],[19.3439,45.172],[19.3353,45.1735],[19.3172,45.2027],[19.2716,45.2154],[19.2784,45.1877],[19.2206,45.1921],[19.2102,45.2024],[19.1841,45.2193],[19.1589,45.2236],[19.1536,45.2104],[19.1779,45.2043],[19.1678,45.1793],[19.1455,45.1625],[19.1365,45.1501],[19.128,45.1487],[19.0758,45.1565],[19.0701,45.1379],[19.0728,45.1243],[19.0793,45.1122],[19.0817,45.0987],[19.0931,45.0936],[19.0827,45.077],[19.0869,45.0598],[19.1011,45.0445],[19.0978,45.029],[19.1043,45.0191],[19.0967,45.011],[19.0836,45.0013],[19.0513,44.9864],[19.0563,44.9789],[19.088,44.9807],[19.1044,44.9765],[19.1355,44.9861],[19.1437,44.9646],[19.1601,44.9604],[19.1498,44.9502],[19.128,44.9429],[19.105,44.9317],[19.0917,44.9225],[19.0761,44.9237],[19.0594,44.9072],[19.0257,44.9231],[18.9903,44.9064],[19.0332,44.8701],[19.01,44.8644],[18.9897,44.8614],[18.9116,44.8623],[18.8621,44.8653],[18.8441,44.8705],[18.8154,44.8896],[18.801,44.897],[18.7906,44.8999],[18.7617,44.9164],[18.7557,44.926],[18.7596,44.9352],[18.7553,44.9428],[18.745,44.9462],[18.75,44.9544],[18.7751,44.9474],[18.7869,44.9466],[18.7959,44.9508],[18.7901,44.9609],[18.7767,44.9767],[18.7748,44.9844],[18.78,44.9926],[18.7924,45.0023],[18.7818,45.0069],[18.7693,45.0054],[18.7427,45.01],[18.7265,45.0063],[18.7225,45.0074],[18.719,45.0123],[18.7257,45.0243],[18.7267,45.0315],[18.7008,45.0504],[18.6889,45.0518],[18.6812,45.055],[18.6638,45.0691],[18.6593,45.077],[18.6725,45.0872],[18.6763,45.0928],[18.6721,45.1052],[18.6583,45.106],[18.6434,45.0992],[18.6407,45.0925],[18.6491,45.0756],[18.6467,45.071],[18.6399,45.0706],[18.628,45.0721],[18.6041,45.072],[18.598,45.0758],[18.5958,45.0807],[18.6234,45.0994],[18.6224,45.1048],[18.6118,45.1041],[18.6009,45.0949],[18.594,45.0932],[18.5818,45.0969],[18.5737,45.1065],[18.5611,45.1069],[18.5566,45.1031],[18.5703,45.0923],[18.5722,45.0834],[18.5665,45.0791],[18.558,45.0838],[18.5524,45.094],[18.5406,45.1043],[18.5279,45.1057],[18.5216,45.1036],[18.523,45.0986],[18.539,45.0886],[18.5404,45.0845],[18.5306,45.0754],[18.5272,45.0688],[18.5255,45.0602],[18.5206,45.0582],[18.5085,45.0723],[18.4838,45.0713],[18.4675,45.0749],[18.4277,45.1033],[18.4237,45.114],[18.4049,45.1237],[18.3394,45.1176],[18.3088,45.1182],[18.3029,45.1272],[18.2876,45.1297],[18.2717,45.1292],[18.263,45.1391],[18.2547,45.1526],[18.2222,45.1502],[18.2076,45.1399],[18.207,45.1311],[18.213,45.1223],[18.213,45.1125],[18.2051,45.1007],[18.189,45.0918],[18.1689,45.0884],[18.1432,45.0974],[18.1171,45.0952],[18.0969,45.0979],[18.0893,45.1082],[18.0796,45.1161],[18.0644,45.1221],[18.0633,45.1285],[18.0677,45.1354],[18.0534,45.1534],[18.0431,45.1536],[18.0272,45.1396],[18.0135,45.1499],[18.0033,45.1603],[17.9912,45.1636],[17.982,45.1608],[17.9708,45.1547],[17.9617,45.1454],[17.9571,45.1335],[17.9461,45.1257],[17.9284,45.1213],[17.9251,45.1126],[17.9246,45.1019],[17.9173,45.0876],[17.9003,45.0765],[17.8556,45.0553],[17.838,45.0543],[17.8182,45.0586],[17.8003,45.068],[17.7832,45.0802],[17.7646,45.0897],[17.7447,45.089],[17.681,45.1244],[17.6679,45.1345],[17.6591,45.1354],[17.6429,45.1323],[17.6292,45.1242],[17.6198,45.1162],[17.6097,45.1117],[17.5918,45.1121],[17.5828,45.1151],[17.5717,45.1146],[17.5602,45.1114],[17.5504,45.1159],[17.5485,45.1286],[17.5277,45.1094],[17.5155,45.1058],[17.4783,45.1107],[17.472,45.116],[17.4728,45.1234],[17.481,45.1348],[17.4635,45.1274],[17.4533,45.1268],[17.4426,45.1307],[17.4384,45.1367],[17.4368,45.1425],[17.4386,45.1524],[17.4349,45.1573],[17.4176,45.1362],[17.4053,45.1352],[17.3651,45.1383],[17.3494,45.1412],[17.3346,45.1473],[17.3276,45.1529],[17.3256,45.1571],[17.3193,45.1609],[17.3117,45.1654],[17.3035,45.166],[17.3014,45.1765],[17.2853,45.1776],[17.2705,45.1853],[17.254,45.1533],[17.2471,45.1483],[17.1783,45.1521],[17.157,45.1566],[17.121,45.1744],[17.0755,45.1891],[17.0618,45.1959],[17.0391,45.2111],[17.0267,45.2237],[17.0116,45.2175],[17.004,45.2194],[17.0043,45.2247],[17.0091,45.2364],[17.0039,45.2356],[17.0002,45.2287],[16.9947,45.2252],[16.9865,45.2274],[16.9777,45.2477],[16.9699,45.2514],[16.9767,45.2337],[16.9724,45.2269],[16.9475,45.2316],[16.9284,45.2313],[16.9249,45.2392],[16.9273,45.2479],[16.9313,45.2575],[16.9391,45.265],[16.9369,45.2699],[16.9267,45.2747],[16.9106,45.256],[16.8936,45.2425],[16.8849,45.238],[16.8669,45.2324],[16.8617,45.2276],[16.8462,45.2269],[16.8414,45.2164],[16.8378,45.1986],[16.8283,45.191],[16.8152,45.1888],[16.8011,45.1889],[16.7843,45.1925],[16.7248,45.2087],[16.6982,45.2037],[16.6793,45.204],[16.6533,45.2071],[16.6351,45.2118],[16.6053,45.2273],[16.5939,45.2298],[16.5589,45.224],[16.5291,45.2268],[16.5137,45.2234],[16.5018,45.2183],[16.4932,45.211],[16.4862,45.1994],[16.4708,45.1602],[16.4512,45.1475],[16.4104,45.1274],[16.3948,45.1133],[16.3846,45.0683],[16.3725,45.0575],[16.3551,45.0583],[16.3433,45.0518],[16.3368,45.0452],[16.3408,45.0352],[16.3399,45.0252],[16.3359,45.0179],[16.3276,45.0133],[16.3093,45.0133],[16.2842,45.0168],[16.2499,45.0163],[16.2348,45.0213],[16.2301,45.027],[16.228,45.0329],[16.2029,45.0423],[16.1976,45.0557],[16.1915,45.0609],[16.17,45.0689],[16.1644,45.0766],[16.1555,45.0813],[16.112,45.0888],[16.0991,45.0952],[16.0851,45.1073],[16.0737,45.1411],[16.0744,45.149],[16.0699,45.1556],[16.0541,45.1639],[16.0429,45.1736],[16.0416,45.1812],[16.0273,45.1842],[16.0229,45.1931],[16.023,45.2011],[16.029,45.2084],[16.0317,45.2148],[16.0248,45.2198],[16.0099,45.2215],[15.9967,45.2192],[15.9835,45.2211],[15.9613,45.24],[15.9319,45.2259],[15.9105,45.2241],[15.8725,45.224],[15.844,45.2171],[15.8284,45.2233],[15.8231,45.2157],[15.8144,45.2096],[15.8006,45.2073],[15.7693,45.1827],[15.7617,45.1751],[15.758,45.1673],[15.7607,45.1504],[15.7653,45.1349],[15.7669,45.1205],[15.7613,45.1022],[15.7534,45.0918],[15.7339,45.0738],[15.7459,45.0631],[15.751,45.0497],[15.7536,45.0373],[15.759,45.025],[15.7743,45.0081],[15.7603,44.9818],[15.7422,44.9794],[15.7316,44.9702],[15.7279,44.9636],[15.7274,44.9581],[15.7294,44.9506],[15.7414,44.943],[15.7437,44.9366],[15.7408,44.9218],[15.7439,44.9097],[15.7499,44.8975],[15.7577,44.8863],[15.7877,44.8597],[15.7899,44.8497],[15.7844,44.841],[15.7705,44.8329],[15.7561,44.8287],[15.7429,44.8217],[15.7371,44.8113],[15.7399,44.8011],[15.7495,44.7889],[15.7603,44.7643],[15.7917,44.7519],[15.8074,44.7391],[15.8192,44.7385],[15.8403,44.7507],[15.8532,44.7539],[15.8677,44.7554],[15.8811,44.7686],[15.8953,44.7521],[15.9303,44.7549],[15.9435,44.7209],[15.9651,44.7187],[15.9679,44.7059],[15.9761,44.6942],[15.9936,44.6834],[16.0135,44.6747],[16.0491,44.6521],[16.0617,44.6379],[16.0631,44.6248],[16.0572,44.6114],[16.0346,44.592],[16.014,44.5882],[16.0092,44.5813],[16.0084,44.5716],[16.0098,44.5646],[16.0211,44.5589],[16.0767,44.5427],[16.0967,44.5401],[16.1131,44.5205],[16.1331,44.5],[16.1355,44.4913],[16.1313,44.4813],[16.1355,44.4719],[16.1377,44.4609],[16.135,44.4488],[16.1246,44.4315],[16.14,44.43],[16.1543,44.4232],[16.1607,44.4166],[16.1558,44.4062],[16.1485,44.4014],[16.14,44.4012],[16.1338,44.3958],[16.1436,44.3854],[16.1565,44.3869],[16.1688,44.3848],[16.2142,44.359],[16.2021,44.3263],[16.1969,44.3027],[16.1991,44.2887],[16.2045,44.2767],[16.2231,44.2598],[16.2355,44.2526],[16.2447,44.198],[16.3,44.1673],[16.3086,44.1604],[16.31,44.1493],[16.3145,44.1357],[16.3196,44.1262],[16.3411,44.1218],[16.3478,44.0962],[16.3747,44.0847],[16.4643,44.0233],[16.5051,44.0165],[16.5251,44.0101],[16.5381,44.0011],[16.5539,43.9713],[16.5627,43.9629],[16.5749,43.9581],[16.5919,43.9567],[16.6111,43.9314],[16.6371,43.9167],[16.6641,43.8955],[16.6791,43.8872],[16.698,43.8816],[16.7139,43.8743],[16.7238,43.8652],[16.7279,43.853],[16.7273,43.8404],[16.7293,43.8152],[16.7391,43.8072],[16.7548,43.8032],[16.7625,43.7819],[16.8067,43.7707],[16.8196,43.7691],[16.8475,43.7491],[16.8607,43.7362],[16.8719,43.7117],[16.8991,43.7025],[16.9387,43.6561],[16.9625,43.6369],[16.9919,43.6087],[17.0227,43.5867],[17.0368,43.5713],[17.0563,43.5619],[17.0981,43.5499],[17.1115,43.5409],[17.1183,43.5291],[17.1315,43.5233],[17.1807,43.5121],[17.2188,43.5095],[17.2459,43.4999],[17.3062,43.4725],[17.2839,43.4572],[17.2727,43.4353],[17.2685,43.4165],[17.2707,43.3985],[17.3335,43.2856],[17.3465,43.2673],[17.3664,43.2578],[17.3895,43.2506],[17.4323,43.2286],[17.444,43.2184],[17.437,43.1982],[17.4522,43.1901],[17.4679,43.1885],[17.4809,43.1845],[17.4889,43.1749],[17.5323,43.1485],[17.5593,43.1419],[17.5881,43.1249],[17.6235,43.1097],[17.6487,43.0915],[17.6665,43.0771],[17.6735,43.0581],[17.6911,43.0303],[17.7113,43.0065],[17.7237,42.9901],[17.7289,42.9805],[17.7303,42.9697],[17.7129,42.9631],[17.5841,42.9447],[17.5765,42.9447],[17.5754,42.9419]]],[[[17.204,42.9565],[17.2013,42.9557],[17.1993,42.9579],[17.2013,42.9579],[17.204,42.9565]]],[[[17.194,42.9604],[17.196,42.9584],[17.1907,42.956],[17.189,42.9601],[17.1901,42.9615],[17.194,42.9604]]],[[[17.4147,42.911],[17.4107,42.909],[17.4104,42.9124],[17.4074,42.9155],[17.4049,42.9137],[17.4015,42.9168],[17.3996,42.9157],[17.4001,42.9121],[17.3988,42.9118],[17.3811,42.9129],[17.3743,42.9113],[17.3718,42.9126],[17.3629,42.9129],[17.3579,42.9167],[17.3493,42.9188],[17.3435,42.9243],[17.3418,42.9282],[17.3379,42.9287],[17.3357,42.9313],[17.324,42.9354],[17.311,42.9376],[17.3021,42.9423],[17.2849,42.9451],[17.2785,42.9485],[17.266,42.9515],[17.2554,42.9577],[17.2526,42.9574],[17.2457,42.9615],[17.2421,42.9663],[17.2324,42.9687],[17.2274,42.9724],[17.2262,42.9754],[17.219,42.9787],[17.2182,42.981],[17.2101,42.9821],[17.2001,42.9813],[17.1921,42.9783],[17.1879,42.9743],[17.1751,42.9724],[17.1726,42.9743],[17.1588,42.9732],[17.1579,42.9743],[17.1324,42.9749],[17.1271,42.9779],[17.1157,42.9801],[17.1105,42.9785],[17.1032,42.9787],[17.1001,42.9832],[17.096,42.9846],[17.0812,42.9826],[17.0662,42.984],[17.0635,42.9885],[17.0549,42.9912],[17.0451,42.998],[17.0385,42.9996],[17.0385,43.0021],[17.0165,43.0032],[17.0068,43.0065],[17.0043,43.0104],[17.0051,43.0112],[17.0176,43.0055],[17.0196,43.0132],[17.0238,43.0154],[17.0204,43.0174],[17.0207,43.0187],[17.0229,43.0193],[17.0249,43.0229],[17.0343,43.024],[17.0346,43.0251],[17.0301,43.0268],[17.0285,43.0307],[17.0221,43.0304],[17.024,43.0257],[17.0226,43.0249],[17.0154,43.0276],[17.0149,43.0296],[17.0126,43.0296],[17.0124,43.0343],[17.0127,43.0363],[17.0171,43.0368],[17.0124,43.0396],[17.0149,43.0418],[17.0085,43.0421],[17.0007,43.0454],[17.0004,43.0474],[17.0065,43.0485],[17.009,43.0468],[17.0207,43.0471],[17.029,43.0449],[17.0365,43.041],[17.0365,43.0385],[17.0349,43.0376],[17.0479,43.0357],[17.0493,43.0329],[17.0535,43.0321],[17.056,43.0296],[17.0715,43.024],[17.0685,43.0215],[17.0751,43.0218],[17.0763,43.0201],[17.0796,43.021],[17.0843,43.0196],[17.0846,43.0209],[17.0899,43.0218],[17.1313,43.0235],[17.1396,43.0254],[17.1465,43.0237],[17.154,43.0254],[17.1593,43.0235],[17.1696,43.0251],[17.1749,43.0218],[17.1813,43.0227],[17.1829,43.0204],[17.2004,43.0176],[17.2079,43.0187],[17.2121,43.0171],[17.2351,43.0157],[17.2474,43.0121],[17.2543,43.0121],[17.2624,43.009],[17.2665,43.0093],[17.2687,43.0113],[17.2749,43.0107],[17.2818,43.0074],[17.2826,43.0046],[17.2854,43.0032],[17.2876,43.006],[17.3029,43.0027],[17.3099,42.9987],[17.3257,42.9946],[17.3265,42.9912],[17.3315,42.9927],[17.3438,42.9865],[17.3629,42.9816],[17.3729,42.9771],[17.3749,42.9749],[17.3879,42.9705],[17.3904,42.9676],[17.4126,42.9615],[17.4176,42.9588],[17.426,42.9585],[17.4432,42.9527],[17.4446,42.9515],[17.4432,42.9501],[17.444,42.946],[17.4468,42.9454],[17.4513,42.941],[17.4513,42.9385],[17.449,42.9362],[17.449,42.9332],[17.4507,42.9315],[17.4501,42.9276],[17.4601,42.9221],[17.4693,42.9208],[17.471,42.9174],[17.4693,42.9151],[17.474,42.9157],[17.4785,42.9137],[17.4757,42.9171],[17.4757,42.9196],[17.4793,42.9205],[17.4808,42.9202],[17.4813,42.9176],[17.4876,42.9146],[17.4899,42.9101],[17.4955,42.9121],[17.4979,42.9107],[17.511,42.9101],[17.5137,42.9123],[17.5154,42.9085],[17.5188,42.9091],[17.5201,42.9057],[17.5318,42.9037],[17.5321,42.9065],[17.5271,42.9107],[17.5238,42.9193],[17.5165,42.9232],[17.5179,42.9251],[17.5204,42.9251],[17.5218,42.9232],[17.526,42.9245],[17.5296,42.9229],[17.5293,42.9215],[17.5424,42.9165],[17.5451,42.9132],[17.5618,42.9107],[17.574,42.9046],[17.5815,42.9038],[17.5835,42.9004],[17.589,42.9004],[17.5979,42.8951],[17.6049,42.894],[17.6087,42.8963],[17.6218,42.8879],[17.6229,42.8851],[17.6276,42.8829],[17.6293,42.8801],[17.6343,42.8779],[17.6399,42.8782],[17.6496,42.871],[17.6674,42.8676],[17.6665,42.8701],[17.6635,42.8713],[17.664,42.8726],[17.6549,42.8763],[17.6493,42.8799],[17.6504,42.8804],[17.6724,42.8718],[17.6801,42.8704],[17.681,42.8679],[17.6785,42.8676],[17.6835,42.8638],[17.6804,42.8635],[17.6815,42.8615],[17.6849,42.8613],[17.6871,42.8585],[17.6927,42.8582],[17.6924,42.8565],[17.696,42.8568],[17.6985,42.8543],[17.7043,42.8529],[17.7046,42.8474],[17.7096,42.8471],[17.7099,42.844],[17.7143,42.844],[17.7157,42.8423],[17.7143,42.8415],[17.7176,42.8393],[17.7201,42.8387],[17.7204,42.8404],[17.7254,42.8365],[17.7354,42.8335],[17.7429,42.8332],[17.7443,42.8351],[17.7268,42.8457],[17.7099,42.8504],[17.7057,42.8552],[17.6957,42.8596],[17.6961,42.8613],[17.6996,42.8609],[17.7057,42.8582],[17.7024,42.8629],[17.7029,42.8688],[17.7096,42.8743],[17.7171,42.8763],[17.7113,42.8796],[17.7088,42.8832],[17.7062,42.8807],[17.7015,42.8801],[17.6999,42.8699],[17.6982,42.8676],[17.694,42.8674],[17.6707,42.876],[17.6485,42.8883],[17.6555,42.8947],[17.6785,42.9053],[17.6977,42.9201],[17.7191,42.9153],[17.7599,42.9149],[17.7807,42.9073],[17.8017,42.8925],[17.8235,42.9175],[17.8315,42.9201],[17.8683,42.8937],[17.8669,42.8599],[17.9031,42.8413],[17.9099,42.8251],[17.9365,42.8189],[17.9633,42.8093],[18.0203,42.7773],[18.0237,42.7657],[18.0371,42.7611],[18.0627,42.7585],[18.0775,42.7395],[18.1191,42.7225],[18.1153,42.7079],[18.1587,42.6935],[18.1677,42.6889],[18.1715,42.6767],[18.1853,42.6673],[18.2283,42.6471],[18.2529,42.6323],[18.2701,42.6207],[18.2771,42.6087],[18.2981,42.6187],[18.3141,42.6229],[18.3287,42.6241],[18.3707,42.6221],[18.3943,42.6167],[18.411,42.5977],[18.4305,42.5827],[18.4589,42.5653],[18.4599,42.5373],[18.4693,42.5103],[18.4737,42.4885],[18.4809,42.4709],[18.4973,42.4569],[18.5079,42.4543],[18.5051,42.451],[18.5057,42.4454],[18.5118,42.4382],[18.5174,42.4357],[18.5187,42.4324],[18.5296,42.4262],[18.5301,42.4229],[18.5265,42.4227],[18.524,42.4199],[18.5143,42.4205],[18.5146,42.4185],[18.5104,42.4132],[18.5129,42.4046],[18.5232,42.399],[18.524,42.3968],[18.5318,42.3949],[18.5343,42.3927],[18.5326,42.3915],[18.5254,42.3932],[18.5129,42.399],[18.5082,42.4026],[18.5074,42.4085],[18.5035,42.4096],[18.4921,42.4185],[18.4868,42.4204],[18.4676,42.441],[18.4562,42.4482],[18.451,42.4504],[18.4457,42.4501],[18.4443,42.4471],[18.4404,42.446],[18.4351,42.4504],[18.4351,42.4529],[18.4296,42.4521],[18.4285,42.4504],[18.4293,42.4471],[18.4346,42.444],[18.4299,42.441],[18.4271,42.4474],[18.4168,42.4518],[18.409,42.4585],[18.4135,42.4596],[18.4254,42.4554],[18.4235,42.4616],[18.4201,42.4643],[18.4101,42.4676],[18.394,42.4779],[18.3885,42.4776],[18.3865,42.4799],[18.3837,42.4799],[18.3804,42.4837],[18.3754,42.4854],[18.373,42.4888],[18.3543,42.4954],[18.3482,42.4999],[18.3412,42.5015],[18.3307,42.5071],[18.3287,42.5101],[18.3238,42.5104],[18.3218,42.5129],[18.3013,42.5185],[18.2921,42.5229],[18.2885,42.5229],[18.2821,42.5279],[18.2763,42.5299],[18.2715,42.5376],[18.2651,42.5393],[18.2629,42.5426],[18.2565,42.5446],[18.2488,42.5501],[18.2474,42.5493],[18.2426,42.5537],[18.2335,42.5585],[18.2268,42.5654],[18.2246,42.5704],[18.2251,42.5735],[18.2218,42.5757],[18.2138,42.5774],[18.2085,42.5815],[18.2104,42.5824],[18.2146,42.579],[18.2165,42.5799],[18.216,42.5829],[18.2115,42.5849],[18.2121,42.5871],[18.2182,42.5851],[18.2199,42.5832],[18.2193,42.5818],[18.2215,42.5815],[18.2224,42.584],[18.2257,42.5863],[18.2265,42.5904],[18.2235,42.5921],[18.2229,42.5974],[18.22,42.5974],[18.2199,42.5996],[18.2293,42.5999],[18.2279,42.6013],[18.2285,42.604],[18.224,42.6071],[18.2235,42.6113],[18.2199,42.611],[18.2163,42.6135],[18.2126,42.6137],[18.2121,42.6165],[18.2079,42.6213],[18.1982,42.6232],[18.1982,42.6201],[18.1918,42.6196],[18.1893,42.6174],[18.1824,42.6165],[18.1804,42.6146],[18.1726,42.6165],[18.1657,42.6231],[18.1526,42.6268],[18.149,42.6299],[18.1312,42.6318],[18.1301,42.636],[18.1243,42.6395],[18.1155,42.6413],[18.1107,42.6385],[18.1076,42.6385],[18.1063,42.6407],[18.1037,42.6399],[18.1037,42.6413],[18.1029,42.6399],[18.1001,42.6399],[18.101,42.6413],[18.0954,42.6457],[18.0929,42.6454],[18.0915,42.6429],[18.0868,42.6429],[18.0821,42.6449],[18.0771,42.644],[18.0696,42.6493],[18.061,42.6488],[18.0599,42.6507],[18.0613,42.6532],[18.0685,42.6535],[18.0701,42.6551],[18.0576,42.6587],[18.0571,42.6618],[18.0601,42.664],[18.0721,42.6649],[18.0768,42.6637],[18.081,42.6585],[18.0874,42.6546],[18.0846,42.6608],[18.079,42.6668],[18.1087,42.6727],[18.1201,42.6701],[18.1227,42.6715],[18.0974,42.674],[18.0735,42.6688],[18.0696,42.6699],[18.0624,42.6754],[18.0554,42.6774],[18.0568,42.6804],[18.051,42.6832],[18.0499,42.6893],[18.0465,42.6904],[18.0474,42.6918],[18.0451,42.6946],[18.0463,42.6968],[18.0449,42.7013],[18.0418,42.7007],[18.0424,42.6977],[18.0404,42.6968],[18.0429,42.6949],[18.041,42.6899],[18.0443,42.6888],[18.0457,42.6862],[18.0454,42.6843],[18.0435,42.6843],[18.0376,42.6868],[18.0235,42.689],[18.0174,42.6943],[18.0074,42.6943],[17.9946,42.7018],[17.9807,42.7062],[17.9749,42.7113],[17.9679,42.7121],[17.9632,42.7165],[17.9637,42.7204],[17.9557,42.721],[17.9568,42.7257],[17.954,42.7282],[17.949,42.7254],[17.9468,42.7296],[17.9415,42.7304],[17.9355,42.7349],[17.931,42.7354],[17.9285,42.7374],[17.9279,42.7401],[17.9132,42.7454],[17.9063,42.7449],[17.8785,42.7613],[17.874,42.7671],[17.8735,42.7737],[17.884,42.7743],[17.8843,42.7796],[17.8891,42.7824],[17.8876,42.7871],[17.8843,42.7871],[17.8815,42.7837],[17.8765,42.7829],[17.874,42.7793],[17.8707,42.7799],[17.8724,42.7757],[17.8646,42.7762],[17.8599,42.7788],[17.8593,42.7835],[17.8576,42.7851],[17.8487,42.7865],[17.846,42.7888],[17.8449,42.7935],[17.8504,42.7954],[17.8457,42.7951],[17.8443,42.7965],[17.8423,42.7993],[17.8435,42.804],[17.8387,42.8041],[17.8285,42.7999],[17.8243,42.8013],[17.8182,42.7993],[17.811,42.8029],[17.8068,42.8026],[17.8062,42.8063],[17.8004,42.8043],[17.7965,42.8071],[17.7943,42.8063],[17.7974,42.8032],[17.7976,42.7999],[17.7938,42.8001],[17.7941,42.7968],[17.7893,42.7957],[17.7893,42.7912],[17.7857,42.7915],[17.7843,42.7871],[17.781,42.7871],[17.7737,42.7921],[17.7685,42.7999],[17.7654,42.8001],[17.7627,42.8035],[17.759,42.8046],[17.7521,42.809],[17.7524,42.8101],[17.7504,42.8099],[17.7498,42.8115],[17.7401,42.8129],[17.7365,42.8157],[17.734,42.8157],[17.7304,42.8199],[17.7121,42.8246],[17.7046,42.8282],[17.696,42.836],[17.6926,42.8343],[17.6915,42.8301],[17.6935,42.8271],[17.6993,42.8282],[17.7126,42.8226],[17.7177,42.8221],[17.7196,42.8171],[17.7229,42.8149],[17.7343,42.8085],[17.7415,42.8065],[17.7432,42.8032],[17.746,42.8041],[17.749,42.8018],[17.7499,42.7974],[17.7596,42.7865],[17.7613,42.7824],[17.7643,42.7819],[17.7713,42.7757],[17.7618,42.7707],[17.761,42.7671],[17.7638,42.7637],[17.7607,42.7607],[17.7524,42.7643],[17.7518,42.7679],[17.7471,42.7718],[17.7479,42.7746],[17.7537,42.7743],[17.7549,42.7776],[17.7488,42.7857],[17.7501,42.7915],[17.7435,42.7962],[17.7357,42.796],[17.7355,42.7921],[17.7286,42.7915],[17.719,42.7952],[17.7163,42.7974],[17.7156,42.8001],[17.7121,42.7965],[17.7071,42.7965],[17.704,42.7979],[17.7051,42.8021],[17.6968,42.8001],[17.6973,42.8021],[17.694,42.8055],[17.6882,42.8035],[17.6826,42.8051],[17.6815,42.8077],[17.6777,42.8077],[17.6768,42.8107],[17.6782,42.8126],[17.6765,42.8163],[17.6749,42.8138],[17.6696,42.8115],[17.6626,42.8135],[17.6582,42.8124],[17.6487,42.8157],[17.6437,42.8151],[17.6113,42.8246],[17.5923,42.8329],[17.5832,42.8335],[17.5645,42.8385],[17.556,42.8387],[17.5479,42.8407],[17.5474,42.8426],[17.5419,42.8449],[17.5379,42.8432],[17.5101,42.8488],[17.4951,42.8565],[17.4871,42.8563],[17.4796,42.8593],[17.4754,42.8593],[17.4735,42.8613],[17.4693,42.861],[17.4615,42.8635],[17.461,42.8649],[17.4568,42.8643],[17.4471,42.8674],[17.4454,42.8682],[17.4457,42.8715],[17.4415,42.8696],[17.4382,42.8727],[17.4343,42.8724],[17.4307,42.8743],[17.4307,42.8757],[17.4368,42.876],[17.4376,42.8843],[17.4501,42.8846],[17.4501,42.8863],[17.4468,42.8882],[17.4474,42.8893],[17.4504,42.8887],[17.4518,42.891],[17.454,42.8904],[17.4535,42.8926],[17.4343,42.8987],[17.4257,42.9029],[17.4201,42.9082],[17.4199,42.9104],[17.4147,42.911]]],[[[17.0551,42.9801],[17.0526,42.9787],[17.051,42.9793],[17.0521,42.9813],[17.0551,42.9801]]],[[[16.6918,43.0985],[16.6924,43.0962],[16.6946,43.0984],[16.6976,43.0982],[16.6974,43.0954],[16.6991,43.0951],[16.6979,43.0924],[16.6996,43.0913],[16.7007,43.0935],[16.7035,43.0924],[16.7015,43.0974],[16.7038,43.0979],[16.7068,43.0971],[16.7076,43.0946],[16.7065,43.0932],[16.7093,43.0951],[16.7093,43.0974],[16.7165,43.096],[16.7168,43.094],[16.7271,43.0954],[16.7276,43.0935],[16.7313,43.0951],[16.7349,43.0921],[16.7394,43.0916],[16.7407,43.086],[16.7371,43.0838],[16.7337,43.0851],[16.7315,43.084],[16.7308,43.086],[16.7287,43.0843],[16.7274,43.086],[16.7263,43.0824],[16.7243,43.0846],[16.7201,43.0846],[16.7221,43.0832],[16.7213,43.081],[16.7146,43.084],[16.7169,43.0824],[16.7165,43.0802],[16.7082,43.0807],[16.7068,43.0796],[16.6999,43.0821],[16.6835,43.0824],[16.6813,43.0838],[16.6787,43.0826],[16.6607,43.0868],[16.6612,43.0899],[16.6685,43.0901],[16.666,43.0915],[16.6674,43.0935],[16.6726,43.0921],[16.671,43.0949],[16.6724,43.0971],[16.6774,43.0949],[16.6801,43.0954],[16.6787,43.0962],[16.6799,43.0974],[16.6835,43.0965],[16.6838,43.0979],[16.6876,43.0993],[16.6918,43.0985]]],[[[16.6649,43.2013],[16.6635,43.1999],[16.6643,43.1977],[16.6687,43.199],[16.6724,43.1954],[16.6771,43.1935],[16.6754,43.1901],[16.6815,43.1912],[16.6854,43.1838],[16.6904,43.1826],[16.6929,43.1841],[16.7001,43.1796],[16.6993,43.1776],[16.6976,43.1776],[16.6904,43.1804],[16.6887,43.1779],[16.6846,43.1774],[16.6771,43.1799],[16.6846,43.1735],[16.6918,43.1721],[16.6963,43.1696],[16.6957,43.1682],[16.6979,43.1657],[16.6949,43.1621],[16.6988,43.1624],[16.7035,43.1665],[16.706,43.1651],[16.7038,43.1615],[16.7093,43.1627],[16.7118,43.1596],[16.7143,43.1613],[16.7237,43.1565],[16.7293,43.1599],[16.7424,43.1604],[16.7482,43.1646],[16.7482,43.1596],[16.7509,43.1619],[16.7557,43.1618],[16.7565,43.164],[16.759,43.1618],[16.7746,43.1607],[16.7771,43.1579],[16.7801,43.1604],[16.8129,43.1579],[16.8182,43.1613],[16.8244,43.1618],[16.8251,43.1607],[16.8378,43.1601],[16.8413,43.1585],[16.8401,43.1554],[16.8432,43.1574],[16.8501,43.1573],[16.8513,43.1585],[16.8643,43.1563],[16.8618,43.1604],[16.8679,43.1613],[16.8701,43.1596],[16.8715,43.1613],[16.8782,43.1618],[16.8785,43.1596],[16.8754,43.1582],[16.8801,43.1574],[16.8841,43.1599],[16.8813,43.1557],[16.8849,43.154],[16.886,43.1507],[16.8843,43.1499],[16.8849,43.1482],[16.8954,43.156],[16.8985,43.1546],[16.896,43.1526],[16.8974,43.1507],[16.9013,43.1524],[16.9179,43.1521],[16.9205,43.1535],[16.9596,43.1521],[16.9843,43.149],[16.9901,43.1479],[16.9929,43.1457],[16.9979,43.1471],[16.9999,43.1454],[17.0085,43.1454],[17.014,43.1413],[17.0229,43.1443],[17.0263,43.1432],[17.0271,43.141],[17.0326,43.1421],[17.0335,43.139],[17.0385,43.1413],[17.0415,43.1396],[17.0515,43.1404],[17.056,43.1393],[17.0571,43.1374],[17.0624,43.1382],[17.0629,43.1363],[17.0662,43.1382],[17.0932,43.1379],[17.0955,43.1366],[17.1018,43.1368],[17.1065,43.1346],[17.1254,43.1368],[17.1313,43.136],[17.1407,43.1374],[17.1415,43.1393],[17.1449,43.1396],[17.1829,43.1327],[17.189,43.1307],[17.1968,43.1249],[17.1846,43.1243],[17.1821,43.1257],[17.1813,43.1226],[17.1621,43.1201],[17.1585,43.1179],[17.1526,43.1176],[17.1493,43.1196],[17.1482,43.1174],[17.1446,43.1165],[17.141,43.1188],[17.141,43.1165],[17.1382,43.1151],[17.1315,43.1162],[17.1149,43.1132],[17.1107,43.114],[17.1096,43.116],[17.1071,43.1143],[17.1024,43.1146],[17.1007,43.1179],[17.0968,43.1176],[17.0971,43.1146],[17.0917,43.1151],[17.0885,43.1132],[17.0849,43.1165],[17.0815,43.1138],[17.0718,43.1135],[17.0661,43.1149],[17.064,43.1135],[17.0499,43.1135],[17.0479,43.1174],[17.0407,43.1174],[17.0388,43.1157],[17.036,43.1168],[17.0365,43.1146],[17.0351,43.114],[17.0232,43.1138],[17.0221,43.116],[17.0193,43.1132],[17.0029,43.1132],[17.0004,43.114],[17.0004,43.1155],[16.9979,43.1135],[16.9949,43.1151],[16.9846,43.1151],[16.9807,43.1174],[16.979,43.1149],[16.9724,43.1149],[16.9696,43.1126],[16.9587,43.1141],[16.9554,43.1124],[16.948,43.1138],[16.941,43.1124],[16.9371,43.1138],[16.9354,43.1121],[16.9318,43.1146],[16.926,43.1138],[16.9168,43.1154],[16.9126,43.1135],[16.909,43.1157],[16.9035,43.1146],[16.8957,43.1179],[16.891,43.1143],[16.8876,43.1165],[16.8835,43.1157],[16.8818,43.1179],[16.8788,43.1162],[16.8596,43.1188],[16.8551,43.1179],[16.8268,43.1229],[16.8185,43.1235],[16.8157,43.1218],[16.8143,43.1241],[16.8068,43.1254],[16.7818,43.1271],[16.7315,43.1268],[16.7151,43.1243],[16.7004,43.1243],[16.6951,43.1218],[16.6838,43.1207],[16.6632,43.121],[16.639,43.1268],[16.6077,43.1307],[16.6021,43.1337],[16.5854,43.1338],[16.584,43.1382],[16.5663,43.1413],[16.5593,43.1418],[16.5438,43.1387],[16.534,43.144],[16.5271,43.1449],[16.5185,43.1496],[16.5121,43.1493],[16.5087,43.1513],[16.5085,43.1541],[16.501,43.1546],[16.4974,43.1579],[16.4879,43.1596],[16.4865,43.1618],[16.4804,43.1624],[16.4788,43.1582],[16.4726,43.1587],[16.4685,43.1568],[16.4643,43.1596],[16.4588,43.1596],[16.4551,43.1621],[16.4488,43.1613],[16.441,43.1643],[16.4426,43.1676],[16.4404,43.171],[16.4365,43.1699],[16.4315,43.1707],[16.4308,43.1724],[16.4265,43.1724],[16.426,43.1751],[16.4221,43.176],[16.4207,43.1779],[16.4096,43.1799],[16.4094,43.1838],[16.4059,43.184],[16.4068,43.1815],[16.4057,43.1815],[16.3918,43.1863],[16.3787,43.1874],[16.3754,43.1899],[16.3726,43.1893],[16.3729,43.1937],[16.3685,43.1924],[16.3662,43.1946],[16.3668,43.1963],[16.3743,43.1957],[16.3799,43.1985],[16.3824,43.1976],[16.3826,43.1954],[16.3848,43.1974],[16.3874,43.196],[16.3879,43.1976],[16.3923,43.1977],[16.3965,43.1963],[16.3968,43.191],[16.3985,43.191],[16.3991,43.194],[16.4021,43.1943],[16.4051,43.1918],[16.4085,43.1929],[16.4176,43.1888],[16.4135,43.1946],[16.4129,43.1979],[16.4163,43.1968],[16.4193,43.1929],[16.4207,43.1935],[16.4207,43.1965],[16.4235,43.196],[16.4256,43.1985],[16.4279,43.1968],[16.4276,43.191],[16.4301,43.1946],[16.431,43.1926],[16.434,43.1918],[16.4332,43.1954],[16.4293,43.199],[16.4307,43.2007],[16.4387,43.1946],[16.4399,43.1976],[16.4376,43.2018],[16.439,43.2029],[16.4474,43.1991],[16.4493,43.2054],[16.4565,43.2021],[16.4535,43.2068],[16.4546,43.2085],[16.4613,43.2068],[16.4649,43.2081],[16.4685,43.204],[16.4682,43.209],[16.4695,43.2099],[16.4735,43.2082],[16.474,43.2099],[16.4801,43.2088],[16.4824,43.2068],[16.4833,43.2085],[16.4871,43.2085],[16.4882,43.2068],[16.4897,43.2085],[16.4993,43.2076],[16.4999,43.2038],[16.5035,43.2077],[16.5129,43.2046],[16.5151,43.2057],[16.5193,43.2049],[16.5218,43.2018],[16.5226,43.2038],[16.5257,43.2035],[16.5279,43.2015],[16.5274,43.199],[16.531,43.2007],[16.536,43.1946],[16.5393,43.1935],[16.5404,43.1893],[16.5438,43.1899],[16.5504,43.1854],[16.5582,43.1849],[16.5668,43.1785],[16.5701,43.181],[16.5768,43.1818],[16.5807,43.1807],[16.5854,43.1835],[16.5915,43.1843],[16.5915,43.1855],[16.586,43.1854],[16.5823,43.1891],[16.5749,43.1899],[16.5749,43.1932],[16.5696,43.1971],[16.5743,43.2018],[16.5674,43.1996],[16.5632,43.201],[16.5627,43.2035],[16.5601,43.2032],[16.5596,43.2068],[16.5557,43.211],[16.5593,43.2135],[16.5565,43.2187],[16.5537,43.2171],[16.5507,43.2182],[16.5504,43.2154],[16.5482,43.2157],[16.5485,43.2132],[16.5421,43.214],[16.5407,43.2157],[16.5404,43.2137],[16.5387,43.2137],[16.5399,43.2107],[16.5385,43.2104],[16.536,43.214],[16.534,43.2135],[16.5296,43.2163],[16.519,43.2249],[16.5204,43.2268],[16.5229,43.2251],[16.5238,43.2276],[16.529,43.2301],[16.5343,43.2235],[16.5343,43.2271],[16.5374,43.2277],[16.541,43.2251],[16.5418,43.2282],[16.5457,43.2249],[16.5496,43.2243],[16.5465,43.2274],[16.5465,43.2315],[16.5449,43.2332],[16.5496,43.2337],[16.5515,43.2318],[16.5513,43.234],[16.5543,43.2349],[16.5582,43.2321],[16.5579,43.2351],[16.5613,43.2351],[16.5629,43.2315],[16.5646,43.2329],[16.566,43.2299],[16.5676,43.2346],[16.5715,43.2321],[16.5741,43.2326],[16.5732,43.2304],[16.5743,43.229],[16.5715,43.2276],[16.5741,43.2268],[16.5737,43.2249],[16.5682,43.221],[16.5679,43.2187],[16.5721,43.2165],[16.5693,43.2129],[16.5821,43.214],[16.5824,43.211],[16.5801,43.2082],[16.581,43.2057],[16.5854,43.2085],[16.5874,43.2121],[16.5904,43.2115],[16.5907,43.2137],[16.6049,43.2173],[16.6054,43.2204],[16.6085,43.2188],[16.6101,43.2143],[16.6135,43.2143],[16.614,43.2124],[16.6168,43.2115],[16.6187,43.2143],[16.6238,43.2118],[16.6313,43.2124],[16.6329,43.2143],[16.639,43.2126],[16.6379,43.2177],[16.6432,43.219],[16.644,43.2126],[16.646,43.216],[16.6482,43.216],[16.6501,43.2182],[16.6537,43.2174],[16.6546,43.2137],[16.6585,43.2154],[16.6585,43.214],[16.6621,43.2143],[16.664,43.2118],[16.6676,43.2124],[16.6699,43.2079],[16.6669,43.2057],[16.6669,43.2029],[16.6649,43.2013]]],[[[16.6859,42.9604],[16.6813,42.9582],[16.6768,42.9621],[16.6849,42.9621],[16.6859,42.9604]]],[[[16.6193,42.9871],[16.6201,42.9854],[16.6229,42.9857],[16.624,42.9824],[16.6185,42.981],[16.6168,42.9832],[16.6135,42.9807],[16.6065,42.9832],[16.6076,42.9851],[16.6104,42.9849],[16.611,42.9868],[16.6132,42.9865],[16.6138,42.9879],[16.6163,42.9865],[16.6174,42.9899],[16.6193,42.9871]]],[[[16.697,43.1896],[16.6957,43.1885],[16.6899,43.1893],[16.6921,43.1915],[16.6971,43.1915],[16.697,43.1896]]],[[[16.751,43.2634],[16.7493,43.2621],[16.7174,43.2624],[16.6951,43.2579],[16.686,43.2579],[16.6701,43.2609],[16.6565,43.261],[16.6462,43.2579],[16.6379,43.2593],[16.6343,43.2562],[16.6279,43.2599],[16.6193,43.2601],[16.6141,43.2623],[16.601,43.2618],[16.5949,43.264],[16.5757,43.2649],[16.561,43.2676],[16.5501,43.2673],[16.5354,43.269],[16.5343,43.2704],[16.5296,43.2696],[16.5254,43.2718],[16.5251,43.2735],[16.5199,43.2735],[16.5165,43.2768],[16.5157,43.2738],[16.5135,43.2737],[16.506,43.279],[16.506,43.2815],[16.5004,43.2774],[16.4985,43.2818],[16.5007,43.2846],[16.4971,43.2849],[16.4951,43.2868],[16.4949,43.2907],[16.4921,43.2882],[16.4915,43.2849],[16.4882,43.2851],[16.4862,43.2921],[16.4837,43.2915],[16.4832,43.2938],[16.4751,43.2935],[16.4696,43.2965],[16.4688,43.299],[16.4704,43.3029],[16.4662,43.3024],[16.4649,43.3043],[16.466,43.3065],[16.4629,43.3049],[16.4649,43.2999],[16.464,43.2976],[16.4621,43.2982],[16.4615,43.301],[16.4579,43.2985],[16.4546,43.2985],[16.4529,43.2999],[16.4532,43.3029],[16.4568,43.3063],[16.4557,43.3082],[16.4529,43.3068],[16.4513,43.309],[16.4461,43.311],[16.444,43.3096],[16.4468,43.3076],[16.4465,43.3037],[16.4421,43.3057],[16.4368,43.3049],[16.434,43.3068],[16.4357,43.3129],[16.4299,43.3088],[16.4232,43.311],[16.4213,43.3146],[16.4168,43.3162],[16.4137,43.3168],[16.411,43.3151],[16.4082,43.3187],[16.4082,43.3201],[16.411,43.3207],[16.4085,43.3257],[16.4082,43.3332],[16.4174,43.3321],[16.4207,43.329],[16.4215,43.326],[16.4254,43.3246],[16.4257,43.3226],[16.4312,43.3243],[16.4324,43.3262],[16.441,43.3274],[16.4407,43.3288],[16.434,43.331],[16.4343,43.3365],[16.4326,43.3413],[16.4335,43.3457],[16.4382,43.3485],[16.441,43.3476],[16.446,43.3518],[16.4499,43.351],[16.4501,43.3521],[16.4532,43.3518],[16.4539,43.3535],[16.4601,43.3515],[16.4565,43.3546],[16.4504,43.3549],[16.4446,43.3582],[16.444,43.3601],[16.4468,43.3607],[16.4463,43.3629],[16.4479,43.3632],[16.4446,43.3649],[16.446,43.3668],[16.449,43.3665],[16.4501,43.3679],[16.4435,43.3713],[16.4427,43.3755],[16.4413,43.3737],[16.4346,43.3754],[16.4318,43.3804],[16.4329,43.3824],[16.4293,43.3838],[16.4287,43.3893],[16.431,43.389],[16.4349,43.3927],[16.4407,43.3929],[16.4476,43.3904],[16.4674,43.3893],[16.4693,43.3876],[16.4754,43.3879],[16.4807,43.386],[16.5051,43.3854],[16.5118,43.3835],[16.5243,43.3857],[16.5299,43.384],[16.5326,43.3854],[16.5374,43.3846],[16.5399,43.3876],[16.5491,43.3885],[16.5485,43.3863],[16.5513,43.3851],[16.5565,43.3868],[16.5632,43.3838],[16.5777,43.3827],[16.5793,43.3804],[16.6007,43.3813],[16.5971,43.3768],[16.6015,43.3793],[16.6057,43.3774],[16.6054,43.3804],[16.6085,43.3813],[16.6207,43.3768],[16.6235,43.3785],[16.6299,43.3785],[16.639,43.376],[16.6485,43.3757],[16.6501,43.3749],[16.6504,43.3718],[16.6524,43.3751],[16.6543,43.3754],[16.664,43.3732],[16.666,43.3701],[16.6699,43.3724],[16.6793,43.3718],[16.6815,43.3713],[16.6824,43.3685],[16.6865,43.3696],[16.7032,43.3662],[16.7099,43.3669],[16.7207,43.3626],[16.7357,43.3624],[16.7379,43.3504],[16.7326,43.3476],[16.7429,43.3476],[16.7407,43.3499],[16.7401,43.3546],[16.7418,43.3621],[16.7468,43.3604],[16.7557,43.3605],[16.7632,43.3576],[16.7674,43.3591],[16.7707,43.3576],[16.7815,43.3576],[16.7826,43.3496],[16.7853,43.3549],[16.7893,43.3554],[16.7924,43.3526],[16.7962,43.3526],[16.7985,43.3549],[16.806,43.351],[16.8121,43.3521],[16.8196,43.3449],[16.8085,43.3421],[16.7985,43.3421],[16.7965,43.3401],[16.7976,43.3385],[16.8004,43.3404],[16.814,43.3404],[16.8157,43.3387],[16.814,43.3368],[16.8162,43.3363],[16.8227,43.3413],[16.8245,43.3407],[16.8237,43.3374],[16.8276,43.3379],[16.8332,43.3343],[16.8351,43.3363],[16.8313,43.3413],[16.8365,43.3413],[16.8382,43.3393],[16.8385,43.3421],[16.8404,43.3426],[16.8432,43.3418],[16.8482,43.3365],[16.8512,43.3382],[16.8551,43.3363],[16.8571,43.3321],[16.859,43.3332],[16.8643,43.3313],[16.8668,43.3288],[16.866,43.3254],[16.8721,43.3265],[16.8776,43.3249],[16.8793,43.3226],[16.8871,43.3213],[16.8996,43.314],[16.899,43.3112],[16.8929,43.3063],[16.8877,43.3057],[16.889,43.3021],[16.8943,43.3005],[16.8946,43.2988],[16.8857,43.2985],[16.8799,43.2915],[16.8782,43.2868],[16.8832,43.284],[16.8799,43.2815],[16.8738,43.2804],[16.8718,43.2846],[16.8647,43.2863],[16.8638,43.2854],[16.8654,43.2846],[16.8665,43.2799],[16.8638,43.2801],[16.8632,43.2776],[16.8587,43.2782],[16.8596,43.2754],[16.8571,43.2749],[16.8554,43.271],[16.8468,43.2696],[16.8415,43.2732],[16.8418,43.2696],[16.8404,43.2685],[16.8274,43.2665],[16.8133,43.2682],[16.8118,43.2663],[16.8015,43.266],[16.8001,43.2643],[16.7837,43.2615],[16.761,43.2632],[16.7565,43.2621],[16.7532,43.2643],[16.751,43.2634]]],[[[18.1928,42.5788],[18.1954,42.5751],[18.1996,42.5732],[18.1999,42.5718],[18.1946,42.5724],[18.1893,42.5801],[18.1928,42.5788]]],[[[18.1779,42.5868],[18.1819,42.5849],[18.1818,42.5837],[18.176,42.5846],[18.1738,42.5876],[18.1779,42.5868]]],[[[18.2029,42.5957],[18.2048,42.5946],[18.201,42.5938],[18.1999,42.5949],[18.2007,42.5968],[18.2029,42.5957]]],[[[18.1188,42.6332],[18.1199,42.6332],[18.1204,42.6299],[18.1243,42.6282],[18.1251,42.6257],[18.1229,42.6254],[18.1263,42.6235],[18.1268,42.6215],[18.1218,42.6204],[18.1182,42.6221],[18.1196,42.626],[18.1135,42.6296],[18.1135,42.6329],[18.116,42.6346],[18.1188,42.6332]]],[[[17.9532,42.6468],[17.9543,42.6443],[17.9521,42.644],[17.9488,42.6474],[17.9532,42.6468]]],[[[18.0479,42.651],[18.0462,42.6515],[18.0521,42.6518],[18.0518,42.6512],[18.0479,42.651]]],[[[18.0587,42.669],[18.0585,42.6662],[18.0551,42.6657],[18.0557,42.6705],[18.0587,42.669]]],[[[18.0059,42.6831],[18.0155,42.6787],[18.0187,42.6696],[18.0229,42.6701],[18.024,42.6671],[18.0196,42.6626],[18.0199,42.661],[18.0157,42.6613],[18.0151,42.664],[18.0162,42.6645],[18.0132,42.6693],[17.999,42.6708],[17.999,42.6721],[17.9949,42.6712],[17.986,42.6751],[17.9912,42.6782],[17.9979,42.6776],[17.999,42.6815],[18.002,42.6815],[18.002,42.6794],[18.005,42.6794],[18.0054,42.6774],[18.0059,42.6804],[18.0032,42.6832],[18.0059,42.6831]]],[[[17.949,42.6976],[17.9529,42.6926],[17.9565,42.6918],[17.9576,42.6896],[17.9754,42.6782],[17.9704,42.6776],[17.9643,42.6805],[17.9613,42.6796],[17.9529,42.681],[17.9521,42.6785],[17.9565,42.6751],[17.9485,42.6752],[17.9485,42.6738],[17.939,42.6746],[17.9332,42.6835],[17.9232,42.689],[17.9265,42.6901],[17.9346,42.6862],[17.9399,42.6865],[17.9413,42.6885],[17.9401,42.6949],[17.9424,42.6976],[17.949,42.6976]]],[[[17.9332,42.7099],[17.9346,42.7076],[17.931,42.7065],[17.9304,42.7049],[17.9251,42.7057],[17.9263,42.7104],[17.9332,42.7099]]],[[[17.8365,42.7553],[17.8446,42.7551],[17.8465,42.7538],[17.8526,42.7551],[17.8646,42.7494],[17.8637,42.7465],[17.8676,42.7443],[17.8785,42.7393],[17.8815,42.7399],[17.8904,42.7363],[17.8935,42.7335],[17.8977,42.7335],[17.8979,42.7321],[17.906,42.7274],[17.9079,42.724],[17.9124,42.7229],[17.9129,42.7201],[17.916,42.7204],[17.919,42.7179],[17.919,42.7132],[17.9118,42.7113],[17.9124,42.709],[17.9171,42.7065],[17.9093,42.7046],[17.9076,42.7018],[17.9096,42.6993],[17.9088,42.6985],[17.8976,42.7021],[17.8965,42.7054],[17.8901,42.7085],[17.886,42.7126],[17.8729,42.7185],[17.8635,42.7201],[17.8526,42.7282],[17.8412,42.7326],[17.841,42.7349],[17.8429,42.7351],[17.8513,42.7318],[17.8538,42.729],[17.8624,42.7274],[17.8538,42.7354],[17.8504,42.7365],[17.8454,42.7418],[17.8435,42.7465],[17.8288,42.756],[17.8365,42.7553]]],[[[17.7946,42.7538],[17.804,42.7485],[17.8091,42.7499],[17.8101,42.7476],[17.8154,42.7465],[17.816,42.7435],[17.8213,42.744],[17.8229,42.7401],[17.8274,42.7376],[17.8304,42.7376],[17.8276,42.7424],[17.8285,42.7435],[17.8396,42.7393],[17.8412,42.7371],[17.8363,42.7349],[17.836,42.7332],[17.8401,42.7285],[17.8357,42.7274],[17.8329,42.7304],[17.8276,42.7304],[17.8252,42.7344],[17.8143,42.7399],[17.8057,42.7401],[17.7879,42.754],[17.791,42.7551],[17.7946,42.7538]]],[[[17.6915,42.6971],[17.6921,42.6963],[17.6885,42.696],[17.6896,42.6981],[17.6915,42.6971]]],[[[17.7501,42.7054],[17.7474,42.7037],[17.746,42.704],[17.749,42.7068],[17.7518,42.7071],[17.7501,42.7054]]],[[[17.6513,42.7343],[17.6501,42.7332],[17.6485,42.7351],[17.6527,42.7357],[17.6513,42.7343]]],[[[17.651,42.7379],[17.6499,42.7399],[17.6526,42.7401],[17.6526,42.7377],[17.651,42.7379]]],[[[17.371,42.8042],[17.3704,42.8024],[17.3727,42.8012],[17.3704,42.7993],[17.3735,42.7976],[17.3791,42.8015],[17.3799,42.8043],[17.3818,42.8043],[17.3835,42.8018],[17.3874,42.8037],[17.3893,42.801],[17.3913,42.8021],[17.3965,42.8013],[17.3963,42.7996],[17.3915,42.7982],[17.3909,42.7946],[17.3849,42.7901],[17.3801,42.7893],[17.3779,42.7918],[17.3732,42.7912],[17.3774,42.7865],[17.386,42.7882],[17.4082,42.7868],[17.4107,42.7849],[17.416,42.7843],[17.4201,42.7854],[17.4329,42.7846],[17.4399,42.7868],[17.4415,42.7851],[17.4401,42.7821],[17.4426,42.7826],[17.4474,42.779],[17.4546,42.781],[17.4688,42.7757],[17.4774,42.7757],[17.4871,42.7724],[17.4951,42.7726],[17.4974,42.7707],[17.4994,42.7718],[17.5124,42.766],[17.5351,42.7632],[17.5388,42.761],[17.5468,42.7609],[17.556,42.7571],[17.5646,42.7573],[17.5707,42.7546],[17.5813,42.7543],[17.5918,42.7516],[17.5985,42.7476],[17.6063,42.7476],[17.6115,42.7454],[17.6093,42.7443],[17.5971,42.7454],[17.596,42.7432],[17.5982,42.7379],[17.6218,42.7374],[17.6201,42.7401],[17.644,42.7377],[17.6479,42.7337],[17.6479,42.7301],[17.6499,42.7301],[17.6499,42.7321],[17.6529,42.7321],[17.6553,42.7349],[17.6624,42.7346],[17.6685,42.7369],[17.6741,42.7282],[17.6729,42.726],[17.6693,42.7268],[17.6699,42.7254],[17.6738,42.7251],[17.6835,42.7301],[17.6874,42.7276],[17.6946,42.7271],[17.6999,42.7229],[17.7085,42.7215],[17.7118,42.7176],[17.7168,42.7185],[17.7226,42.7146],[17.7357,42.7132],[17.7404,42.7088],[17.7465,42.7088],[17.7471,42.7068],[17.7418,42.7024],[17.7451,42.7004],[17.7451,42.6974],[17.7515,42.6965],[17.7546,42.6921],[17.751,42.691],[17.7524,42.6884],[17.7485,42.6862],[17.744,42.6896],[17.7415,42.6896],[17.7415,42.6879],[17.7396,42.6874],[17.7357,42.6888],[17.7357,42.6907],[17.7379,42.6924],[17.7368,42.6954],[17.741,42.696],[17.7405,42.6999],[17.7365,42.7001],[17.7333,42.6976],[17.7324,42.6943],[17.7251,42.6937],[17.7237,42.6957],[17.7265,42.6974],[17.7221,42.6974],[17.721,42.699],[17.7115,42.6991],[17.7113,42.6954],[17.7071,42.6918],[17.7057,42.6937],[17.7074,42.6951],[17.7035,42.6971],[17.6987,42.6954],[17.6988,42.6926],[17.6971,42.6924],[17.6968,42.6979],[17.699,42.6988],[17.6982,42.7018],[17.6951,42.7018],[17.6915,42.7043],[17.6868,42.704],[17.6841,42.7063],[17.6737,42.7091],[17.6701,42.7085],[17.6643,42.7107],[17.6582,42.7099],[17.6568,42.7118],[17.6507,42.7127],[17.6437,42.7171],[17.6335,42.7188],[17.6257,42.7165],[17.6249,42.7188],[17.6218,42.7201],[17.6079,42.7201],[17.6071,42.7215],[17.5993,42.7215],[17.5979,42.7199],[17.5935,42.721],[17.5882,42.719],[17.5857,42.7196],[17.5849,42.7226],[17.5812,42.7215],[17.5735,42.7218],[17.5699,42.7235],[17.5626,42.7226],[17.5451,42.729],[17.5418,42.7287],[17.5309,42.7343],[17.5101,42.7326],[17.4985,42.7385],[17.4982,42.741],[17.4941,42.7401],[17.4885,42.7435],[17.476,42.7477],[17.471,42.746],[17.4681,42.7482],[17.4593,42.7499],[17.4593,42.7513],[17.4543,42.7513],[17.4526,42.7496],[17.4463,42.7485],[17.4443,42.7449],[17.4377,42.7485],[17.4382,42.7518],[17.436,42.754],[17.4238,42.7551],[17.421,42.754],[17.4182,42.7565],[17.416,42.7543],[17.4138,42.7543],[17.4093,42.756],[17.4082,42.7618],[17.3982,42.7657],[17.3876,42.7671],[17.3888,42.766],[17.3874,42.7624],[17.3901,42.761],[17.3899,42.7582],[17.3871,42.7596],[17.3835,42.759],[17.3871,42.7574],[17.3838,42.756],[17.3718,42.7604],[17.3671,42.764],[17.3613,42.764],[17.3476,42.7693],[17.3435,42.7687],[17.3401,42.7715],[17.3379,42.7715],[17.3371,42.7735],[17.3285,42.774],[17.3291,42.7807],[17.3243,42.7813],[17.3235,42.7829],[17.3271,42.786],[17.3201,42.7849],[17.3196,42.7835],[17.3171,42.7843],[17.3176,42.7868],[17.3243,42.7885],[17.324,42.791],[17.3271,42.7926],[17.3279,42.7888],[17.3329,42.7899],[17.3301,42.7835],[17.3324,42.7799],[17.3338,42.786],[17.3382,42.7863],[17.346,42.7907],[17.3515,42.7915],[17.3551,42.7935],[17.356,42.7957],[17.3613,42.7974],[17.3633,42.8005],[17.3676,42.7996],[17.3671,42.8054],[17.371,42.8042]]],[[[17.801,42.7585],[17.8024,42.7571],[17.7949,42.7574],[17.7957,42.7596],[17.801,42.7585]]],[[[17.7799,42.7679],[17.7768,42.7651],[17.7787,42.7646],[17.7815,42.7593],[17.7774,42.7574],[17.7654,42.7626],[17.7654,42.7643],[17.7699,42.7676],[17.7746,42.7668],[17.7746,42.7682],[17.7776,42.7696],[17.7799,42.7679]]],[[[17.4076,42.791],[17.4262,42.7907],[17.4324,42.7876],[17.4171,42.7882],[17.4112,42.7868],[17.4024,42.789],[17.4024,42.7915],[17.4076,42.791]]],[[[17.1156,42.7618],[17.1169,42.7652],[17.1198,42.7631],[17.1196,42.762],[17.1156,42.7618]]],[[[16.9951,42.764],[16.994,42.7646],[16.9957,42.766],[16.9979,42.7657],[16.9951,42.764]]],[[[16.9864,42.7718],[16.9857,42.7654],[16.9796,42.7654],[16.9788,42.7687],[16.9768,42.7674],[16.9696,42.7674],[16.9676,42.7687],[16.9838,42.7729],[16.9864,42.7718]]],[[[16.9688,42.7729],[16.9685,42.7707],[16.9635,42.769],[16.9606,42.7737],[16.9634,42.7755],[16.9632,42.7784],[16.9647,42.7791],[16.9649,42.7742],[16.9688,42.7729]]],[[[17.4011,42.7915],[17.3982,42.789],[17.3957,42.7899],[17.3993,42.7932],[17.401,42.7935],[17.4011,42.7915]]],[[[17.334,42.7918],[17.3371,42.7921],[17.3371,42.7912],[17.334,42.791],[17.334,42.7918]]],[[[17.3442,42.7951],[17.3471,42.7962],[17.3465,42.7912],[17.3379,42.791],[17.3412,42.7971],[17.3442,42.7951]]],[[[17.4138,42.7938],[17.4093,42.7935],[17.4076,42.7954],[17.4099,42.7955],[17.4138,42.7938]]],[[[17.4051,42.7974],[17.4057,42.7938],[17.3946,42.7938],[17.396,42.7976],[17.4018,42.7988],[17.4051,42.7974]]],[[[17.3751,42.8032],[17.3754,42.8046],[17.3782,42.8046],[17.3771,42.8029],[17.3751,42.8032]]],[[[17.3621,42.8071],[17.3615,42.8043],[17.3546,42.8051],[17.3599,42.8082],[17.3621,42.8071]]],[[[17.7243,42.8413],[17.7226,42.8415],[17.7226,42.8432],[17.726,42.8424],[17.7243,42.8413]]],[[[17.4276,42.8732],[17.4255,42.8729],[17.4255,42.874],[17.4293,42.8754],[17.4276,42.8732]]],[[[17.4935,42.919],[17.4915,42.9182],[17.4907,42.9199],[17.4929,42.9207],[17.4935,42.919]]],[[[17.5051,42.9241],[17.509,42.9199],[17.5035,42.9193],[17.4996,42.9221],[17.5021,42.9254],[17.5051,42.9241]]],[[[17.4774,42.9251],[17.4751,42.924],[17.4718,42.9254],[17.4757,42.9279],[17.4774,42.9251]]],[[[17.4871,42.9277],[17.4871,42.9246],[17.4843,42.9263],[17.4849,42.9287],[17.4871,42.9277]]],[[[17.4988,42.9284],[17.4991,42.9277],[17.496,42.9276],[17.4965,42.9296],[17.4988,42.9284]]],[[[17.1857,42.9315],[17.1815,42.9307],[17.1807,42.931],[17.1829,42.9332],[17.1857,42.9315]]],[[[17.1717,42.9376],[17.1735,42.9321],[17.1651,42.9354],[17.1671,42.9388],[17.1717,42.9376]]],[[[17.2051,42.936],[17.2032,42.934],[17.2015,42.9343],[17.204,42.9379],[17.2063,42.9377],[17.2051,42.936]]],[[[17.8243,42.7451],[17.8226,42.7454],[17.8229,42.7471],[17.8249,42.7465],[17.8243,42.7451]]],[[[17.8132,42.7518],[17.8087,42.7504],[17.8079,42.7527],[17.8115,42.7538],[17.8132,42.7518]]],[[[17.8321,42.7581],[17.8299,42.7576],[17.8296,42.7593],[17.8326,42.7599],[17.8321,42.7581]]],[[[17.1984,43.019],[17.1979,43.0201],[17.2001,43.0204],[17.2001,43.0185],[17.1984,43.019]]],[[[16.274,42.3885],[16.2746,42.3868],[16.2696,42.3893],[16.2729,42.3887],[16.2751,42.3901],[16.274,42.3885]]],[[[16.2571,42.3945],[16.2635,42.3935],[16.2668,42.3918],[16.2671,42.3901],[16.2648,42.3901],[16.2648,42.3877],[16.2617,42.3877],[16.2617,42.3855],[16.2527,42.3854],[16.2527,42.3876],[16.2407,42.3874],[16.2407,42.3896],[16.2316,42.3895],[16.2316,42.3959],[16.2527,42.3961],[16.2527,42.394],[16.2571,42.3945]]],[[[16.278,42.4019],[16.281,42.4019],[16.281,42.3998],[16.2897,42.3997],[16.2898,42.3954],[16.2869,42.3954],[16.2869,42.3933],[16.2781,42.3934],[16.2781,42.3955],[16.2664,42.3956],[16.2664,42.3978],[16.2577,42.3978],[16.2576,42.4043],[16.278,42.4041],[16.278,42.4019]]],[[[16.229,43.0179],[16.2285,43.014],[16.2254,43.0154],[16.2229,43.0146],[16.2221,43.0163],[16.2226,43.0187],[16.2307,43.0218],[16.2313,43.019],[16.229,43.0179]]],[[[16.0082,42.9929],[16.0163,42.9865],[16.0221,42.9879],[16.0193,42.9815],[16.0235,42.9824],[16.0237,42.981],[16.0201,42.9776],[16.0251,42.9754],[16.0229,42.9743],[16.0218,42.9632],[16.0193,42.9588],[16.0096,42.9618],[16.0065,42.961],[16.0013,42.9551],[15.9951,42.9529],[15.9965,42.959],[16.0007,42.9607],[16.0012,42.966],[16.0015,42.971],[15.9979,42.9746],[15.9985,42.9765],[16.0012,42.9768],[15.9982,42.9782],[15.9976,42.9801],[16.0026,42.9815],[15.9982,42.9818],[15.999,42.9849],[16.0012,42.9854],[15.9987,42.9871],[16.0001,42.9887],[15.9993,42.9921],[16.001,42.9918],[16.0046,42.9949],[16.0082,42.9929]]],[[[16.1496,43.0138],[16.1463,43.0137],[16.1429,43.0113],[16.1348,43.0124],[16.1296,43.0096],[16.1204,43.0101],[16.1129,43.0065],[16.1035,43.0071],[16.1021,43.0054],[16.0888,43.0065],[16.0846,43.0051],[16.0796,43.0074],[16.071,43.0049],[16.0693,43.0065],[16.0679,43.0051],[16.0665,43.0065],[16.069,43.0088],[16.0701,43.0135],[16.0826,43.0196],[16.0862,43.0199],[16.0924,43.0243],[16.0912,43.026],[16.0932,43.0277],[16.0915,43.0296],[16.0932,43.036],[16.0902,43.0407],[16.0882,43.0412],[16.0876,43.0451],[16.0849,43.0476],[16.0788,43.0468],[16.0696,43.0419],[16.0624,43.0404],[16.0605,43.044],[16.0579,43.0449],[16.0585,43.0485],[16.0549,43.0519],[16.0499,43.0524],[16.049,43.0543],[16.0568,43.0576],[16.0557,43.0585],[16.0571,43.0599],[16.0768,43.0665],[16.0805,43.071],[16.0846,43.0699],[16.086,43.0721],[16.0904,43.0718],[16.091,43.0732],[16.0996,43.0738],[16.1032,43.0757],[16.1146,43.0749],[16.1157,43.0774],[16.1229,43.0763],[16.1238,43.0743],[16.1257,43.0776],[16.1288,43.0779],[16.1279,43.0746],[16.1307,43.0754],[16.1318,43.074],[16.1371,43.0788],[16.1579,43.0807],[16.1729,43.079],[16.1754,43.081],[16.1804,43.0799],[16.1854,43.0815],[16.1876,43.0785],[16.1787,43.0774],[16.1821,43.0768],[16.1829,43.0749],[16.1843,43.0763],[16.1882,43.076],[16.189,43.0735],[16.1915,43.0754],[16.1932,43.0735],[16.1976,43.076],[16.1991,43.0749],[16.1951,43.0676],[16.1932,43.0668],[16.1893,43.0682],[16.1891,43.0621],[16.1857,43.0615],[16.1879,43.0593],[16.1938,43.0576],[16.1985,43.0588],[16.1987,43.061],[16.2029,43.0638],[16.2046,43.0669],[16.2041,43.0696],[16.2071,43.0693],[16.2115,43.0721],[16.2171,43.0718],[16.2179,43.0738],[16.2207,43.0738],[16.2221,43.0713],[16.224,43.0746],[16.2287,43.0755],[16.2293,43.0718],[16.2332,43.0757],[16.2429,43.0765],[16.2382,43.0724],[16.2429,43.0726],[16.241,43.0707],[16.2424,43.0693],[16.2415,43.0657],[16.2421,43.0643],[16.2465,43.0718],[16.2493,43.0704],[16.2551,43.0726],[16.2546,43.0701],[16.2496,43.0665],[16.2574,43.0654],[16.2524,43.0588],[16.2532,43.0579],[16.2579,43.0601],[16.254,43.0549],[16.2526,43.0496],[16.2387,43.0426],[16.2346,43.039],[16.2307,43.0404],[16.2324,43.0374],[16.2276,43.0326],[16.2307,43.0318],[16.2307,43.0296],[16.2235,43.0285],[16.2243,43.0262],[16.2224,43.0226],[16.2126,43.0235],[16.2124,43.0196],[16.2162,43.0176],[16.2151,43.0165],[16.2124,43.0176],[16.2062,43.0168],[16.204,43.0187],[16.2054,43.0196],[16.2043,43.0221],[16.2004,43.0201],[16.1982,43.0235],[16.1963,43.0235],[16.1977,43.0185],[16.1949,43.0176],[16.186,43.0174],[16.1857,43.0207],[16.1818,43.0182],[16.1785,43.0199],[16.1774,43.0165],[16.1746,43.0163],[16.1715,43.0201],[16.1718,43.0149],[16.1676,43.0163],[16.1654,43.0146],[16.1627,43.0177],[16.1613,43.0143],[16.156,43.0135],[16.1557,43.016],[16.1496,43.0138]]],[[[16.0462,43.054],[16.044,43.0537],[16.043,43.0554],[16.0451,43.0557],[16.0462,43.054]]],[[[16.2364,43.0246],[16.2365,43.0257],[16.2391,43.0257],[16.2385,43.024],[16.2364,43.0246]]],[[[16.2468,43.0288],[16.2496,43.0273],[16.2488,43.0249],[16.2462,43.0268],[16.2443,43.0251],[16.244,43.0218],[16.2401,43.0226],[16.239,43.0271],[16.2401,43.0299],[16.2424,43.0301],[16.2429,43.0279],[16.2468,43.0288]]],[[[16.2576,43.0354],[16.2565,43.0337],[16.2537,43.0343],[16.2563,43.0377],[16.2585,43.0368],[16.2576,43.0354]]],[[[16.2657,43.0482],[16.2643,43.0485],[16.2679,43.0527],[16.2676,43.0513],[16.2657,43.0482]]],[[[16.3815,43.1449],[16.379,43.144],[16.3779,43.1443],[16.3796,43.1463],[16.3821,43.1457],[16.3815,43.1449]]],[[[16.3643,43.1543],[16.3632,43.1524],[16.3646,43.1507],[16.3632,43.149],[16.361,43.149],[16.3549,43.154],[16.3554,43.156],[16.3607,43.1546],[16.3621,43.1563],[16.3643,43.1543]]],[[[16.4238,43.1624],[16.4265,43.1629],[16.426,43.1601],[16.4293,43.1576],[16.4296,43.1557],[16.4274,43.1549],[16.4254,43.1582],[16.4218,43.1601],[16.4209,43.1538],[16.4185,43.1529],[16.4179,43.1507],[16.4143,43.1521],[16.4109,43.156],[16.4182,43.1579],[16.4215,43.1646],[16.4232,43.1643],[16.4238,43.1624]]],[[[16.4343,43.1601],[16.4382,43.1607],[16.4385,43.1579],[16.434,43.1587],[16.4349,43.1565],[16.4312,43.1563],[16.4315,43.1607],[16.4337,43.1618],[16.4343,43.1601]]],[[[16.4124,43.1601],[16.4093,43.1599],[16.4065,43.1571],[16.4049,43.1576],[16.4057,43.1613],[16.4124,43.1601]]],[[[16.4174,43.161],[16.4163,43.1599],[16.4138,43.1601],[16.4151,43.1635],[16.4171,43.1632],[16.4174,43.161]]],[[[16.3518,43.1751],[16.3535,43.1743],[16.3524,43.1724],[16.3537,43.1704],[16.3579,43.1726],[16.359,43.1693],[16.3657,43.1668],[16.3668,43.1649],[16.3718,43.1682],[16.3768,43.1685],[16.3782,43.1668],[16.381,43.1676],[16.3821,43.1668],[16.3815,43.1624],[16.3843,43.1657],[16.3876,43.1665],[16.3893,43.1638],[16.3951,43.1649],[16.3957,43.1632],[16.3926,43.1626],[16.3946,43.1615],[16.4001,43.1629],[16.3996,43.1668],[16.4018,43.1671],[16.401,43.1626],[16.4037,43.1557],[16.401,43.1551],[16.3974,43.159],[16.396,43.156],[16.3891,43.1524],[16.389,43.1554],[16.3913,43.1576],[16.389,43.1582],[16.3846,43.1526],[16.3835,43.1565],[16.3807,43.1574],[16.3788,43.154],[16.3757,43.1549],[16.3768,43.1593],[16.3737,43.1619],[16.3724,43.1535],[16.3665,43.1526],[16.3657,43.154],[16.3688,43.1554],[16.3693,43.1579],[16.3632,43.1626],[16.3576,43.1587],[16.3563,43.1596],[16.3582,43.1621],[16.3571,43.1643],[16.354,43.1641],[16.3504,43.1609],[16.3474,43.1613],[16.3463,43.164],[16.3493,43.1665],[16.3429,43.1657],[16.3424,43.1691],[16.3382,43.169],[16.3357,43.1654],[16.3315,43.164],[16.3307,43.1679],[16.336,43.1726],[16.339,43.1729],[16.339,43.1768],[16.3429,43.1732],[16.3449,43.1757],[16.3471,43.1738],[16.3504,43.1774],[16.3518,43.1751]]],[[[16.364,43.1683],[16.3638,43.1696],[16.3665,43.1699],[16.3662,43.1688],[16.364,43.1683]]],[[[16.2046,43.0756],[16.2029,43.0749],[16.2013,43.0751],[16.2038,43.0768],[16.2046,43.0756]]],[[[16.1838,43.3926],[16.1849,43.391],[16.1829,43.3901],[16.1801,43.3935],[16.1838,43.3926]]],[[[16.1976,43.3907],[16.1941,43.3893],[16.1913,43.3926],[16.1924,43.3946],[16.1976,43.3951],[16.1988,43.3913],[16.1976,43.3907]]],[[[16.1863,43.3957],[16.184,43.3952],[16.1829,43.3971],[16.1854,43.3977],[16.1863,43.3957]]],[[[16.3176,43.1729],[16.3185,43.1701],[16.3132,43.171],[16.3118,43.1679],[16.3096,43.1688],[16.3093,43.1704],[16.3121,43.1721],[16.3129,43.1751],[16.3163,43.1751],[16.3176,43.1729]]],[[[16.3274,43.1718],[16.3246,43.1715],[16.3243,43.1721],[16.3282,43.1735],[16.3274,43.1718]]],[[[16.334,43.1729],[16.3332,43.1712],[16.3318,43.1746],[16.3329,43.1746],[16.334,43.1729]]],[[[16.2115,43.4138],[16.2546,43.4143],[16.2657,43.4129],[16.2679,43.4107],[16.2807,43.4099],[16.2868,43.4076],[16.2896,43.4043],[16.2971,43.4035],[16.2957,43.3996],[16.3007,43.3985],[16.3013,43.394],[16.3043,43.3954],[16.3061,43.3999],[16.3185,43.396],[16.3177,43.3932],[16.3146,43.3907],[16.3165,43.3874],[16.3135,43.3854],[16.3127,43.3829],[16.3197,43.386],[16.3221,43.386],[16.3232,43.3843],[16.3251,43.3851],[16.3268,43.3913],[16.3251,43.3937],[16.3268,43.3957],[16.3299,43.3954],[16.3307,43.3927],[16.3337,43.3921],[16.3343,43.3891],[16.3368,43.3879],[16.3399,43.3824],[16.3463,43.3804],[16.351,43.3768],[16.3501,43.3726],[16.3543,43.3743],[16.3607,43.3729],[16.3618,43.3662],[16.3691,43.3601],[16.3657,43.3574],[16.3746,43.3532],[16.3732,43.3504],[16.3779,43.3499],[16.3813,43.3474],[16.3843,43.3418],[16.3871,43.3435],[16.3926,43.3415],[16.3976,43.3363],[16.3999,43.3307],[16.3968,43.3274],[16.3943,43.3274],[16.3907,43.3346],[16.3885,43.3351],[16.3863,43.3246],[16.381,43.3254],[16.3779,43.3268],[16.3765,43.3334],[16.3746,43.3293],[16.3663,43.3307],[16.366,43.3393],[16.3621,43.3343],[16.3571,43.3332],[16.3565,43.3351],[16.351,43.3357],[16.3482,43.3404],[16.3382,43.3421],[16.3349,43.3449],[16.3224,43.3457],[16.3218,43.3471],[16.3163,43.3479],[16.3124,43.3504],[16.3137,43.354],[16.3096,43.3529],[16.3091,43.3549],[16.3057,43.3543],[16.3085,43.3579],[16.3071,43.3607],[16.3026,43.3582],[16.3007,43.3621],[16.2993,43.361],[16.296,43.3618],[16.294,43.3657],[16.2915,43.3635],[16.2874,43.3635],[16.2865,43.3668],[16.2882,43.3676],[16.2879,43.3701],[16.2849,43.3685],[16.2849,43.3707],[16.2824,43.371],[16.2813,43.3677],[16.2785,43.3668],[16.2721,43.3693],[16.271,43.3715],[16.2674,43.3704],[16.2665,43.3726],[16.2676,43.3737],[16.2629,43.3726],[16.2618,43.3763],[16.2579,43.3729],[16.2577,43.3768],[16.2538,43.376],[16.2529,43.3785],[16.2474,43.3765],[16.2468,43.3796],[16.2421,43.379],[16.2421,43.3815],[16.2396,43.3799],[16.2376,43.381],[16.2343,43.3801],[16.2321,43.3818],[16.2321,43.3851],[16.2282,43.3821],[16.2165,43.3843],[16.214,43.3826],[16.2096,43.3826],[16.2107,43.3857],[16.2057,43.3857],[16.2054,43.3882],[16.211,43.3907],[16.2118,43.3937],[16.2068,43.3918],[16.2021,43.3951],[16.206,43.3976],[16.2018,43.399],[16.204,43.401],[16.2032,43.4038],[16.2076,43.4046],[16.2001,43.409],[16.2001,43.4107],[16.2062,43.4146],[16.2115,43.4138]]],[[[16.1979,43.4007],[16.1946,43.3999],[16.1926,43.4018],[16.1971,43.4024],[16.1979,43.4007]]],[[[16.1768,43.4065],[16.1818,43.4024],[16.1821,43.4001],[16.1787,43.3987],[16.1763,43.4001],[16.1719,43.3993],[16.1688,43.4071],[16.1743,43.4079],[16.1768,43.4065]]],[[[16.1349,43.4115],[16.134,43.4129],[16.1343,43.4146],[16.1365,43.414],[16.1363,43.4115],[16.1349,43.4115]]],[[[16.1262,43.4201],[16.1288,43.419],[16.1304,43.4146],[16.1226,43.4154],[16.1185,43.419],[16.1201,43.4218],[16.1262,43.4201]]],[[[15.7999,43.0052],[15.7999,43.0077],[15.8027,43.0077],[15.8032,43.0049],[15.7999,43.0052]]],[[[15.7649,43.0335],[15.7693,43.0313],[15.7657,43.024],[15.7496,43.0179],[15.7451,43.019],[15.746,43.0174],[15.7429,43.0176],[15.7401,43.0157],[15.7382,43.0185],[15.7276,43.0187],[15.7251,43.0226],[15.7293,43.0268],[15.7468,43.031],[15.7504,43.0346],[15.7607,43.0349],[15.7649,43.0335]]],[[[15.9421,43.5151],[15.9449,43.5137],[15.946,43.511],[15.9424,43.5101],[15.9371,43.5157],[15.9396,43.5165],[15.9421,43.5151]]],[[[15.9421,43.5176],[15.941,43.519],[15.9441,43.5196],[15.9438,43.5174],[15.9421,43.5176]]],[[[16.2207,43.4779],[16.2196,43.4774],[16.2168,43.4787],[16.219,43.4793],[16.2207,43.4779]]],[[[16.0347,43.479],[16.0338,43.4785],[16.0335,43.4813],[16.0351,43.4801],[16.0347,43.479]]],[[[15.9726,43.5271],[15.9754,43.5248],[15.974,43.524],[15.974,43.521],[15.9688,43.5199],[15.9674,43.521],[15.969,43.5243],[15.9679,43.5299],[15.9712,43.5301],[15.9726,43.5271]]],[[[15.8887,43.5371],[15.8868,43.5376],[15.8868,43.5401],[15.8913,43.5399],[15.8915,43.5368],[15.8887,43.5371]]],[[[15.936,43.5424],[15.9346,43.539],[15.9304,43.541],[15.9324,43.544],[15.9354,43.544],[15.936,43.5424]]],[[[15.8754,43.5645],[15.8742,43.5664],[15.8764,43.5677],[15.8815,43.5646],[15.8808,43.5635],[15.8754,43.5645]]],[[[15.903,43.5718],[15.9051,43.5704],[15.9046,43.5676],[15.896,43.569],[15.8921,43.5732],[15.8985,43.5743],[15.8996,43.5718],[15.903,43.5718]]],[[[15.8712,43.5757],[15.8696,43.5768],[15.8718,43.5788],[15.8727,43.5759],[15.8712,43.5757]]],[[[15.9113,43.5921],[15.9104,43.5938],[15.9138,43.594],[15.9135,43.5918],[15.9113,43.5921]]],[[[15.9024,43.6312],[15.9076,43.6301],[15.9068,43.6287],[15.8976,43.6282],[15.8962,43.6293],[15.8983,43.6327],[15.9024,43.6312]]],[[[15.8154,43.6481],[15.8196,43.6462],[15.8214,43.6428],[15.8187,43.6424],[15.8156,43.6451],[15.8154,43.6481]]],[[[16.1787,43.4371],[16.1799,43.4349],[16.1749,43.4368],[16.1755,43.439],[16.1787,43.4371]]],[[[16.1793,43.4401],[16.1782,43.4399],[16.1774,43.4424],[16.1805,43.4418],[16.1793,43.4401]]],[[[16.1418,43.4579],[16.149,43.4568],[16.151,43.4585],[16.1576,43.4591],[16.1671,43.4565],[16.1735,43.4504],[16.1765,43.4413],[16.1709,43.4399],[16.1705,43.4341],[16.1676,43.4315],[16.1629,43.4321],[16.1537,43.4382],[16.1513,43.4354],[16.146,43.436],[16.1485,43.4326],[16.144,43.4293],[16.1351,43.431],[16.1327,43.4281],[16.1273,43.4278],[16.1193,43.4299],[16.1165,43.4287],[16.1082,43.4299],[16.109,43.4324],[16.1121,43.4339],[16.1101,43.4365],[16.1157,43.4374],[16.119,43.4437],[16.1229,43.444],[16.1224,43.4407],[16.1262,43.4418],[16.1218,43.4463],[16.1243,43.4512],[16.1296,43.4518],[16.1385,43.4488],[16.1419,43.451],[16.1443,43.4496],[16.1446,43.4515],[16.1376,43.4526],[16.1332,43.4554],[16.1349,43.459],[16.1418,43.4579]]],[[[16.0776,43.4547],[16.0804,43.4538],[16.089,43.4554],[16.0915,43.4485],[16.0985,43.446],[16.0912,43.4443],[16.0926,43.4388],[16.0854,43.4354],[16.0796,43.4393],[16.0804,43.4424],[16.0826,43.4437],[16.081,43.4452],[16.0755,43.446],[16.0665,43.4446],[16.0613,43.4479],[16.0549,43.4454],[16.0535,43.4479],[16.0537,43.4507],[16.0557,43.4518],[16.061,43.4507],[16.064,43.4524],[16.069,43.451],[16.0721,43.4554],[16.0776,43.4547]]],[[[16.0404,43.4726],[16.041,43.474],[16.0429,43.474],[16.0426,43.4712],[16.0404,43.4726]]],[[[16.0349,43.4725],[16.0271,43.4701],[16.0201,43.4721],[16.0173,43.4751],[16.0268,43.4746],[16.0329,43.4763],[16.0349,43.4746],[16.0349,43.4725]]],[[[16.0096,43.4751],[16.0118,43.4751],[16.0118,43.4729],[16.0104,43.4732],[16.0096,43.4751]]],[[[16.1699,43.476],[16.1674,43.4749],[16.1665,43.4785],[16.1688,43.4782],[16.1699,43.476]]],[[[16.239,43.4779],[16.2385,43.4765],[16.226,43.4771],[16.229,43.4793],[16.2365,43.4801],[16.239,43.4779]]],[[[16.4632,43.5307],[16.4615,43.5318],[16.4657,43.5321],[16.4649,43.531],[16.4632,43.5307]]],[[[15.6654,43.7024],[15.6657,43.6999],[15.6618,43.6985],[15.6599,43.7001],[15.6596,43.7038],[15.6643,43.7046],[15.6654,43.7024]]],[[[15.729,43.704],[15.7307,43.7024],[15.7301,43.701],[15.724,43.7029],[15.726,43.7057],[15.729,43.704]]],[[[15.6043,43.7187],[15.6065,43.7165],[15.601,43.7176],[15.6021,43.7201],[15.6043,43.7187]]],[[[15.5982,43.7249],[15.5993,43.7225],[15.5976,43.7201],[15.5933,43.7201],[15.5901,43.722],[15.5901,43.7243],[15.5927,43.7263],[15.5982,43.7249]]],[[[15.4508,43.7161],[15.4542,43.7136],[15.4541,43.7127],[15.4499,43.7139],[15.4508,43.7161]]],[[[15.4401,43.7209],[15.4438,43.719],[15.444,43.7173],[15.4412,43.7157],[15.4385,43.7163],[15.4374,43.714],[15.4354,43.714],[15.4338,43.7163],[15.4357,43.7177],[15.4343,43.721],[15.4382,43.7224],[15.4401,43.7209]]],[[[15.4343,43.7193],[15.4343,43.7182],[15.4288,43.7185],[15.4299,43.7207],[15.4343,43.7193]]],[[[15.4474,43.7274],[15.4604,43.7226],[15.4632,43.719],[15.4621,43.7146],[15.4574,43.7157],[15.4538,43.7196],[15.4496,43.7212],[15.4482,43.7251],[15.4437,43.7274],[15.4429,43.7296],[15.4463,43.7296],[15.4474,43.7274]]],[[[15.4896,43.7235],[15.4882,43.7226],[15.4857,43.724],[15.4874,43.7249],[15.4896,43.7235]]],[[[15.4774,43.7335],[15.4821,43.7299],[15.4835,43.7218],[15.4776,43.7254],[15.4743,43.7218],[15.476,43.7207],[15.4754,43.7193],[15.471,43.7199],[15.4693,43.7221],[15.4713,43.7221],[15.4718,43.7254],[15.4693,43.7268],[15.4679,43.7319],[15.4721,43.7326],[15.4726,43.7351],[15.4774,43.7335]]],[[[15.434,43.7293],[15.4393,43.7285],[15.4396,43.726],[15.4371,43.724],[15.4335,43.7257],[15.431,43.7243],[15.4279,43.7251],[15.4285,43.7274],[15.4315,43.7276],[15.4307,43.7307],[15.434,43.7293]]],[[[15.5843,43.7351],[15.5849,43.7329],[15.579,43.734],[15.5801,43.7371],[15.5829,43.7371],[15.5843,43.7351]]],[[[15.4067,43.7265],[15.4113,43.7249],[15.4165,43.719],[15.4079,43.721],[15.4035,43.7271],[15.4067,43.7265]]],[[[15.4007,43.7282],[15.3982,43.7268],[15.396,43.7276],[15.396,43.7296],[15.3999,43.7302],[15.4007,43.7282]]],[[[15.4204,43.7313],[15.4215,43.7318],[15.4265,43.7279],[15.426,43.7249],[15.4226,43.7265],[15.4207,43.7254],[15.4135,43.7263],[15.4085,43.7299],[15.4089,43.7319],[15.416,43.7307],[15.4171,43.7329],[15.4204,43.7313]]],[[[15.4051,43.7388],[15.4049,43.7374],[15.3979,43.7349],[15.4012,43.7399],[15.4051,43.7388]]],[[[15.6913,43.7235],[15.691,43.7215],[15.689,43.7215],[15.6874,43.7243],[15.6901,43.7251],[15.6913,43.7235]]],[[[15.6168,43.7246],[15.6205,43.7229],[15.6207,43.7212],[15.6182,43.721],[15.614,43.7257],[15.6168,43.7246]]],[[[15.6124,43.7263],[15.6107,43.7263],[15.6099,43.7279],[15.6115,43.7285],[15.6124,43.7263]]],[[[15.7257,43.7515],[15.7249,43.751],[15.7232,43.7526],[15.7243,43.7529],[15.7257,43.7515]]],[[[15.3843,43.738],[15.3815,43.7374],[15.3796,43.741],[15.384,43.7418],[15.3843,43.738]]],[[[15.3929,43.744],[15.3965,43.7435],[15.3971,43.7415],[15.3926,43.7415],[15.3921,43.7382],[15.389,43.7354],[15.3874,43.7357],[15.386,43.7379],[15.3887,43.7396],[15.389,43.7449],[15.3915,43.7463],[15.3929,43.744]]],[[[15.4268,43.7446],[15.4238,43.7454],[15.4241,43.7477],[15.4273,43.7465],[15.4268,43.7446]]],[[[15.3868,43.7482],[15.3826,43.7429],[15.3796,43.7449],[15.3843,43.751],[15.3871,43.7504],[15.3868,43.7482]]],[[[15.6793,43.7576],[15.6771,43.7546],[15.6729,43.7554],[15.6765,43.7588],[15.6788,43.7593],[15.6793,43.7576]]],[[[15.6312,43.7595],[15.6296,43.759],[15.629,43.7615],[15.6315,43.7615],[15.6312,43.7595]]],[[[15.6763,43.7615],[15.6751,43.7599],[15.6735,43.7618],[15.6749,43.7629],[15.6763,43.7615]]],[[[15.6249,43.7601],[15.6235,43.7599],[15.6229,43.7629],[15.6254,43.7629],[15.6249,43.7601]]],[[[15.5626,43.8265],[15.5615,43.8249],[15.5585,43.8251],[15.5615,43.8288],[15.5626,43.8265]]],[[[15.5035,43.8268],[15.501,43.826],[15.4991,43.8285],[15.5029,43.8293],[15.5035,43.8268]]],[[[15.5393,43.8276],[15.5385,43.8271],[15.5374,43.829],[15.5404,43.8293],[15.5393,43.8276]]],[[[15.5143,43.8345],[15.5237,43.8307],[15.5257,43.826],[15.5229,43.8277],[15.5171,43.8274],[15.511,43.8318],[15.5074,43.8299],[15.5051,43.8304],[15.5055,43.8321],[15.5099,43.8332],[15.5104,43.8349],[15.5143,43.8345]]],[[[15.4071,43.7538],[15.4065,43.7532],[15.4043,43.7551],[15.406,43.7554],[15.4071,43.7538]]],[[[15.3543,43.7532],[15.3513,43.7549],[15.3515,43.7557],[15.3549,43.7552],[15.3543,43.7532]]],[[[15.342,43.7613],[15.3474,43.7585],[15.3485,43.7551],[15.3426,43.7562],[15.3382,43.7626],[15.342,43.7613]]],[[[15.3243,43.7765],[15.3329,43.7724],[15.3376,43.7721],[15.3438,43.7679],[15.3615,43.7654],[15.364,43.7613],[15.3693,43.7601],[15.3693,43.756],[15.3768,43.7585],[15.3829,43.7577],[15.384,43.7562],[15.3815,43.756],[15.3793,43.7532],[15.379,43.7496],[15.374,43.746],[15.3754,43.7432],[15.3707,43.7432],[15.3694,43.746],[15.3649,43.7479],[15.3621,43.7474],[15.3588,43.7499],[15.3609,43.7535],[15.3629,43.7538],[15.3624,43.7607],[15.3568,43.7579],[15.3507,43.7582],[15.3429,43.7613],[15.3409,43.764],[15.3304,43.7679],[15.3279,43.7718],[15.3257,43.7693],[15.3213,43.7696],[15.3135,43.7746],[15.3151,43.7751],[15.3157,43.7777],[15.3227,43.7785],[15.3243,43.7765]]],[[[15.3521,43.7771],[15.3529,43.774],[15.3493,43.7726],[15.3432,43.7776],[15.3471,43.779],[15.3515,43.7785],[15.3521,43.7771]]],[[[15.3107,43.7787],[15.3113,43.7768],[15.3087,43.7765],[15.2979,43.7785],[15.296,43.7807],[15.299,43.7818],[15.3079,43.7785],[15.3107,43.7829],[15.3107,43.7787]]],[[[15.3379,43.7829],[15.3407,43.7815],[15.3371,43.781],[15.3332,43.7837],[15.3379,43.7829]]],[[[15.3754,43.8037],[15.3743,43.8043],[15.3743,43.806],[15.3765,43.8046],[15.3754,43.8037]]],[[[15.2943,43.7901],[15.2915,43.7854],[15.2888,43.7871],[15.2871,43.7907],[15.2904,43.7915],[15.2943,43.7901]]],[[[15.2971,43.7999],[15.2974,43.7976],[15.2954,43.7976],[15.2926,43.8004],[15.2951,43.8013],[15.2971,43.7999]]],[[[15.2688,43.8046],[15.2735,43.8013],[15.2762,43.8015],[15.2749,43.8043],[15.2774,43.8038],[15.279,43.7985],[15.2771,43.7971],[15.2685,43.8007],[15.2649,43.801],[15.2626,43.7993],[15.2604,43.8013],[15.2651,43.8054],[15.2688,43.8046]]],[[[15.2554,43.8049],[15.2543,43.804],[15.2529,43.8054],[15.2537,43.8082],[15.256,43.8079],[15.2554,43.8049]]],[[[15.3763,43.806],[15.376,43.8074],[15.3782,43.8068],[15.3782,43.8054],[15.3763,43.806]]],[[[15.2385,43.8807],[15.239,43.8782],[15.2365,43.8771],[15.2407,43.8743],[15.2407,43.8713],[15.2479,43.8735],[15.251,43.8704],[15.2551,43.8713],[15.2632,43.8699],[15.2679,43.8668],[15.2679,43.8629],[15.2615,43.8649],[15.2588,43.8604],[15.2532,43.8618],[15.2563,43.8582],[15.2776,43.8446],[15.3037,43.8321],[15.3182,43.8218],[15.3282,43.8174],[15.3346,43.8112],[15.3415,43.8088],[15.3516,43.7999],[15.3599,43.7893],[15.3654,43.7854],[15.3813,43.7771],[15.384,43.7774],[15.386,43.7726],[15.3952,43.7699],[15.4038,43.7646],[15.4049,43.7624],[15.4282,43.754],[15.4379,43.7471],[15.4485,43.746],[15.4549,43.741],[15.4621,43.7393],[15.4612,43.7346],[15.4574,43.734],[15.4524,43.7393],[15.4513,43.7393],[15.4515,43.7365],[15.4501,43.7365],[15.4399,43.7407],[15.4382,43.7429],[15.4388,43.7451],[15.4071,43.7574],[15.4035,43.7615],[15.3963,43.7649],[15.3843,43.7671],[15.3824,43.7699],[15.3763,43.7715],[15.3629,43.7793],[15.354,43.7796],[15.3479,43.7815],[15.3385,43.7888],[15.336,43.7888],[15.3349,43.786],[15.3301,43.7865],[15.3168,43.7973],[15.314,43.7974],[15.3132,43.8001],[15.3065,43.8015],[15.304,43.7999],[15.3035,43.8021],[15.2988,43.8057],[15.2996,43.8096],[15.3035,43.8101],[15.3001,43.8118],[15.2957,43.8104],[15.2926,43.8115],[15.2915,43.8132],[15.2935,43.816],[15.2926,43.8173],[15.2849,43.8154],[15.2835,43.8168],[15.2854,43.8193],[15.2838,43.8201],[15.2843,43.8215],[15.2755,43.8254],[15.2715,43.8218],[15.2649,43.8257],[15.264,43.8279],[15.2613,43.8279],[15.256,43.8357],[15.2537,43.8363],[15.2554,43.8376],[15.2549,43.8393],[15.2485,43.8393],[15.2451,43.8454],[15.244,43.8443],[15.2407,43.8451],[15.2415,43.8501],[15.2454,43.8501],[15.2424,43.8526],[15.2421,43.8547],[15.2351,43.8585],[15.2332,43.8615],[15.2301,43.861],[15.2285,43.8649],[15.2246,43.8657],[15.2204,43.8693],[15.2212,43.8718],[15.2229,43.8721],[15.221,43.8757],[15.2268,43.8751],[15.2351,43.8774],[15.2357,43.8826],[15.2385,43.8807]]],[[[15.3649,43.8107],[15.366,43.8085],[15.3638,43.8074],[15.3596,43.8068],[15.3579,43.8082],[15.3585,43.8101],[15.361,43.8101],[15.3618,43.8127],[15.3649,43.8107]]],[[[15.3771,43.8171],[15.3751,43.816],[15.3735,43.8193],[15.3751,43.8196],[15.3771,43.8171]]],[[[15.5865,43.8304],[15.5843,43.8293],[15.5832,43.8315],[15.586,43.8329],[15.5865,43.8304]]],[[[15.5846,43.8346],[15.5821,43.8315],[15.579,43.8318],[15.5776,43.8338],[15.5807,43.8368],[15.5838,43.8371],[15.5846,43.8346]]],[[[15.5568,43.8363],[15.5546,43.836],[15.554,43.8374],[15.5577,43.8371],[15.5568,43.8363]]],[[[15.5071,43.8357],[15.504,43.8365],[15.5051,43.8396],[15.5077,43.8391],[15.5071,43.8357]]],[[[15.5903,43.8343],[15.5868,43.8335],[15.586,43.8365],[15.591,43.8368],[15.5903,43.8343]]],[[[15.5829,43.8404],[15.579,43.8371],[15.5776,43.8401],[15.5715,43.8393],[15.5771,43.8429],[15.5824,43.8421],[15.5829,43.8404]]],[[[15.4999,43.8402],[15.4974,43.8401],[15.4965,43.8418],[15.4994,43.8432],[15.4999,43.8402]]],[[[15.5138,43.8424],[15.5143,43.8404],[15.5113,43.8407],[15.5113,43.8429],[15.5138,43.8424]]],[[[15.571,43.8465],[15.5746,43.8451],[15.5737,43.8418],[15.5704,43.8418],[15.566,43.8393],[15.561,43.8424],[15.5613,43.8457],[15.564,43.8477],[15.5688,43.8485],[15.5682,43.8468],[15.571,43.8465]]],[[[15.4367,43.8464],[15.4397,43.8465],[15.4398,43.8422],[15.4428,43.8422],[15.4428,43.8401],[15.4277,43.8399],[15.4277,43.8421],[15.4247,43.842],[15.4247,43.8484],[15.4367,43.8486],[15.4367,43.8464]]],[[[15.5465,43.8466],[15.5523,43.8465],[15.5523,43.8422],[15.5436,43.8423],[15.5436,43.8444],[15.5465,43.8444],[15.5465,43.8466]]],[[[15.4871,43.8476],[15.4865,43.8454],[15.4826,43.8438],[15.484,43.8488],[15.4871,43.8476]]],[[[15.5601,43.8455],[15.5579,43.8457],[15.5596,43.8493],[15.5613,43.8493],[15.5601,43.8455]]],[[[15.7149,43.6213],[15.714,43.6201],[15.7126,43.6221],[15.714,43.6226],[15.7149,43.6213]]],[[[15.6099,43.6237],[15.6082,43.6229],[15.6079,43.6251],[15.6099,43.6249],[15.6099,43.6237]]],[[[15.6821,43.6268],[15.6835,43.6243],[15.6776,43.6263],[15.679,43.6282],[15.6821,43.6268]]],[[[15.7429,43.6282],[15.7454,43.6268],[15.7443,43.6237],[15.7374,43.6251],[15.7357,43.6285],[15.7368,43.6299],[15.7405,43.6299],[15.7429,43.6282]]],[[[15.6049,43.6335],[15.6049,43.6324],[15.6029,43.6326],[15.6026,43.6354],[15.6049,43.6335]]],[[[15.7127,43.6443],[15.7123,43.646],[15.7148,43.6465],[15.7146,43.6446],[15.7127,43.6443]]],[[[15.7398,43.6468],[15.7396,43.6454],[15.7376,43.6449],[15.7379,43.6476],[15.7398,43.6468]]],[[[15.606,43.6779],[15.6104,43.6749],[15.6135,43.6749],[15.6135,43.6729],[15.619,43.6716],[15.6201,43.6699],[15.6218,43.6701],[15.6218,43.6721],[15.636,43.6723],[15.6446,43.6671],[15.6495,43.6668],[15.6549,43.6635],[15.6574,43.6662],[15.6615,43.6668],[15.6688,43.6629],[15.6713,43.6574],[15.6754,43.6565],[15.6785,43.6515],[15.6865,43.6474],[15.6865,43.6446],[15.6904,43.6454],[15.7018,43.6437],[15.7046,43.6407],[15.7115,43.6404],[15.7221,43.6346],[15.7285,43.6332],[15.7315,43.629],[15.7271,43.6279],[15.7168,43.6312],[15.7129,43.634],[15.7115,43.6332],[15.7132,43.6287],[15.7112,43.6282],[15.7071,43.6312],[15.709,43.6343],[15.7032,43.6374],[15.704,43.6332],[15.6999,43.6312],[15.6935,43.6338],[15.6924,43.6365],[15.6826,43.6357],[15.6921,43.6316],[15.6943,43.629],[15.6924,43.6279],[15.6846,43.6318],[15.6807,43.6307],[15.6796,43.6329],[15.6757,43.6329],[15.6758,43.6343],[15.6626,43.6407],[15.6582,43.639],[15.6546,43.6432],[15.6521,43.6421],[15.6518,43.6454],[15.6485,43.6449],[15.6451,43.6488],[15.6421,43.6487],[15.6351,43.6557],[15.6346,43.659],[15.6307,43.6585],[15.6241,43.6646],[15.6224,43.6651],[15.6251,43.6613],[15.6251,43.6582],[15.6051,43.6657],[15.6065,43.6685],[15.6035,43.669],[15.6024,43.6715],[15.606,43.6718],[15.606,43.674],[15.6001,43.6779],[15.601,43.679],[15.606,43.6779]]],[[[15.8418,43.6488],[15.8393,43.6479],[15.8385,43.6496],[15.8399,43.6507],[15.8418,43.6488]]],[[[15.8987,43.6545],[15.8993,43.6518],[15.8949,43.6496],[15.8924,43.6501],[15.8924,43.6551],[15.8987,43.6545]]],[[[15.881,43.6549],[15.8829,43.6535],[15.8799,43.6524],[15.8771,43.6565],[15.879,43.6568],[15.881,43.6549]]],[[[15.9118,43.6571],[15.9129,43.6549],[15.9071,43.654],[15.9093,43.6576],[15.909,43.6604],[15.9113,43.6604],[15.9118,43.6571]]],[[[15.8888,43.6585],[15.8888,43.6563],[15.8863,43.6563],[15.8846,43.6601],[15.8879,43.6607],[15.8888,43.6585]]],[[[15.9049,43.659],[15.9029,43.6568],[15.9024,43.6607],[15.9049,43.661],[15.9049,43.659]]],[[[15.7425,43.6591],[15.7371,43.6579],[15.736,43.6593],[15.7415,43.6618],[15.7455,43.6608],[15.7453,43.6593],[15.7425,43.6591]]],[[[15.7867,43.6628],[15.7865,43.6651],[15.789,43.6642],[15.7891,43.6629],[15.7867,43.6628]]],[[[15.5591,43.6571],[15.5574,43.6571],[15.5565,43.6596],[15.5579,43.6593],[15.5591,43.6571]]],[[[15.5199,43.6768],[15.5185,43.676],[15.5176,43.6779],[15.5185,43.6779],[15.5199,43.6768]]],[[[15.486,43.684],[15.4865,43.6818],[15.4832,43.6815],[15.4835,43.6862],[15.486,43.684]]],[[[15.5591,43.688],[15.5593,43.6865],[15.5571,43.6865],[15.5551,43.6893],[15.5591,43.688]]],[[[15.7448,43.6712],[15.7462,43.6688],[15.7443,43.6679],[15.7335,43.6701],[15.7324,43.6721],[15.7399,43.6741],[15.7448,43.6712]]],[[[15.7018,43.6705],[15.6999,43.6705],[15.6993,43.6741],[15.7027,43.6737],[15.7018,43.6705]]],[[[15.6946,43.6732],[15.6938,43.6721],[15.6893,43.671],[15.6907,43.674],[15.694,43.6749],[15.6946,43.6732]]],[[[15.5878,43.681],[15.5854,43.6804],[15.5849,43.6827],[15.5871,43.6829],[15.5878,43.681]]],[[[15.4726,43.6985],[15.4771,43.6954],[15.4782,43.6926],[15.4737,43.6885],[15.4724,43.6896],[15.4724,43.6951],[15.4685,43.6963],[15.4676,43.6937],[15.4657,43.6957],[15.4682,43.6999],[15.4726,43.6985]]],[[[15.439,43.6957],[15.436,43.696],[15.436,43.6974],[15.4379,43.6976],[15.439,43.6957]]],[[[15.4729,43.7107],[15.4776,43.7076],[15.4779,43.7051],[15.4851,43.7012],[15.491,43.7009],[15.4976,43.6982],[15.4999,43.6954],[15.5101,43.6943],[15.5193,43.6907],[15.5207,43.6868],[15.5011,43.6906],[15.4987,43.6938],[15.494,43.6928],[15.4896,43.6971],[15.4846,43.696],[15.4835,43.7001],[15.4746,43.7026],[15.4724,43.7043],[15.4718,43.7085],[15.4682,43.7099],[15.4696,43.7121],[15.4729,43.7107]]],[[[15.5212,43.7012],[15.5249,43.7001],[15.5274,43.7012],[15.5274,43.6999],[15.5235,43.6974],[15.5185,43.7015],[15.5212,43.7012]]],[[[15.4632,43.7032],[15.4624,43.7018],[15.459,43.7024],[15.4579,43.7057],[15.4628,43.7057],[15.4632,43.7032]]],[[[15.5382,43.7071],[15.534,43.7051],[15.5324,43.7076],[15.5376,43.7096],[15.5382,43.7071]]],[[[15.4654,43.7071],[15.4646,43.7057],[15.4629,43.7062],[15.4624,43.7093],[15.4649,43.7093],[15.4654,43.7071]]],[[[15.4521,43.7103],[15.4535,43.7106],[15.4542,43.7085],[15.4515,43.7085],[15.4521,43.7103]]],[[[15.8827,43.6668],[15.8815,43.661],[15.8779,43.6604],[15.8777,43.669],[15.8807,43.6696],[15.8827,43.6668]]],[[[15.8132,43.6671],[15.8135,43.6638],[15.8101,43.6632],[15.8085,43.6646],[15.8087,43.6679],[15.8113,43.6685],[15.8132,43.6671]]],[[[15.7618,43.6707],[15.7643,43.6676],[15.764,43.6651],[15.761,43.6651],[15.7593,43.6676],[15.7552,43.6688],[15.7564,43.6716],[15.7618,43.6707]]],[[[15.9146,43.676],[15.9202,43.6718],[15.9196,43.6707],[15.9165,43.6693],[15.9154,43.6715],[15.9132,43.6718],[15.9135,43.6704],[15.9101,43.6699],[15.9085,43.6718],[15.9088,43.6749],[15.9115,43.6774],[15.9146,43.676]]],[[[15.7979,43.6782],[15.7976,43.6732],[15.7932,43.6743],[15.7943,43.6796],[15.7979,43.6782]]],[[[15.7857,43.6851],[15.7893,43.6835],[15.7882,43.6779],[15.7901,43.6765],[15.7899,43.6721],[15.7885,43.6715],[15.7821,43.6815],[15.7824,43.6857],[15.7837,43.6865],[15.7857,43.6851]]],[[[15.8398,43.7085],[15.8457,43.7057],[15.849,43.7007],[15.8554,43.6976],[15.8574,43.6932],[15.8607,43.6924],[15.8632,43.6868],[15.8671,43.6846],[15.8654,43.6807],[15.8693,43.6782],[15.8679,43.676],[15.8691,43.6735],[15.8651,43.6729],[15.8649,43.6707],[15.8707,43.6674],[15.8699,43.6604],[15.8671,43.6604],[15.8646,43.6638],[15.861,43.6646],[15.8579,43.6729],[15.839,43.6826],[15.834,43.6862],[15.8326,43.6896],[15.8271,43.6915],[15.8196,43.6971],[15.8191,43.7013],[15.8213,43.7021],[15.834,43.6979],[15.8332,43.699],[15.8351,43.7021],[15.8332,43.7043],[15.8346,43.7049],[15.8351,43.709],[15.8374,43.7099],[15.8398,43.7085]]],[[[15.7462,43.7065],[15.7457,43.7029],[15.7515,43.6985],[15.7546,43.699],[15.7593,43.6954],[15.7629,43.6965],[15.7618,43.6943],[15.7654,43.6918],[15.7676,43.6913],[15.7699,43.6929],[15.7746,43.6899],[15.7774,43.6865],[15.7754,43.6819],[15.7724,43.6796],[15.7649,43.6868],[15.759,43.6865],[15.7571,43.6837],[15.7526,43.6851],[15.7496,43.6907],[15.746,43.691],[15.7457,43.6891],[15.7443,43.689],[15.7435,43.6929],[15.7399,43.696],[15.7376,43.7012],[15.7391,43.7046],[15.7432,43.7057],[15.7432,43.7085],[15.7449,43.7088],[15.7462,43.7065]]],[[[15.7371,43.6829],[15.736,43.681],[15.7329,43.6815],[15.7351,43.6846],[15.7371,43.6829]]],[[[15.6423,43.7093],[15.6485,43.7057],[15.6504,43.6999],[15.6574,43.6996],[15.6679,43.6918],[15.6763,43.6943],[15.6785,43.6921],[15.6779,43.6893],[15.6907,43.6857],[15.694,43.6779],[15.6771,43.6785],[15.676,43.6821],[15.6696,43.684],[15.6657,43.6868],[15.6654,43.6893],[15.6629,43.6885],[15.6515,43.6951],[15.6513,43.6977],[15.6435,43.7004],[15.6374,43.709],[15.6393,43.7107],[15.6423,43.7093]]],[[[15.6757,43.7196],[15.684,43.7179],[15.6879,43.7154],[15.689,43.7179],[15.692,43.7179],[15.6932,43.7137],[15.6899,43.7135],[15.6901,43.7124],[15.6948,43.7096],[15.6963,43.7062],[15.6971,43.7074],[15.701,43.7068],[15.7085,43.7021],[15.7093,43.7001],[15.7074,43.6985],[15.7124,43.6957],[15.7163,43.6963],[15.7135,43.6949],[15.7151,43.6907],[15.7285,43.6921],[15.7293,43.6874],[15.7229,43.6865],[15.7243,43.6805],[15.7213,43.6793],[15.7171,43.6801],[15.7229,43.6721],[15.7232,43.6696],[15.709,43.6793],[15.696,43.6815],[15.6954,43.6885],[15.7021,43.6882],[15.7085,43.6849],[15.7112,43.6854],[15.6815,43.7015],[15.6801,43.7046],[15.6862,43.7054],[15.6799,43.7118],[15.681,43.7146],[15.6763,43.7137],[15.6704,43.7177],[15.671,43.7199],[15.6757,43.7196]]],[[[15.6718,43.6988],[15.671,43.6968],[15.6688,43.6968],[15.6674,43.6999],[15.6696,43.7012],[15.6718,43.6988]]],[[[15.8124,43.7196],[15.8154,43.7176],[15.8143,43.7137],[15.8088,43.7157],[15.8074,43.7188],[15.8088,43.721],[15.8124,43.7196]]],[[[15.759,43.7324],[15.7601,43.7299],[15.7688,43.7263],[15.7701,43.7232],[15.7784,43.7204],[15.7776,43.7182],[15.7801,43.7165],[15.7793,43.7143],[15.7754,43.714],[15.7718,43.7174],[15.7693,43.7171],[15.7693,43.7154],[15.7746,43.7104],[15.7751,43.706],[15.7707,43.7068],[15.7635,43.7135],[15.7632,43.7179],[15.7604,43.7179],[15.7584,43.7207],[15.7549,43.7213],[15.7501,43.7254],[15.7501,43.7293],[15.754,43.7335],[15.759,43.7324]]],[[[15.7882,43.7415],[15.7893,43.7365],[15.7935,43.736],[15.8018,43.7313],[15.8071,43.7246],[15.8068,43.7224],[15.8038,43.7215],[15.7993,43.7246],[15.7946,43.7251],[15.7996,43.7207],[15.7971,43.7182],[15.7904,43.7224],[15.7868,43.7271],[15.7893,43.7296],[15.786,43.7318],[15.7865,43.7343],[15.7846,43.734],[15.7799,43.7382],[15.7821,43.7435],[15.7868,43.7432],[15.7882,43.7415]]],[[[15.6824,43.7685],[15.6796,43.7671],[15.6785,43.7693],[15.681,43.7699],[15.6824,43.7685]]],[[[15.6665,43.7754],[15.6629,43.7754],[15.6629,43.7765],[15.6665,43.7768],[15.6665,43.7754]]],[[[15.6829,43.7774],[15.6807,43.7771],[15.6804,43.7788],[15.6829,43.779],[15.6829,43.7774]]],[[[15.6779,43.7807],[15.6765,43.7776],[15.6767,43.7751],[15.6735,43.7776],[15.676,43.7818],[15.6779,43.7807]]],[[[15.666,43.786],[15.6665,43.7846],[15.6651,43.784],[15.6635,43.7868],[15.666,43.786]]],[[[15.6615,43.7885],[15.6571,43.7885],[15.6562,43.791],[15.6607,43.7899],[15.6615,43.7885]]],[[[15.6101,43.79],[15.6115,43.7907],[15.6113,43.7891],[15.6093,43.7885],[15.6101,43.79]]],[[[15.7429,43.7499],[15.7471,43.749],[15.7529,43.7427],[15.7582,43.7405],[15.7582,43.7383],[15.7546,43.7371],[15.7504,43.7401],[15.7479,43.7451],[15.739,43.7504],[15.7399,43.7529],[15.7427,43.7527],[15.7429,43.7499]]],[[[15.2718,43.8065],[15.2724,43.8054],[15.269,43.8068],[15.269,43.8101],[15.2715,43.8099],[15.2718,43.8065]]],[[[15.281,43.811],[15.2857,43.8082],[15.2863,43.8063],[15.2843,43.806],[15.2779,43.8118],[15.281,43.811]]],[[[15.2554,43.8126],[15.2596,43.8124],[15.2599,43.8096],[15.2579,43.8079],[15.2524,43.8085],[15.251,43.8113],[15.2485,43.8104],[15.246,43.8132],[15.2513,43.8141],[15.2554,43.8126]]],[[[15.2776,43.8124],[15.2754,43.8124],[15.2746,43.8138],[15.2765,43.8141],[15.2776,43.8124]]],[[[15.2823,43.8179],[15.2799,43.8182],[15.2796,43.8201],[15.2824,43.8196],[15.2823,43.8179]]],[[[15.2293,43.8343],[15.2496,43.8271],[15.2518,43.8221],[15.2557,43.821],[15.2546,43.826],[15.2499,43.8282],[15.2487,43.8304],[15.2496,43.8309],[15.2582,43.8251],[15.2629,43.8243],[15.2649,43.8224],[15.2646,43.8187],[15.266,43.8174],[15.2557,43.8187],[15.2554,43.8154],[15.251,43.8146],[15.2485,43.8174],[15.2499,43.8204],[15.2418,43.8182],[15.2415,43.8229],[15.2371,43.8246],[15.2318,43.831],[15.2229,43.834],[15.2282,43.836],[15.2293,43.8343]]],[[[15.2315,43.8268],[15.2335,43.8274],[15.231,43.8251],[15.2318,43.8238],[15.2301,43.8238],[15.2265,43.8276],[15.2315,43.8268]]],[[[15.2413,43.8379],[15.2399,43.8371],[15.2385,43.8374],[15.2421,43.8399],[15.2413,43.8379]]],[[[15.2382,43.8454],[15.2365,43.8443],[15.2346,43.8462],[15.236,43.8468],[15.2382,43.8454]]],[[[15.2407,43.8501],[15.2396,43.8471],[15.2368,43.849],[15.2388,43.8515],[15.2407,43.8501]]],[[[15.2118,43.849],[15.2121,43.8504],[15.2146,43.8513],[15.2151,43.849],[15.2118,43.849]]],[[[15.2095,43.8526],[15.2113,43.8518],[15.211,43.8504],[15.2068,43.8496],[15.2043,43.8535],[15.2095,43.8526]]],[[[15.3682,43.8304],[15.3732,43.8265],[15.3724,43.8246],[15.3665,43.8257],[15.3649,43.8304],[15.3657,43.8315],[15.3682,43.8304]]],[[[15.3824,43.8279],[15.3796,43.8282],[15.3796,43.8296],[15.3824,43.8287],[15.3824,43.8279]]],[[[15.2713,43.8929],[15.2732,43.8932],[15.2738,43.889],[15.277,43.8895],[15.277,43.8916],[15.28,43.8916],[15.28,43.8901],[15.284,43.8913],[15.2982,43.8854],[15.2982,43.8838],[15.286,43.8838],[15.2868,43.8799],[15.2904,43.8801],[15.2951,43.8751],[15.3021,43.879],[15.3041,43.8763],[15.3163,43.8724],[15.3154,43.8749],[15.3187,43.8771],[15.3138,43.881],[15.3135,43.8832],[15.3154,43.8868],[15.3193,43.8855],[15.3204,43.884],[15.3196,43.8788],[15.3251,43.8774],[15.326,43.8754],[15.3313,43.8749],[15.3296,43.8724],[15.3249,43.8721],[15.3246,43.8686],[15.3252,43.8708],[15.3283,43.8708],[15.3283,43.8657],[15.3318,43.8646],[15.3371,43.8599],[15.3362,43.856],[15.3396,43.8524],[15.3513,43.8468],[15.3524,43.8371],[15.3588,43.8346],[15.3588,43.8318],[15.3657,43.8243],[15.3737,43.8199],[15.366,43.8182],[15.3651,43.8224],[15.3601,43.824],[15.3574,43.8299],[15.3546,43.8315],[15.3496,43.831],[15.3485,43.8341],[15.346,43.8332],[15.3423,43.8396],[15.3351,43.8385],[15.3357,43.8418],[15.3265,43.846],[15.3262,43.8487],[15.3221,43.8488],[15.3218,43.8499],[15.319,43.8488],[15.316,43.8515],[15.314,43.8501],[15.3101,43.8521],[15.3012,43.861],[15.2896,43.866],[15.2879,43.8682],[15.2896,43.8699],[15.286,43.8707],[15.2785,43.8765],[15.2743,43.8757],[15.2663,43.8788],[15.2668,43.876],[15.2651,43.8754],[15.2585,43.8785],[15.2574,43.881],[15.2521,43.8843],[15.2607,43.8846],[15.2615,43.8896],[15.2663,43.894],[15.2713,43.8929]]],[[[15.3413,43.8677],[15.341,43.8671],[15.3379,43.8668],[15.3399,43.8699],[15.3413,43.8677]]],[[[15.2296,43.8585],[15.2349,43.854],[15.2338,43.8513],[15.2346,43.8468],[15.2313,43.8474],[15.229,43.8507],[15.2243,43.8529],[15.2207,43.8568],[15.2249,43.8599],[15.2296,43.8585]]],[[[15.2138,43.8568],[15.2124,43.856],[15.2101,43.8563],[15.2107,43.8585],[15.2132,43.8585],[15.2138,43.8568]]],[[[15.2876,43.8579],[15.2854,43.8576],[15.2849,43.8585],[15.2874,43.8593],[15.2876,43.8579]]],[[[15.2747,43.8641],[15.2779,43.8613],[15.2812,43.861],[15.2804,43.8576],[15.2757,43.8574],[15.2737,43.8604],[15.2688,43.8621],[15.2715,43.8624],[15.2721,43.8651],[15.2747,43.8641]]],[[[15.2229,43.8613],[15.2226,43.8601],[15.2199,43.861],[15.2207,43.8624],[15.2229,43.8613]]],[[[15.216,43.8707],[15.2163,43.8691],[15.2135,43.8688],[15.2168,43.8654],[15.2168,43.8624],[15.2129,43.861],[15.2135,43.8641],[15.209,43.866],[15.2068,43.8699],[15.2124,43.8721],[15.216,43.8707]]],[[[15.1843,43.869],[15.1824,43.8651],[15.1801,43.8657],[15.1823,43.8713],[15.1843,43.869]]],[[[15.1794,43.874],[15.179,43.8724],[15.1746,43.8735],[15.1749,43.8751],[15.1794,43.874]]],[[[15.3373,43.8721],[15.334,43.8679],[15.3299,43.8696],[15.3296,43.8713],[15.3337,43.8737],[15.3357,43.8741],[15.3373,43.8721]]],[[[15.3372,43.879],[15.3357,43.8765],[15.3307,43.8768],[15.3357,43.8804],[15.3372,43.879]]],[[[15.4301,43.8865],[15.434,43.8826],[15.4321,43.8804],[15.4282,43.8801],[15.4265,43.8754],[15.4238,43.8757],[15.4213,43.8796],[15.4221,43.8815],[15.4182,43.8812],[15.4162,43.8849],[15.4254,43.8879],[15.4301,43.8865]]],[[[15.3108,43.886],[15.311,43.8843],[15.3096,43.8843],[15.3082,43.8871],[15.3108,43.886]]],[[[15.2431,43.8788],[15.2437,43.8774],[15.2421,43.8768],[15.2413,43.8801],[15.2431,43.8788]]],[[[15.259,43.8897],[15.2607,43.8871],[15.2604,43.8863],[15.2568,43.8887],[15.2574,43.891],[15.259,43.8897]]],[[[15.2484,43.8904],[15.2493,43.8896],[15.2496,43.8871],[15.246,43.889],[15.246,43.8913],[15.2484,43.8904]]],[[[15.2351,43.8907],[15.2382,43.8879],[15.2326,43.8868],[15.2279,43.8893],[15.2296,43.8921],[15.234,43.8921],[15.2351,43.8907]]],[[[15.5512,43.8474],[15.5519,43.8496],[15.5538,43.8493],[15.5535,43.8474],[15.5512,43.8474]]],[[[15.461,43.8524],[15.4627,43.8493],[15.459,43.849],[15.4554,43.8507],[15.4546,43.8535],[15.461,43.8524]]],[[[15.5654,43.854],[15.5665,43.8518],[15.5618,43.8499],[15.5579,43.8529],[15.5551,43.8513],[15.5529,43.8518],[15.5537,43.8543],[15.5563,43.8554],[15.5643,43.8563],[15.5654,43.854]]],[[[15.5015,43.8607],[15.5029,43.8574],[15.5076,43.8551],[15.511,43.8554],[15.5151,43.8515],[15.5171,43.8515],[15.5176,43.8485],[15.511,43.8488],[15.5107,43.846],[15.5079,43.8451],[15.4993,43.846],[15.4926,43.8504],[15.4851,43.8593],[15.4881,43.8613],[15.4985,43.8565],[15.496,43.8587],[15.4957,43.8613],[15.4985,43.8621],[15.5015,43.8607]]],[[[15.5388,43.8646],[15.5415,43.8607],[15.551,43.8596],[15.5521,43.851],[15.546,43.8488],[15.5407,43.8518],[15.5388,43.8576],[15.5351,43.8579],[15.5318,43.8624],[15.5349,43.8655],[15.5388,43.8646]]],[[[15.5035,43.8618],[15.5015,43.8624],[15.5007,43.8643],[15.5035,43.8646],[15.5035,43.8618]]],[[[15.4349,43.8703],[15.4415,43.8676],[15.4471,43.8624],[15.4479,43.8593],[15.4432,43.8613],[15.4412,43.8604],[15.4374,43.8645],[15.431,43.8654],[15.4274,43.8696],[15.4287,43.8713],[15.4349,43.8703]]],[[[15.5282,43.8649],[15.5263,43.8654],[15.5263,43.8671],[15.529,43.8668],[15.5282,43.8649]]],[[[15.4532,43.8651],[15.4504,43.8665],[15.451,43.8682],[15.449,43.8696],[15.4549,43.8701],[15.4549,43.8665],[15.4532,43.8651]]],[[[15.4883,43.8671],[15.4871,43.8662],[15.484,43.8685],[15.4885,43.8701],[15.4883,43.8671]]],[[[15.4597,43.8691],[15.4599,43.8677],[15.456,43.8682],[15.4565,43.8701],[15.4597,43.8691]]],[[[15.4397,43.8807],[15.4457,43.8807],[15.4457,43.8765],[15.4397,43.8764],[15.4397,43.8807]]],[[[15.4057,43.9301],[15.4104,43.9282],[15.4154,43.9235],[15.4257,43.9199],[15.4335,43.9107],[15.4426,43.9071],[15.456,43.8968],[15.4563,43.8949],[15.4543,43.894],[15.4554,43.889],[15.451,43.8865],[15.4424,43.8943],[15.4385,43.8932],[15.4343,43.8887],[15.4263,43.8896],[15.4162,43.8943],[15.4151,43.8968],[15.4126,43.8963],[15.4093,43.9004],[15.4035,43.9035],[15.3954,43.9046],[15.396,43.9096],[15.3901,43.9099],[15.3857,43.9143],[15.3799,43.9132],[15.3863,43.9079],[15.3846,43.9063],[15.3785,43.9074],[15.3762,43.9137],[15.3715,43.9135],[15.3735,43.9127],[15.3743,43.9101],[15.3745,43.9076],[15.3729,43.9065],[15.3624,43.9096],[15.361,43.9126],[15.3565,43.9149],[15.3554,43.9179],[15.3565,43.9223],[15.3538,43.9232],[15.3549,43.9265],[15.3579,43.9263],[15.3607,43.9235],[15.3635,43.924],[15.3599,43.9265],[15.3588,43.9296],[15.351,43.9321],[15.351,43.9282],[15.349,43.9276],[15.3465,43.9293],[15.3485,43.9349],[15.346,43.9357],[15.346,43.9338],[15.3388,43.934],[15.3346,43.9371],[15.3374,43.9426],[15.3329,43.9426],[15.3315,43.9449],[15.3282,43.9432],[15.3279,43.9463],[15.3268,43.9474],[15.3237,43.9465],[15.3224,43.9507],[15.3182,43.9496],[15.3076,43.9543],[15.3004,43.9646],[15.299,43.9713],[15.2968,43.9735],[15.2918,43.974],[15.289,43.9787],[15.2685,43.994],[15.2649,43.999],[15.2649,44.0026],[15.2671,44.0035],[15.2665,44.0054],[15.2563,44.0065],[15.2515,44.0135],[15.2424,44.0099],[15.2379,44.0165],[15.2437,44.0176],[15.2424,44.0207],[15.2437,44.0245],[15.2301,44.0271],[15.2321,44.0313],[15.2285,44.0326],[15.229,44.036],[15.2262,44.0354],[15.2288,44.0379],[15.2274,44.0396],[15.2215,44.0415],[15.2174,44.0465],[15.2123,44.0487],[15.2146,44.0385],[15.2185,44.036],[15.2185,44.0335],[15.2051,44.0424],[15.2026,44.0424],[15.2024,44.0407],[15.2054,44.0363],[15.2012,44.0343],[15.2004,44.0321],[15.1929,44.0357],[15.1804,44.0454],[15.1785,44.0493],[15.1699,44.0571],[15.1624,44.0593],[15.1568,44.0654],[15.1513,44.0687],[15.1515,44.0713],[15.1479,44.0715],[15.1276,44.0887],[15.1246,44.0949],[15.1199,44.099],[15.1193,44.1021],[15.1151,44.1068],[15.1113,44.1076],[15.1121,44.1046],[15.1104,44.1043],[15.1035,44.1085],[15.0979,44.1085],[15.0943,44.1151],[15.0871,44.1207],[15.0843,44.1201],[15.0818,44.1229],[15.0771,44.124],[15.0776,44.1268],[15.0729,44.129],[15.0707,44.1327],[15.069,44.1299],[15.0651,44.1312],[15.0637,44.1346],[15.0696,44.1346],[15.0721,44.1396],[15.061,44.1515],[15.0607,44.1554],[15.0637,44.1587],[15.0682,44.1574],[15.0821,44.146],[15.0965,44.1407],[15.099,44.1363],[15.1049,44.1363],[15.1063,44.1351],[15.1065,44.1299],[15.1129,44.129],[15.1157,44.1257],[15.1171,44.1274],[15.1201,44.1271],[15.1201,44.1232],[15.1226,44.1243],[15.1235,44.1268],[15.1268,44.1263],[15.1349,44.1185],[15.1357,44.1154],[15.139,44.116],[15.1399,44.1126],[15.1435,44.1132],[15.1466,44.111],[15.1513,44.104],[15.1535,44.1037],[15.1535,44.1074],[15.1549,44.1076],[15.1646,44.1029],[15.1668,44.096],[15.1721,44.0949],[15.1718,44.0982],[15.1696,44.0999],[15.1715,44.1007],[15.1865,44.0926],[15.1849,44.0913],[15.1857,44.0891],[15.1832,44.084],[15.1896,44.0857],[15.1876,44.0824],[15.1899,44.0801],[15.1929,44.0799],[15.1949,44.0735],[15.2026,44.066],[15.2107,44.0646],[15.2115,44.0631],[15.2101,44.0615],[15.219,44.0576],[15.2246,44.0576],[15.2282,44.0515],[15.236,44.0465],[15.2424,44.0471],[15.2465,44.0424],[15.2471,44.0396],[15.2532,44.0376],[15.2532,44.0346],[15.2482,44.0363],[15.2471,44.034],[15.2526,44.0324],[15.2601,44.0211],[15.2588,44.0196],[15.2518,44.0207],[15.2504,44.0193],[15.2512,44.0151],[15.2601,44.014],[15.2629,44.0157],[15.2615,44.0193],[15.2654,44.021],[15.2696,44.0185],[15.2688,44.0143],[15.2779,44.014],[15.2793,44.0115],[15.2882,44.0127],[15.2899,44.0113],[15.2879,44.0088],[15.2957,44.0018],[15.3035,44.0013],[15.3054,43.9996],[15.3246,43.9949],[15.3268,43.9904],[15.3318,43.9865],[15.3349,43.9863],[15.3418,43.981],[15.3493,43.9787],[15.3485,43.976],[15.3529,43.9738],[15.3538,43.9701],[15.3571,43.9696],[15.3576,43.966],[15.3626,43.966],[15.3626,43.9685],[15.3677,43.9699],[15.3741,43.9691],[15.3813,43.9618],[15.3799,43.9579],[15.3854,43.9596],[15.3893,43.9568],[15.3904,43.9532],[15.387,43.9518],[15.3865,43.949],[15.3882,43.9476],[15.3901,43.9382],[15.3935,43.9369],[15.3949,43.9338],[15.4057,43.9301]]],[[[15.3249,43.9138],[15.3265,43.9118],[15.331,43.9115],[15.3318,43.9093],[15.3296,43.906],[15.3254,43.9074],[15.3215,43.9146],[15.3249,43.9138]]],[[[15.431,43.931],[15.429,43.9315],[15.4285,43.9338],[15.4315,43.9349],[15.431,43.931]]],[[[15.4288,43.9374],[15.426,43.936],[15.4238,43.9365],[15.4277,43.9391],[15.4288,43.9374]]],[[[15.3979,43.8929],[15.4004,43.889],[15.4107,43.8851],[15.4107,43.8832],[15.4032,43.8824],[15.3968,43.8863],[15.3935,43.8926],[15.3946,43.894],[15.3979,43.8929]]],[[[15.3529,43.8879],[15.351,43.8879],[15.3515,43.8901],[15.3535,43.8896],[15.3529,43.8879]]],[[[15.4135,43.8901],[15.4118,43.8885],[15.409,43.8904],[15.4104,43.8913],[15.4135,43.8901]]],[[[15.3399,43.9063],[15.3493,43.8993],[15.3493,43.8971],[15.3465,43.8971],[15.3415,43.9001],[15.3357,43.9068],[15.3388,43.9076],[15.3399,43.9063]]],[[[15.254,43.9012],[15.2571,43.8985],[15.2543,43.8971],[15.2549,43.8927],[15.2537,43.8926],[15.2463,43.901],[15.2493,43.9026],[15.254,43.9012]]],[[[15.276,43.9051],[15.2735,43.9046],[15.2732,43.9065],[15.2751,43.9063],[15.276,43.9051]]],[[[15.2529,43.9063],[15.251,43.9054],[15.2507,43.9073],[15.2512,43.9076],[15.2529,43.9063]]],[[[15.2671,43.9076],[15.2646,43.9079],[15.2649,43.911],[15.2665,43.9104],[15.2671,43.9076]]],[[[15.2613,43.9149],[15.2618,43.911],[15.2568,43.9138],[15.2568,43.9157],[15.2604,43.9171],[15.2618,43.9162],[15.2613,43.9149]]],[[[15.2321,43.9171],[15.2321,43.9157],[15.2299,43.9154],[15.2279,43.9182],[15.2307,43.9185],[15.2321,43.9171]]],[[[15.2849,43.924],[15.2843,43.9215],[15.2801,43.9207],[15.2788,43.9221],[15.2807,43.9263],[15.2857,43.926],[15.2849,43.924]]],[[[15.2624,43.9268],[15.2674,43.9226],[15.2732,43.923],[15.2743,43.9196],[15.2682,43.9215],[15.2613,43.9204],[15.2588,43.9249],[15.2565,43.9251],[15.2585,43.9282],[15.2624,43.9268]]],[[[15.2896,43.9383],[15.2924,43.934],[15.2946,43.9345],[15.2985,43.9304],[15.3057,43.9282],[15.3061,43.93],[15.3091,43.93],[15.3091,43.9278],[15.312,43.9278],[15.3113,43.9232],[15.3154,43.921],[15.3179,43.917],[15.3179,43.9192],[15.3209,43.9192],[15.3209,43.9127],[15.3151,43.9128],[15.3149,43.9149],[15.3113,43.9132],[15.3093,43.9188],[15.3013,43.9246],[15.2843,43.9315],[15.284,43.9379],[15.2857,43.9396],[15.2896,43.9383]]],[[[15.2899,43.9266],[15.2868,43.926],[15.2868,43.9285],[15.289,43.9282],[15.2899,43.9266]]],[[[15.2,43.946],[15.2115,43.939],[15.2271,43.9208],[15.2251,43.9204],[15.2185,43.9246],[15.2154,43.9224],[15.2143,43.9249],[15.2096,43.9268],[15.2099,43.9285],[15.2063,43.9285],[15.2015,43.9329],[15.2024,43.9351],[15.1987,43.9376],[15.199,43.9393],[15.1962,43.9399],[15.1932,43.9451],[15.1943,43.9471],[15.2,43.946]]],[[[15.2749,43.9403],[15.2807,43.9388],[15.281,43.9374],[15.279,43.9365],[15.2679,43.9396],[15.2704,43.9415],[15.2749,43.9403]]],[[[15.1379,43.9201],[15.136,43.9185],[15.1338,43.919],[15.1351,43.9221],[15.1376,43.9223],[15.1379,43.9201]]],[[[15.1431,43.9224],[15.1429,43.921],[15.1404,43.9204],[15.1385,43.9235],[15.1409,43.9243],[15.1431,43.9224]]],[[[15.1489,43.9624],[15.146,43.9618],[15.1451,43.964],[15.1474,43.9646],[15.1489,43.9624]]],[[[15.1413,43.9685],[15.1426,43.966],[15.1418,43.9643],[15.1446,43.9601],[15.144,43.959],[15.139,43.9637],[15.1327,43.9657],[15.1315,43.9676],[15.1357,43.9679],[15.1371,43.9701],[15.1413,43.9685]]],[[[15.3978,43.9674],[15.3988,43.9649],[15.3971,43.9635],[15.3913,43.9668],[15.3935,43.9685],[15.3978,43.9674]]],[[[15.3663,43.9707],[15.3635,43.9696],[15.3629,43.9726],[15.3654,43.9732],[15.3663,43.9707]]],[[[15.3873,43.979],[15.3865,43.9771],[15.3837,43.9763],[15.3799,43.9776],[15.3807,43.9799],[15.3854,43.981],[15.3873,43.979]]],[[[15.1793,43.9545],[15.1793,43.9524],[15.1771,43.9515],[15.1754,43.9562],[15.1774,43.9571],[15.1793,43.9545]]],[[[15.1729,43.9621],[15.1701,43.961],[15.1687,43.9629],[15.1699,43.9635],[15.1729,43.9621]]],[[[15.2413,44.0074],[15.2393,44.0068],[15.2387,44.0082],[15.2415,44.0093],[15.2413,44.0074]]],[[[15.1618,44.011],[15.1635,44.0093],[15.1632,44.0079],[15.1588,44.0115],[15.1618,44.011]]],[[[15.1766,44.0102],[15.176,44.0088],[15.1743,44.0113],[15.1757,44.0118],[15.1766,44.0102]]],[[[15.2217,44.0229],[15.2179,44.0221],[15.2176,44.0235],[15.2218,44.0235],[15.2217,44.0229]]],[[[15.2143,44.0313],[15.2154,44.0296],[15.214,44.0288],[15.209,44.0293],[15.2107,44.0327],[15.2143,44.0313]]],[[[15.086,43.9979],[15.0879,43.9951],[15.094,43.9935],[15.0946,43.9901],[15.0879,43.9921],[15.0824,43.9991],[15.086,43.9979]]],[[[15.0913,44.0015],[15.0907,44.0007],[15.0893,44.001],[15.0907,44.0029],[15.0913,44.0015]]],[[[15.1154,44.016],[15.1129,44.0149],[15.1118,44.0168],[15.116,44.0185],[15.1154,44.016]]],[[[14.8593,44.1758],[14.8613,44.1746],[14.8613,44.1712],[14.8654,44.1715],[14.8729,44.1676],[14.8729,44.1654],[14.8701,44.1654],[14.8704,44.164],[14.8796,44.1626],[14.8829,44.1646],[14.8846,44.1618],[14.881,44.161],[14.8813,44.1599],[14.8832,44.1579],[14.8882,44.1579],[14.8899,44.1563],[14.889,44.1538],[14.8915,44.1512],[14.8971,44.1529],[14.9035,44.1465],[14.9121,44.1423],[14.911,44.1399],[14.9076,44.1385],[14.9107,44.1332],[14.9149,44.131],[14.914,44.129],[14.9176,44.1293],[14.9204,44.1274],[14.9221,44.1224],[14.9283,44.1213],[14.9299,44.1188],[14.9335,44.1201],[14.9329,44.1224],[14.9365,44.1229],[14.9457,44.1185],[14.9465,44.116],[14.9418,44.1129],[14.941,44.1107],[14.9479,44.1076],[14.9477,44.1021],[14.9513,44.1021],[14.956,44.0974],[14.9618,44.0976],[14.9713,44.0887],[14.9868,44.0865],[14.9904,44.0818],[14.9979,44.0788],[14.999,44.0812],[14.9951,44.0843],[14.9949,44.0885],[15.0004,44.0882],[15.0093,44.083],[15.0095,44.0751],[15.0021,44.0735],[15.0049,44.0718],[15.0049,44.0693],[15.0149,44.0713],[15.0188,44.0674],[15.0185,44.0635],[15.0201,44.0618],[15.024,44.0635],[15.0229,44.0565],[15.0285,44.0474],[15.0285,44.0457],[15.026,44.0451],[15.0285,44.0429],[15.0296,44.036],[15.0399,44.0232],[15.0454,44.0199],[15.0482,44.0113],[15.0515,44.0079],[15.0615,44.0001],[15.064,44.0015],[15.0707,44.0005],[15.0782,43.991],[15.0821,43.9901],[15.0865,43.9846],[15.0896,43.984],[15.0963,43.9787],[15.0993,43.9829],[15.096,43.9882],[15.0968,43.9904],[15.0999,43.9899],[15.1026,43.986],[15.1199,43.9799],[15.1213,43.9751],[15.1187,43.9746],[15.116,43.9707],[15.1185,43.9707],[15.1254,43.966],[15.1265,43.9621],[15.1299,43.959],[15.1338,43.9576],[15.1444,43.9584],[15.1444,43.9563],[15.1474,43.9563],[15.1474,43.9542],[15.1504,43.9542],[15.1504,43.95],[15.1534,43.95],[15.1535,43.9449],[15.159,43.9418],[15.1596,43.9399],[15.1635,43.9415],[15.1687,43.9393],[15.1701,43.9363],[15.1668,43.936],[15.1765,43.9279],[15.1771,43.9249],[15.181,43.9252],[15.1857,43.9229],[15.191,43.9199],[15.1941,43.9157],[15.1963,43.9171],[15.2013,43.9165],[15.2204,43.9076],[15.2255,43.9024],[15.2265,43.8963],[15.2243,43.896],[15.2196,43.8988],[15.2157,43.8977],[15.2179,43.8963],[15.2193,43.8896],[15.2279,43.8854],[15.2254,43.8818],[15.2268,43.8782],[15.226,43.8754],[15.221,43.8774],[15.219,43.8749],[15.2174,43.876],[15.2182,43.8788],[15.2123,43.8777],[15.2104,43.8754],[15.2074,43.876],[15.2079,43.8788],[15.2135,43.8801],[15.2165,43.8832],[15.2168,43.8846],[15.2132,43.886],[15.2135,43.8882],[15.2165,43.8896],[15.2132,43.8896],[15.2107,43.8871],[15.2068,43.8907],[15.2032,43.889],[15.1946,43.894],[15.1901,43.8993],[15.1876,43.8971],[15.184,43.9012],[15.1804,43.9007],[15.1774,43.9031],[15.1701,43.9035],[15.1701,43.9012],[15.1687,43.9012],[15.1621,43.9035],[15.1568,43.9012],[15.1579,43.9068],[15.156,43.9076],[15.1579,43.9093],[15.1624,43.9093],[15.1623,43.911],[15.1524,43.9174],[15.1465,43.9157],[15.1482,43.9179],[15.1468,43.9229],[15.1399,43.926],[15.134,43.9249],[15.1304,43.9199],[15.1371,43.9154],[15.1462,43.9149],[15.1462,43.9115],[15.149,43.9085],[15.1496,43.9043],[15.1529,43.9021],[15.1526,43.8996],[15.1507,43.8988],[15.1513,43.8968],[15.1596,43.8924],[15.1643,43.8976],[15.1687,43.8974],[15.1735,43.894],[15.1726,43.8913],[15.1746,43.8868],[15.1796,43.8863],[15.1804,43.8835],[15.1838,43.8838],[15.189,43.8799],[15.1962,43.881],[15.1999,43.8788],[15.201,43.8735],[15.1962,43.8696],[15.2018,43.8668],[15.2004,43.8646],[15.1979,43.8646],[15.1907,43.8679],[15.1893,43.8701],[15.1857,43.8704],[15.184,43.8718],[15.1849,43.8743],[15.1787,43.8754],[15.1793,43.8779],[15.161,43.8857],[15.1573,43.8901],[15.1515,43.8924],[15.149,43.8957],[15.1457,43.8963],[15.1404,43.9015],[15.1288,43.9068],[15.1013,43.9287],[15.0913,43.9385],[15.091,43.941],[15.0876,43.9432],[15.0854,43.9474],[15.0801,43.9493],[15.081,43.9524],[15.0785,43.9532],[15.0779,43.9563],[15.0729,43.9554],[15.0718,43.9588],[15.0685,43.9601],[15.0688,43.9624],[15.0665,43.9635],[15.0654,43.9679],[15.061,43.9704],[15.0623,43.9726],[15.0585,43.9729],[15.0563,43.9793],[15.0543,43.9793],[15.0513,43.9821],[15.0518,43.9832],[15.0485,43.9849],[15.0443,43.9926],[15.0393,43.9976],[15.039,44.0001],[15.0365,44.0013],[15.034,44.0054],[15.0271,44.0096],[15.0251,44.0129],[15.0257,44.0163],[15.0232,44.0176],[15.0201,44.0243],[15.016,44.0274],[15.0138,44.0318],[15.0063,44.039],[15.0026,44.0396],[15.0024,44.0433],[15.0004,44.0421],[14.9982,44.0432],[14.9957,44.0474],[14.9901,44.0518],[14.9913,44.0554],[14.9874,44.0537],[14.9801,44.0582],[14.9794,44.0607],[14.974,44.0635],[14.9699,44.0687],[14.9615,44.0718],[14.9582,44.0758],[14.9468,44.0796],[14.9446,44.0826],[14.9393,44.0838],[14.9354,44.0868],[14.9313,44.0935],[14.9257,44.0968],[14.9238,44.1018],[14.9194,44.106],[14.8976,44.1193],[14.8877,44.1277],[14.8726,44.1338],[14.8715,44.1326],[14.8743,44.1285],[14.8735,44.1263],[14.8765,44.1254],[14.876,44.1237],[14.8735,44.1232],[14.8649,44.1285],[14.8613,44.1285],[14.8579,44.1315],[14.8468,44.1343],[14.8282,44.1421],[14.8271,44.1457],[14.8237,44.1457],[14.8213,44.1507],[14.8188,44.1515],[14.8204,44.1535],[14.8185,44.1557],[14.8243,44.1599],[14.8246,44.1624],[14.8299,44.1618],[14.8313,44.1649],[14.8335,44.1649],[14.8407,44.1587],[14.8301,44.1615],[14.8254,44.1593],[14.8251,44.1568],[14.8346,44.1504],[14.8335,44.1476],[14.8346,44.1457],[14.8375,44.1471],[14.8451,44.1429],[14.8518,44.1429],[14.8549,44.1407],[14.8565,44.1354],[14.8607,44.136],[14.8626,44.1407],[14.8532,44.1424],[14.8446,44.1501],[14.8449,44.1521],[14.8471,44.1521],[14.8551,44.1482],[14.856,44.1518],[14.8673,44.1451],[14.8682,44.1432],[14.8649,44.1421],[14.8654,44.141],[14.8801,44.1393],[14.8774,44.1457],[14.8718,44.1504],[14.8676,44.1518],[14.8674,44.1543],[14.8601,44.1638],[14.8607,44.1665],[14.8579,44.1662],[14.8557,44.1679],[14.854,44.1738],[14.8568,44.1774],[14.8593,44.1758]]],[[[15.0574,44.0801],[15.0599,44.0765],[15.0524,44.079],[15.054,44.0821],[15.0562,44.0821],[15.0574,44.0801]]],[[[14.9923,44.0891],[14.9882,44.0876],[14.986,44.0904],[14.9918,44.0935],[14.9923,44.0891]]],[[[14.9207,44.0932],[14.9196,44.091],[14.9146,44.0918],[14.9161,44.0938],[14.9207,44.0932]]],[[[14.9523,44.1179],[14.9532,44.1163],[14.9499,44.1129],[14.9493,44.1143],[14.951,44.116],[14.9487,44.1182],[14.9523,44.1179]]],[[[15.0418,44.1243],[15.0404,44.1229],[15.0382,44.1251],[15.0401,44.1255],[15.0418,44.1243]]],[[[14.9298,44.1281],[14.9304,44.1268],[14.9282,44.1263],[14.9268,44.129],[14.9298,44.1281]]],[[[15.0395,44.1299],[15.0376,44.129],[15.0368,44.131],[15.0385,44.1315],[15.0395,44.1299]]],[[[14.9529,44.1357],[14.9513,44.1354],[14.9504,44.1371],[14.9532,44.1379],[14.9529,44.1357]]],[[[14.9415,44.1423],[14.9382,44.1418],[14.9371,44.1437],[14.9401,44.1443],[14.9415,44.1423]]],[[[15.0265,44.1685],[15.0276,44.166],[15.0329,44.1655],[15.0443,44.1549],[15.0543,44.1535],[15.0559,44.1501],[15.0538,44.1463],[15.0577,44.1429],[15.0576,44.1413],[15.0532,44.1407],[15.0429,44.1435],[15.0343,44.1493],[15.0193,44.1651],[15.019,44.1671],[15.0224,44.1679],[15.0243,44.1707],[15.0265,44.1685]]],[[[14.896,44.1749],[14.9121,44.1705],[14.9296,44.161],[14.9432,44.1512],[14.9485,44.1451],[14.9438,44.144],[14.9376,44.149],[14.9338,44.1485],[14.9337,44.151],[14.9313,44.1535],[14.929,44.1532],[14.9285,44.1501],[14.9201,44.154],[14.9179,44.1535],[14.9149,44.1607],[14.9074,44.161],[14.9057,44.1629],[14.901,44.1624],[14.9007,44.1649],[14.8985,44.1649],[14.889,44.1729],[14.8899,44.1757],[14.896,44.1749]]],[[[15.5246,43.8915],[15.5226,43.8907],[15.5215,43.8924],[15.5226,43.8935],[15.5246,43.8915]]],[[[15.504,43.9007],[15.5016,43.9013],[15.5032,43.9043],[15.5051,43.9038],[15.504,43.9007]]],[[[15.5085,43.9024],[15.5065,43.9032],[15.5068,43.9043],[15.5101,43.9038],[15.5085,43.9024]]],[[[15.4071,43.9418],[15.4085,43.9415],[15.4085,43.9396],[15.404,43.9401],[15.4018,43.9426],[15.4071,43.9418]]],[[[15.401,43.9449],[15.4013,43.9432],[15.3982,43.9457],[15.3999,43.9471],[15.401,43.9449]]],[[[15.3946,43.9512],[15.3974,43.9488],[15.3976,43.9477],[15.3926,43.9482],[15.3907,43.9527],[15.3946,43.9512]]],[[[15.4026,43.9604],[15.4068,43.9582],[15.4071,43.9551],[15.4126,43.9551],[15.4115,43.9513],[15.401,43.9521],[15.3982,43.9562],[15.3946,43.9565],[15.3971,43.9613],[15.4004,43.9618],[15.4026,43.9604]]],[[[15.3799,43.9824],[15.3804,43.9829],[15.3824,43.9835],[15.3818,43.981],[15.3793,43.981],[15.3799,43.9824]]],[[[15.0574,44.0401],[15.0632,44.041],[15.0659,44.0399],[15.0624,44.0354],[15.0626,44.0321],[15.0682,44.0268],[15.071,44.0282],[15.0741,44.0271],[15.0726,44.0232],[15.0782,44.0227],[15.0804,44.0199],[15.079,44.0182],[15.0862,44.011],[15.0868,44.0076],[15.0824,44.0071],[15.0763,44.0088],[15.0668,44.0165],[15.0596,44.0196],[15.0593,44.024],[15.0565,44.0224],[15.054,44.0229],[15.0538,44.0254],[15.0557,44.0274],[15.0604,44.0274],[15.0621,44.029],[15.056,44.0307],[15.0559,44.0321],[15.0585,44.0321],[15.0596,44.0337],[15.0557,44.0363],[15.056,44.0397],[15.0518,44.0374],[15.0521,44.0404],[15.0504,44.0426],[15.0562,44.0432],[15.0574,44.0401]]],[[[15.1026,44.0301],[15.1029,44.0321],[15.1051,44.0318],[15.1046,44.0299],[15.1026,44.0301]]],[[[15.0418,44.0376],[15.0387,44.0376],[15.0385,44.0396],[15.041,44.0404],[15.0418,44.0376]]],[[[15.1368,44.0419],[15.139,44.0382],[15.1388,44.0354],[15.1362,44.0354],[15.131,44.0396],[15.1321,44.0429],[15.1368,44.0419]]],[[[15.076,44.0818],[15.0832,44.0788],[15.0913,44.0724],[15.0963,44.0726],[15.0999,44.0682],[15.1063,44.0651],[15.1113,44.0585],[15.111,44.0571],[15.1085,44.0568],[15.1121,44.0541],[15.1096,44.0513],[15.1135,44.0518],[15.1176,44.0488],[15.1199,44.0424],[15.1293,44.039],[15.1313,44.0324],[15.1379,44.031],[15.1421,44.0276],[15.1468,44.0274],[15.1465,44.0221],[15.1507,44.0246],[15.1546,44.0229],[15.1557,44.0199],[15.1532,44.0163],[15.1504,44.016],[15.1507,44.0124],[15.1557,44.006],[15.1613,44.0032],[15.1679,43.9965],[15.1618,43.9982],[15.1538,44.0043],[15.1501,44.0032],[15.1487,44.0068],[15.1412,44.0096],[15.1401,44.0118],[15.1346,44.0115],[15.1296,44.0176],[15.1274,44.0174],[15.1196,44.0221],[15.111,44.0321],[15.1051,44.0365],[15.101,44.0426],[15.0946,44.0443],[15.0899,44.0493],[15.0832,44.0523],[15.0771,44.0521],[15.0743,44.0585],[15.0721,44.0596],[15.0729,44.0613],[15.0751,44.0612],[15.0771,44.059],[15.0774,44.0624],[15.076,44.064],[15.0756,44.0715],[15.0713,44.0768],[15.072,44.0801],[15.0704,44.0832],[15.0749,44.0838],[15.076,44.0818]]],[[[15.1232,44.0518],[15.1213,44.0524],[15.1224,44.0543],[15.1235,44.0527],[15.1232,44.0518]]],[[[15.0718,44.0635],[15.0696,44.0629],[15.069,44.0649],[15.0726,44.0654],[15.0718,44.0635]]],[[[15.0651,44.0693],[15.0677,44.0679],[15.0676,44.0663],[15.0649,44.0651],[15.0618,44.0701],[15.0651,44.0693]]],[[[15.2132,44.0764],[15.2138,44.0724],[15.2115,44.0718],[15.2071,44.0751],[15.2065,44.0776],[15.2076,44.079],[15.2121,44.079],[15.2132,44.0764]]],[[[15.0591,44.1632],[15.0571,44.161],[15.0538,44.1621],[15.0557,44.1651],[15.0591,44.1632]]],[[[14.9457,44.2001],[14.9504,44.2007],[14.9513,44.1987],[14.9496,44.1979],[14.9501,44.1968],[14.9554,44.1951],[14.9679,44.1846],[14.9771,44.1791],[14.9924,44.1615],[15.0054,44.1615],[15.0171,44.1488],[15.0263,44.1468],[15.0351,44.1379],[15.0346,44.131],[15.0318,44.1296],[15.0321,44.1265],[15.0246,44.1249],[15.0174,44.1315],[15.0146,44.1363],[15.011,44.1379],[15.0085,44.1382],[15.0096,44.1357],[15.0043,44.1349],[15.0032,44.1379],[14.9993,44.1379],[14.9935,44.1407],[14.9843,44.1485],[14.9835,44.1524],[14.9807,44.154],[14.979,44.1576],[14.9754,44.156],[14.9715,44.1579],[14.9688,44.1615],[14.9687,44.1638],[14.9705,44.1646],[14.9673,44.1665],[14.9679,44.1685],[14.9485,44.1835],[14.9429,44.1899],[14.9418,44.196],[14.944,44.199],[14.9415,44.2021],[14.9446,44.2024],[14.9457,44.2001]]],[[[15.0115,44.1705],[15.0099,44.1701],[15.009,44.1715],[15.0121,44.1723],[15.0115,44.1705]]],[[[15.0013,44.1776],[15.0029,44.174],[14.9974,44.1787],[14.9996,44.179],[15.0013,44.1776]]],[[[14.809,44.1639],[14.8071,44.1643],[14.8093,44.1662],[14.8096,44.1646],[14.809,44.1639]]],[[[14.8561,44.1841],[14.8576,44.1799],[14.8554,44.1779],[14.8518,44.1804],[14.8518,44.184],[14.8535,44.1851],[14.8561,44.1841]]],[[[14.8482,44.1868],[14.8438,44.1868],[14.8429,44.1882],[14.8463,44.1891],[14.8482,44.1868]]],[[[14.7987,44.2207],[14.7982,44.2185],[14.7954,44.2179],[14.7915,44.2212],[14.7965,44.2224],[14.7987,44.2207]]],[[[14.9156,44.191],[14.931,44.1816],[14.9402,44.1721],[14.9407,44.1693],[14.9354,44.1693],[14.9321,44.1735],[14.9276,44.1735],[14.9149,44.1832],[14.9032,44.189],[14.9051,44.1915],[14.9156,44.191]]],[[[14.9899,44.1868],[14.9932,44.1846],[14.9935,44.1826],[14.9901,44.1824],[14.9862,44.1874],[14.9885,44.1885],[14.9899,44.1868]]],[[[14.8996,44.1961],[14.9018,44.193],[14.8993,44.1913],[14.897,44.1928],[14.8968,44.1974],[14.8996,44.1961]]],[[[14.8815,44.2385],[14.8838,44.2357],[14.8787,44.2368],[14.8766,44.2396],[14.8815,44.2385]]],[[[14.779,44.2268],[14.7821,44.2232],[14.7796,44.2174],[14.7718,44.2196],[14.7701,44.2221],[14.7657,44.224],[14.7662,44.226],[14.771,44.2246],[14.7749,44.2282],[14.779,44.2268]]],[[[14.8351,44.2249],[14.8349,44.2218],[14.8315,44.2229],[14.8321,44.2257],[14.8351,44.2249]]],[[[14.8054,44.2649],[14.8068,44.2621],[14.8124,44.2607],[14.8191,44.2546],[14.8229,44.2476],[14.831,44.249],[14.8312,44.2468],[14.8288,44.2449],[14.8365,44.239],[14.8446,44.2401],[14.8476,44.239],[14.8493,44.236],[14.8538,44.2369],[14.8571,44.2326],[14.861,44.2332],[14.8663,44.2313],[14.8682,44.2282],[14.8674,44.2249],[14.8718,44.2249],[14.8793,44.2188],[14.8832,44.2201],[14.8838,44.2224],[14.8813,44.2251],[14.8868,44.2304],[14.8885,44.2249],[14.8954,44.2265],[14.9029,44.2228],[14.9029,44.2185],[14.9015,44.2182],[14.9046,44.2171],[14.9068,44.2132],[14.9101,44.2135],[14.9118,44.2115],[14.9007,44.2088],[14.9004,44.2043],[14.8954,44.2024],[14.8968,44.1982],[14.8921,44.1974],[14.8835,44.2012],[14.8796,44.2051],[14.8774,44.2015],[14.8676,44.2062],[14.8668,44.209],[14.8715,44.2113],[14.8632,44.2118],[14.8629,44.2137],[14.8654,44.2143],[14.8643,44.2157],[14.8609,44.2169],[14.8599,44.2143],[14.8574,44.2132],[14.8468,44.2163],[14.8401,44.2213],[14.8374,44.2266],[14.8151,44.2346],[14.8199,44.2285],[14.8188,44.2238],[14.8232,44.2207],[14.8329,44.2088],[14.8421,44.2029],[14.8426,44.1999],[14.839,44.1982],[14.8285,44.2004],[14.819,44.2168],[14.8143,44.2199],[14.8149,44.2232],[14.8115,44.2243],[14.8104,44.229],[14.7968,44.2449],[14.7946,44.2524],[14.7899,44.2571],[14.7868,44.2568],[14.7899,44.2624],[14.7991,44.2599],[14.8018,44.2663],[14.8054,44.2649]]],[[[14.7863,44.2313],[14.7838,44.2313],[14.7829,44.2335],[14.786,44.2341],[14.7863,44.2313]]],[[[14.7563,44.2471],[14.754,44.2454],[14.7521,44.2485],[14.7543,44.2487],[14.7563,44.2471]]],[[[14.7337,44.2515],[14.7341,44.2526],[14.7371,44.2532],[14.7365,44.2513],[14.7337,44.2515]]],[[[14.7599,44.2538],[14.7568,44.2535],[14.7557,44.2549],[14.7588,44.2551],[14.7599,44.2538]]],[[[14.7379,44.2624],[14.7374,44.261],[14.7282,44.2615],[14.7307,44.2637],[14.7365,44.2637],[14.7379,44.2624]]],[[[14.7596,44.2932],[14.7682,44.2899],[14.7765,44.2832],[14.7829,44.2805],[14.786,44.2782],[14.7865,44.274],[14.7974,44.2724],[14.7999,44.2702],[14.7999,44.2682],[14.7937,44.2668],[14.7913,44.2679],[14.7907,44.2668],[14.7932,44.2651],[14.7885,44.2624],[14.7849,44.2624],[14.7771,44.2663],[14.7726,44.2663],[14.7696,44.2696],[14.7643,44.2718],[14.7646,44.2682],[14.7701,44.2576],[14.769,44.2551],[14.7612,44.256],[14.7482,44.2621],[14.741,44.2674],[14.7404,44.2696],[14.7374,44.2701],[14.7371,44.2768],[14.7351,44.2801],[14.7385,44.2804],[14.7412,44.2782],[14.741,44.2807],[14.7435,44.2821],[14.7518,44.2802],[14.7532,44.2782],[14.7588,44.279],[14.7605,44.2774],[14.7504,44.2904],[14.7515,44.294],[14.7574,44.2946],[14.7596,44.2932]]],[[[14.6974,44.2918],[14.6996,44.2893],[14.7093,44.2915],[14.7115,44.2907],[14.7226,44.2837],[14.7285,44.276],[14.7279,44.274],[14.7215,44.276],[14.7176,44.279],[14.7135,44.2788],[14.7174,44.2768],[14.7176,44.274],[14.7143,44.2701],[14.7124,44.2701],[14.7107,44.2732],[14.7076,44.2721],[14.6993,44.2768],[14.6988,44.2818],[14.6938,44.2818],[14.6849,44.2885],[14.6868,44.291],[14.691,44.291],[14.6932,44.2932],[14.6974,44.2918]]],[[[14.7115,44.3199],[14.716,44.3166],[14.7163,44.3151],[14.7137,44.3149],[14.7068,44.3213],[14.7115,44.3199]]],[[[14.7038,44.3249],[14.7057,44.3221],[14.701,44.3238],[14.6999,44.3257],[14.7038,44.3249]]],[[[14.5935,44.3563],[14.6068,44.3443],[14.6079,44.3404],[14.6157,44.3399],[14.6318,44.3301],[14.6326,44.3318],[14.6351,44.3321],[14.6412,44.3287],[14.6432,44.3271],[14.6418,44.3243],[14.6449,44.324],[14.6632,44.3076],[14.6685,44.3057],[14.6699,44.3021],[14.6682,44.3013],[14.6604,44.3068],[14.6593,44.3046],[14.6551,44.3051],[14.6504,44.3079],[14.6507,44.3096],[14.6426,44.3082],[14.6393,44.3107],[14.6376,44.3151],[14.6332,44.3174],[14.631,44.3151],[14.626,44.3182],[14.6276,44.3201],[14.6238,44.3229],[14.6213,44.321],[14.6182,44.3232],[14.6173,44.3263],[14.6213,44.326],[14.6193,44.3285],[14.6146,44.3301],[14.6118,44.3285],[14.6051,44.3304],[14.5963,44.3363],[14.5938,44.336],[14.5818,44.351],[14.5888,44.3526],[14.5901,44.3573],[14.5935,44.3563]]],[[[14.6935,44.3315],[14.6996,44.3285],[14.7001,44.3268],[14.6954,44.3276],[14.6899,44.3324],[14.6935,44.3315]]],[[[14.5887,44.3368],[14.5929,44.3349],[14.5993,44.3296],[14.5971,44.3296],[14.5863,44.3385],[14.5887,44.3368]]],[[[14.581,44.3524],[14.579,44.3543],[14.579,44.3565],[14.5818,44.356],[14.581,44.3524]]],[[[14.8765,44.3635],[14.8785,44.3618],[14.8771,44.3604],[14.8732,44.3624],[14.8751,44.3649],[14.8765,44.3635]]],[[[14.8948,44.3946],[14.8926,44.3937],[14.8915,44.396],[14.894,44.3963],[14.8948,44.3946]]],[[[14.9976,44.3979],[14.9988,44.3956],[14.9965,44.3943],[14.9918,44.3968],[14.9929,44.3993],[14.9976,44.3979]]],[[[14.9785,44.3979],[14.9782,44.3965],[14.9749,44.3976],[14.9757,44.399],[14.9785,44.3979]]],[[[14.5771,44.3651],[14.5779,44.3638],[14.5763,44.3618],[14.5707,44.3635],[14.5741,44.3662],[14.5771,44.3651]]],[[[14.8504,44.3885],[14.8677,44.3749],[14.8687,44.3699],[14.866,44.3696],[14.8521,44.3788],[14.8512,44.384],[14.8477,44.3857],[14.8465,44.3882],[14.8474,44.3896],[14.8504,44.3885]]],[[[14.6879,44.4124],[14.6946,44.4102],[14.7063,44.3993],[14.7065,44.3965],[14.7021,44.3927],[14.7004,44.3885],[14.7029,44.3829],[14.7032,44.3724],[14.7124,44.371],[14.7216,44.3652],[14.7246,44.3599],[14.7229,44.3565],[14.7296,44.3513],[14.7282,44.3482],[14.7196,44.3465],[14.7179,44.3485],[14.7143,44.3488],[14.711,44.3524],[14.704,44.3526],[14.7057,44.3571],[14.7021,44.3568],[14.7004,44.3591],[14.6988,44.3568],[14.696,44.3579],[14.6901,44.366],[14.6934,44.3693],[14.6913,44.3715],[14.6907,44.3774],[14.684,44.3843],[14.6846,44.3874],[14.6801,44.3904],[14.6774,44.3876],[14.6729,44.3906],[14.6665,44.3904],[14.6607,44.3946],[14.6613,44.3977],[14.659,44.4012],[14.6643,44.4035],[14.6629,44.4074],[14.6668,44.4105],[14.6701,44.4101],[14.676,44.4138],[14.6879,44.4124]]],[[[14.7899,44.4212],[14.8041,44.4113],[14.8091,44.4049],[14.8082,44.4026],[14.8115,44.3999],[14.8096,44.3963],[14.801,44.3957],[14.8049,44.3926],[14.8057,44.3891],[14.8043,44.3874],[14.7943,44.3851],[14.7943,44.3838],[14.7996,44.3799],[14.7993,44.3774],[14.8024,44.3713],[14.814,44.3643],[14.8223,44.3537],[14.8188,44.3479],[14.8174,44.341],[14.8143,44.3404],[14.8001,44.3438],[14.7988,44.3407],[14.796,44.3404],[14.7779,44.3507],[14.7746,44.3513],[14.7749,44.354],[14.7701,44.3535],[14.7674,44.3599],[14.7649,44.3599],[14.7646,44.3615],[14.7599,44.3607],[14.7546,44.3624],[14.7543,44.3655],[14.7507,44.3646],[14.746,44.366],[14.7432,44.3688],[14.7468,44.3718],[14.7662,44.3737],[14.7707,44.3776],[14.7762,44.379],[14.7755,44.3849],[14.766,44.3935],[14.769,44.4029],[14.766,44.4104],[14.7599,44.4168],[14.7704,44.4135],[14.7749,44.4146],[14.7743,44.4182],[14.7774,44.4185],[14.7823,44.4221],[14.7899,44.4212]]],[[[14.7582,44.4029],[14.7549,44.404],[14.7549,44.4051],[14.7565,44.4057],[14.7582,44.4029]]],[[[14.5707,44.4113],[14.5715,44.409],[14.5693,44.4085],[14.5665,44.4118],[14.5693,44.4129],[14.5707,44.4113]]],[[[14.7582,44.4182],[14.7538,44.4179],[14.7529,44.4193],[14.7554,44.4196],[14.7582,44.4182]]],[[[14.7373,44.4329],[14.7382,44.4282],[14.7354,44.4282],[14.7315,44.431],[14.7329,44.4338],[14.7373,44.4329]]],[[[14.8973,44.4562],[14.9101,44.4482],[14.9101,44.4465],[14.9165,44.4407],[14.9168,44.436],[14.9199,44.4329],[14.9379,44.4252],[14.9399,44.4215],[14.949,44.4193],[14.9537,44.4132],[14.9677,44.4063],[14.9693,44.4012],[14.9593,44.4007],[14.9576,44.4024],[14.9585,44.4057],[14.9565,44.4076],[14.9429,44.4074],[14.9315,44.4129],[14.9315,44.4149],[14.9279,44.4154],[14.9238,44.4206],[14.9153,44.4207],[14.9152,44.4271],[14.9165,44.4273],[14.9121,44.429],[14.9115,44.4313],[14.8951,44.4393],[14.8932,44.444],[14.8854,44.4496],[14.8849,44.4538],[14.8807,44.4535],[14.8856,44.456],[14.8973,44.4562]]],[[[14.9162,44.546],[14.9185,44.5446],[14.9188,44.5424],[14.9146,44.5415],[14.9159,44.538],[14.9196,44.536],[14.9271,44.5371],[14.9335,44.536],[14.9354,44.5324],[14.9429,44.5276],[14.9474,44.5193],[14.9721,44.5071],[14.9746,44.5035],[14.9771,44.5027],[14.9785,44.4987],[14.9826,44.4979],[14.9896,44.4932],[14.9901,44.4904],[14.9945,44.4871],[14.9965,44.4826],[15.0066,44.4774],[15.0224,44.4624],[15.0282,44.4593],[15.044,44.4421],[15.0488,44.4415],[15.0518,44.4429],[15.0523,44.4521],[15.0463,44.4629],[15.0468,44.4674],[15.0446,44.4701],[15.0435,44.479],[15.0535,44.4771],[15.0565,44.4715],[15.0621,44.4704],[15.0629,44.4679],[15.0685,44.464],[15.0763,44.4621],[15.0826,44.4554],[15.0885,44.4532],[15.0974,44.446],[15.109,44.4441],[15.1113,44.4413],[15.116,44.4418],[15.1176,44.4382],[15.1213,44.4374],[15.1229,44.4332],[15.1259,44.4307],[15.126,44.4285],[15.1326,44.4246],[15.1357,44.419],[15.1415,44.4162],[15.1404,44.4113],[15.1501,44.4063],[15.156,44.4071],[15.1663,44.4007],[15.1751,44.3974],[15.1765,44.3946],[15.1735,44.3932],[15.1763,44.3913],[15.1782,44.3868],[15.1821,44.3843],[15.1865,44.3768],[15.1913,44.376],[15.1941,44.3779],[15.2021,44.3779],[15.2038,44.3765],[15.2027,44.3737],[15.209,44.3724],[15.2105,44.371],[15.2096,44.3693],[15.2135,44.3693],[15.229,44.3599],[15.236,44.3574],[15.2429,44.3507],[15.2474,44.3496],[15.2512,44.3387],[15.2571,44.336],[15.259,44.3324],[15.259,44.3282],[15.2554,44.3249],[15.256,44.3218],[15.2426,44.3312],[15.2279,44.3365],[15.1876,44.3587],[15.1824,44.3587],[15.1815,44.3565],[15.194,44.3515],[15.2007,44.3449],[15.2051,44.3429],[15.2132,44.3357],[15.2179,44.334],[15.2263,44.3257],[15.236,44.319],[15.2355,44.3171],[15.229,44.3168],[15.2226,44.3174],[15.216,44.3209],[15.2113,44.3196],[15.216,44.3121],[15.226,44.3068],[15.2235,44.3035],[15.2185,44.304],[15.2143,44.3099],[15.1979,44.3135],[15.1896,44.3185],[15.1849,44.3163],[15.1813,44.3165],[15.1543,44.3257],[15.1518,44.3285],[15.1476,44.3288],[15.1454,44.331],[15.1354,44.3318],[15.1326,44.3299],[15.1318,44.3257],[15.1338,44.3235],[15.1421,44.3191],[15.1582,44.3049],[15.1629,44.3043],[15.181,44.2924],[15.1788,44.2896],[15.1763,44.2893],[15.1746,44.2907],[15.1654,44.2918],[15.1635,44.2937],[15.1582,44.2938],[15.1549,44.2976],[15.144,44.3015],[15.119,44.3165],[15.1126,44.3176],[15.1026,44.3246],[15.0937,44.3371],[15.0932,44.341],[15.0951,44.3413],[15.0996,44.3376],[15.104,44.3379],[15.1065,44.3393],[15.1065,44.3474],[15.0971,44.349],[15.0973,44.3521],[15.0885,44.3601],[15.0893,44.3663],[15.0971,44.371],[15.1138,44.3696],[15.1174,44.3729],[15.1162,44.3782],[15.113,44.3813],[15.0829,44.3976],[15.0662,44.3988],[15.0654,44.3965],[15.0685,44.3901],[15.0662,44.3879],[15.0607,44.3887],[15.0574,44.3915],[15.0476,44.3893],[15.0382,44.3929],[15.0343,44.3976],[15.0354,44.401],[15.0393,44.4018],[15.0379,44.4082],[15.0335,44.4096],[15.031,44.4157],[15.0276,44.4176],[15.0226,44.4255],[15.0085,44.4329],[15.0018,44.4399],[14.9957,44.4432],[14.9929,44.4471],[14.9874,44.4485],[14.9821,44.4551],[14.9729,44.4604],[14.9682,44.4593],[14.9674,44.4629],[14.9629,44.4646],[14.9543,44.4632],[14.9537,44.4643],[14.9582,44.4682],[14.9515,44.464],[14.9343,44.466],[14.9071,44.4837],[14.9001,44.4927],[14.899,44.4971],[14.9071,44.496],[14.911,44.4977],[14.9165,44.4974],[14.9205,44.5007],[14.9151,44.5099],[14.9143,44.5151],[14.9076,44.5182],[14.9059,44.5221],[14.9013,44.5229],[14.9001,44.5257],[14.894,44.5285],[14.8913,44.5321],[14.8818,44.5335],[14.8804,44.5415],[14.8699,44.5485],[14.8721,44.5532],[14.8837,44.5521],[14.8841,44.5546],[14.8807,44.5563],[14.8807,44.5577],[14.8746,44.5588],[14.8618,44.5646],[14.8657,44.5685],[14.8607,44.5749],[14.8551,44.5779],[14.8482,44.5776],[14.8462,44.5818],[14.8429,44.5818],[14.8421,44.5843],[14.8337,44.5871],[14.8324,44.5962],[14.8179,44.6037],[14.8169,44.6071],[14.8129,44.6087],[14.8137,44.6121],[14.8082,44.6135],[14.8071,44.6171],[14.8015,44.6191],[14.7979,44.6251],[14.7879,44.629],[14.7876,44.6324],[14.7818,44.6357],[14.7815,44.639],[14.7782,44.6404],[14.7777,44.6421],[14.7793,44.6435],[14.7762,44.6435],[14.774,44.6454],[14.7737,44.6485],[14.7712,44.6499],[14.7713,44.6529],[14.7668,44.654],[14.7665,44.656],[14.7618,44.6568],[14.7549,44.6629],[14.7543,44.6662],[14.7515,44.6671],[14.7513,44.671],[14.7463,44.6757],[14.7457,44.6785],[14.7332,44.6899],[14.7329,44.6915],[14.7346,44.6924],[14.7324,44.6932],[14.7337,44.6982],[14.7318,44.7038],[14.7354,44.704],[14.7404,44.6985],[14.7649,44.6819],[14.7701,44.6771],[14.7751,44.6693],[14.7919,44.6557],[14.7921,44.6532],[14.7971,44.6504],[14.804,44.6432],[14.8041,44.6401],[14.8129,44.6349],[14.814,44.631],[14.821,44.6276],[14.8229,44.6226],[14.829,44.6207],[14.8335,44.616],[14.8396,44.6135],[14.8462,44.6054],[14.8526,44.6037],[14.8651,44.5887],[14.8726,44.5818],[14.8771,44.5799],[14.8787,44.5765],[14.8832,44.5729],[14.8888,44.5713],[14.8885,44.5777],[14.8765,44.5921],[14.8763,44.5946],[14.874,44.5965],[14.8735,44.6026],[14.8696,44.6043],[14.8701,44.6069],[14.8774,44.6113],[14.9012,44.609],[14.9037,44.6093],[14.9051,44.6121],[14.9096,44.6127],[14.9165,44.6054],[14.9113,44.6051],[14.9085,44.6026],[14.9163,44.604],[14.9165,44.6026],[14.9129,44.601],[14.9193,44.6032],[14.923,44.6007],[14.9254,44.5965],[14.9304,44.5979],[14.936,44.5921],[14.9374,44.5882],[14.9432,44.586],[14.9446,44.5807],[14.9526,44.5812],[14.9585,44.5774],[14.9635,44.5713],[14.9599,44.5685],[14.9627,44.5671],[14.9657,44.5576],[14.9724,44.5499],[14.9857,44.5399],[14.9855,44.5363],[14.9921,44.5332],[15.0004,44.5318],[15.0015,44.5282],[15.0051,44.5299],[15.0049,44.5276],[15.0101,44.5279],[15.011,44.5262],[15.0243,44.5243],[15.0271,44.5218],[15.0301,44.5243],[15.0341,44.5216],[15.0385,44.5215],[15.0399,44.5193],[15.0426,44.5193],[15.0449,44.5171],[15.0421,44.5163],[15.0449,44.5129],[15.0505,44.5141],[15.054,44.5101],[15.0535,44.5049],[15.0554,44.5037],[15.054,44.5021],[15.0613,44.4993],[15.0604,44.4957],[15.0635,44.4955],[15.0632,44.4935],[15.0649,44.4933],[15.0704,44.4846],[15.0799,44.4762],[15.0701,44.4765],[15.0585,44.4846],[15.0535,44.4843],[15.049,44.4876],[15.0521,44.4927],[15.0507,44.4963],[15.0424,44.4943],[15.0379,44.4977],[15.0296,44.4982],[15.0212,44.501],[15.0204,44.4949],[15.0157,44.4949],[15.0035,44.5049],[15.0101,44.5062],[15.0101,44.5082],[15.0063,44.5115],[14.9996,44.5135],[14.9974,44.5171],[14.9896,44.5204],[14.9849,44.519],[14.9815,44.5218],[14.9726,44.521],[14.9657,44.5235],[14.9615,44.5257],[14.953,44.5368],[14.9451,44.5387],[14.9315,44.5459],[14.9215,44.5493],[14.916,44.549],[14.9162,44.546]]],[[[14.9971,44.4338],[14.9951,44.4354],[14.9954,44.4371],[14.9985,44.4363],[14.9987,44.4341],[14.9971,44.4338]]],[[[15.1073,44.4479],[15.1079,44.4471],[15.1035,44.4488],[15.1046,44.449],[15.1073,44.4479]]],[[[14.5381,44.4024],[14.5381,44.4109],[14.5472,44.411],[14.5472,44.4003],[14.5412,44.4003],[14.5412,44.4024],[14.5381,44.4024]]],[[[14.5457,44.4637],[14.549,44.4607],[14.5615,44.456],[14.5701,44.4549],[14.5751,44.449],[14.5754,44.4451],[14.5795,44.441],[14.5743,44.444],[14.564,44.444],[14.5591,44.4474],[14.5551,44.441],[14.5529,44.4421],[14.5485,44.441],[14.5451,44.4435],[14.5401,44.4429],[14.5357,44.4452],[14.5351,44.4474],[14.5301,44.4512],[14.5315,44.454],[14.5293,44.4557],[14.5324,44.4568],[14.5318,44.4585],[14.5343,44.4601],[14.5343,44.4621],[14.5376,44.4615],[14.539,44.4643],[14.5418,44.4651],[14.5457,44.4637]]],[[[14.5496,44.4709],[14.5529,44.4663],[14.5607,44.4663],[14.5651,44.4626],[14.5657,44.4593],[14.556,44.4599],[14.5493,44.4651],[14.541,44.4685],[14.5427,44.4715],[14.5454,44.4704],[14.5479,44.4721],[14.5496,44.4709]]],[[[14.5451,44.4787],[14.5462,44.4752],[14.5424,44.474],[14.5401,44.4776],[14.5407,44.4799],[14.5432,44.4804],[14.5451,44.4787]]],[[[14.5968,44.4451],[14.5967,44.4536],[14.6055,44.4535],[14.6056,44.4428],[14.5997,44.4429],[14.5997,44.445],[14.5968,44.4451]]],[[[14.8563,44.4868],[14.8685,44.4774],[14.8721,44.4713],[14.8724,44.466],[14.8646,44.469],[14.858,44.4749],[14.851,44.4782],[14.846,44.4854],[14.8504,44.4882],[14.8563,44.4868]]],[[[14.5473,44.5079],[14.5499,44.5074],[14.5521,44.5046],[14.5557,44.5063],[14.5621,44.5029],[14.5621,44.4957],[14.5632,44.4943],[14.5673,44.4949],[14.5679,44.4907],[14.5665,44.4876],[14.5707,44.4849],[14.5682,44.4857],[14.5676,44.4826],[14.5654,44.4826],[14.5624,44.4932],[14.5537,44.4932],[14.5535,44.4982],[14.551,44.499],[14.5491,44.5055],[14.5449,44.5085],[14.5473,44.5079]]],[[[14.5963,44.5421],[14.5965,44.5409],[14.5943,44.5404],[14.5924,44.5429],[14.5963,44.5421]]],[[[14.8974,44.4987],[14.8954,44.499],[14.8949,44.5004],[14.896,44.5006],[14.8974,44.4987]]],[[[14.3299,44.5685],[14.3374,44.5646],[14.341,44.5604],[14.3326,44.5596],[14.3246,44.5649],[14.3251,44.5687],[14.3299,44.5685]]],[[[14.2996,44.5913],[14.3196,44.5782],[14.3201,44.5754],[14.3246,44.5727],[14.3246,44.5701],[14.321,44.5699],[14.3188,44.5735],[14.3132,44.5774],[14.3018,44.5829],[14.2954,44.5899],[14.296,44.5926],[14.2996,44.5913]]],[[[14.4215,44.5899],[14.4179,44.5899],[14.4176,44.5918],[14.4204,44.5924],[14.4215,44.5899]]],[[[14.4499,44.7929],[14.4488,44.7865],[14.4507,44.7829],[14.4616,44.7752],[14.4679,44.7674],[14.4712,44.766],[14.4751,44.7599],[14.4746,44.7562],[14.4771,44.7549],[14.4754,44.7499],[14.4799,44.7457],[14.4796,44.7379],[14.4715,44.7382],[14.4693,44.7321],[14.4649,44.7263],[14.4671,44.7176],[14.471,44.7137],[14.4746,44.7043],[14.4788,44.6982],[14.4785,44.694],[14.4879,44.6879],[14.4913,44.6824],[14.4979,44.6807],[14.4954,44.6776],[14.4954,44.6741],[14.4979,44.6765],[14.5049,44.674],[14.5074,44.6707],[14.5057,44.6682],[14.5079,44.6685],[14.5107,44.6638],[14.5143,44.6632],[14.5124,44.6576],[14.514,44.6529],[14.506,44.651],[14.5093,44.6488],[14.5093,44.6471],[14.5035,44.6404],[14.5113,44.6457],[14.5132,44.6449],[14.5135,44.6415],[14.5177,44.6449],[14.5179,44.6396],[14.5215,44.6413],[14.5201,44.6349],[14.5204,44.6324],[14.5238,44.6376],[14.5326,44.6349],[14.5265,44.6415],[14.5271,44.6432],[14.531,44.6437],[14.5318,44.6404],[14.536,44.6418],[14.5365,44.6396],[14.534,44.6382],[14.5371,44.6379],[14.5376,44.6343],[14.5407,44.636],[14.5455,44.6321],[14.5454,44.6304],[14.5385,44.6268],[14.529,44.6282],[14.5326,44.624],[14.5279,44.6168],[14.5268,44.6193],[14.5229,44.6176],[14.5199,44.6229],[14.5179,44.6235],[14.5224,44.6113],[14.5176,44.6101],[14.5176,44.6087],[14.5099,44.6124],[14.5085,44.6149],[14.5029,44.6162],[14.4957,44.6224],[14.5088,44.6079],[14.4993,44.6071],[14.4987,44.6021],[14.4835,44.6074],[14.4829,44.6096],[14.4771,44.6127],[14.476,44.616],[14.474,44.6149],[14.4696,44.6193],[14.4696,44.6229],[14.4679,44.6221],[14.4649,44.6243],[14.4651,44.6279],[14.4604,44.6268],[14.4632,44.6226],[14.4613,44.6215],[14.4518,44.6296],[14.4515,44.6318],[14.4551,44.6321],[14.4568,44.6346],[14.4538,44.6338],[14.4432,44.6401],[14.4421,44.6437],[14.4432,44.6457],[14.4404,44.6471],[14.4407,44.6496],[14.4382,44.6535],[14.4299,44.6596],[14.4293,44.6629],[14.4271,44.6649],[14.4187,44.6707],[14.4182,44.6682],[14.4157,44.6699],[14.4107,44.6679],[14.4096,44.6715],[14.4135,44.6735],[14.4137,44.6763],[14.4071,44.676],[14.4029,44.6835],[14.4043,44.6862],[14.3999,44.6882],[14.3996,44.6913],[14.3957,44.6896],[14.3935,44.6924],[14.3918,44.6904],[14.3943,44.686],[14.4001,44.6835],[14.3965,44.6729],[14.3982,44.6712],[14.3982,44.6662],[14.3999,44.664],[14.3988,44.6607],[14.4015,44.6543],[14.3999,44.6526],[14.4009,44.6488],[14.3982,44.649],[14.3974,44.6465],[14.3974,44.6454],[14.401,44.6454],[14.3996,44.6429],[14.4005,44.6371],[14.3993,44.6349],[14.394,44.6349],[14.3929,44.6285],[14.3963,44.6188],[14.3996,44.619],[14.4041,44.6168],[14.4024,44.6129],[14.4065,44.6124],[14.4054,44.6076],[14.4088,44.606],[14.4076,44.6029],[14.4137,44.5985],[14.4168,44.5874],[14.4227,44.586],[14.4249,44.5799],[14.4276,44.5785],[14.4288,44.5751],[14.4343,44.5738],[14.4332,44.5685],[14.4396,44.5674],[14.4424,44.5629],[14.446,44.5624],[14.4449,44.5571],[14.456,44.5535],[14.4568,44.5493],[14.4599,44.5462],[14.4643,44.5459],[14.4646,44.5435],[14.4721,44.5374],[14.4796,44.5373],[14.4768,44.5332],[14.4854,44.5332],[14.4868,44.5304],[14.4824,44.529],[14.4819,44.5265],[14.4863,44.5285],[14.4899,44.5265],[14.4904,44.524],[14.4915,44.526],[14.4951,44.5246],[14.4988,44.5254],[14.4999,44.5232],[14.5037,44.5235],[14.5074,44.5201],[14.5084,44.5224],[14.5068,44.5246],[14.5082,44.5246],[14.5096,44.5224],[14.5132,44.5215],[14.5149,44.5199],[14.5149,44.5165],[14.5185,44.5154],[14.5179,44.513],[14.5246,44.5121],[14.5249,44.5085],[14.5226,44.5076],[14.5235,44.504],[14.5287,44.5035],[14.5299,44.4979],[14.5349,44.4987],[14.5374,44.4971],[14.539,44.4921],[14.5407,44.4921],[14.5426,44.4888],[14.5393,44.4826],[14.5363,44.4785],[14.5212,44.4732],[14.5101,44.481],[14.5079,44.4882],[14.5065,44.4882],[14.5068,44.486],[14.5043,44.4857],[14.499,44.489],[14.4999,44.491],[14.5026,44.4915],[14.4996,44.4926],[14.4968,44.4912],[14.4926,44.494],[14.4951,44.4965],[14.4951,44.501],[14.4924,44.4971],[14.4882,44.4985],[14.4874,44.5026],[14.4899,44.5057],[14.4843,44.5052],[14.481,44.511],[14.4746,44.5107],[14.4701,44.5163],[14.4646,44.5157],[14.4585,44.5194],[14.4574,44.5235],[14.4493,44.5237],[14.4479,44.5263],[14.4554,44.5276],[14.4565,44.5296],[14.4526,44.5324],[14.449,44.5288],[14.4446,44.5299],[14.4443,44.5329],[14.4465,44.5343],[14.4413,44.5371],[14.4415,44.5419],[14.4435,44.5424],[14.4388,44.5476],[14.436,44.5474],[14.4338,44.5438],[14.4321,44.5438],[14.431,44.546],[14.4268,44.5446],[14.4265,44.5485],[14.4304,44.5499],[14.4276,44.5563],[14.4313,44.5577],[14.4393,44.5504],[14.4399,44.5479],[14.455,44.5401],[14.4568,44.5374],[14.4674,44.5332],[14.4629,44.5376],[14.4601,44.5443],[14.4571,44.5438],[14.4479,44.5526],[14.4415,44.5537],[14.4324,44.5657],[14.4246,44.5685],[14.4276,44.5625],[14.4265,44.5604],[14.4243,44.5607],[14.4118,44.569],[14.4121,44.5735],[14.4057,44.574],[14.4051,44.5713],[14.4065,44.5691],[14.4054,44.5668],[14.4085,44.5632],[14.4085,44.5601],[14.4043,44.5582],[14.399,44.5607],[14.3963,44.5601],[14.3949,44.559],[14.3968,44.5565],[14.3926,44.5535],[14.39,44.5557],[14.3863,44.5551],[14.3854,44.5599],[14.374,44.5601],[14.3721,44.5624],[14.3679,44.5626],[14.369,44.5701],[14.3727,44.5749],[14.3763,44.576],[14.371,44.5832],[14.3726,44.5893],[14.3796,44.594],[14.3818,44.5935],[14.3821,44.5901],[14.3846,44.5901],[14.3849,44.5979],[14.3921,44.5982],[14.3924,44.6029],[14.3829,44.6121],[14.381,44.6263],[14.3774,44.6279],[14.3757,44.6308],[14.3682,44.6324],[14.3665,44.6363],[14.3618,44.6377],[14.3596,44.6399],[14.3601,44.6437],[14.3549,44.6454],[14.3546,44.6432],[14.3532,44.6429],[14.3513,44.6449],[14.351,44.6468],[14.3543,44.6485],[14.3526,44.6496],[14.3543,44.6526],[14.3515,44.6535],[14.3476,44.6579],[14.3471,44.6615],[14.3429,44.666],[14.3429,44.6712],[14.3413,44.6738],[14.3376,44.6924],[14.3393,44.6946],[14.3385,44.6993],[14.3401,44.7001],[14.3387,44.701],[14.3396,44.7038],[14.3379,44.7101],[14.3393,44.7126],[14.3457,44.7101],[14.3485,44.7118],[14.351,44.7096],[14.3513,44.7068],[14.3546,44.706],[14.3574,44.7001],[14.3668,44.6979],[14.3671,44.701],[14.3685,44.7013],[14.3685,44.6982],[14.3696,44.6957],[14.3749,44.7007],[14.3801,44.7013],[14.3821,44.6976],[14.3851,44.6971],[14.384,44.6943],[14.3857,44.6935],[14.3876,44.6951],[14.3904,44.6932],[14.3921,44.6963],[14.3949,44.6969],[14.3926,44.699],[14.3926,44.7046],[14.3954,44.7049],[14.3988,44.7104],[14.3943,44.7168],[14.3946,44.7207],[14.3896,44.7243],[14.3924,44.7326],[14.3901,44.7357],[14.391,44.7374],[14.3976,44.7368],[14.3971,44.7438],[14.391,44.7477],[14.3871,44.7471],[14.3854,44.7501],[14.3838,44.7487],[14.3851,44.7446],[14.3829,44.7438],[14.3776,44.7463],[14.3732,44.751],[14.371,44.7551],[14.3724,44.7571],[14.371,44.7596],[14.3713,44.7654],[14.3676,44.7715],[14.3676,44.7738],[14.371,44.7779],[14.366,44.7801],[14.3663,44.7849],[14.3638,44.7868],[14.3668,44.7904],[14.3679,44.7969],[14.3665,44.7999],[14.3682,44.8032],[14.3632,44.806],[14.3604,44.8143],[14.3551,44.8177],[14.3493,44.8182],[14.3479,44.8102],[14.3399,44.8118],[14.3365,44.8143],[14.3371,44.8163],[14.3404,44.8165],[14.3363,44.8207],[14.3385,44.8237],[14.3299,44.8262],[14.3315,44.8295],[14.3299,44.836],[14.331,44.8401],[14.3287,44.8451],[14.3329,44.8535],[14.3282,44.8615],[14.3268,44.8674],[14.3246,44.8685],[14.3232,44.8718],[14.3185,44.8737],[14.3188,44.8774],[14.3221,44.8801],[14.3212,44.8851],[14.3165,44.8882],[14.3176,44.891],[14.3154,44.8932],[14.3156,44.8965],[14.3135,44.8979],[14.3129,44.9027],[14.3096,44.9079],[14.3063,44.9082],[14.3012,44.9051],[14.2985,44.9054],[14.3001,44.9101],[14.2979,44.9129],[14.3037,44.9125],[14.3035,44.9279],[14.3015,44.9335],[14.3026,44.9379],[14.3057,44.9418],[14.309,44.9418],[14.3085,44.9446],[14.3124,44.944],[14.3121,44.946],[14.3149,44.948],[14.314,44.9507],[14.3165,44.9509],[14.3218,44.9474],[14.3257,44.9401],[14.3304,44.9388],[14.3321,44.9351],[14.3346,44.934],[14.3374,44.9268],[14.3407,44.9249],[14.3407,44.9215],[14.3457,44.9143],[14.3546,44.9143],[14.3563,44.9082],[14.3604,44.9074],[14.3629,44.904],[14.3701,44.9087],[14.3846,44.9024],[14.3924,44.9029],[14.3974,44.9057],[14.3982,44.9107],[14.4013,44.9113],[14.4009,44.9201],[14.3968,44.9265],[14.3949,44.9271],[14.3951,44.9307],[14.391,44.9354],[14.3921,44.9388],[14.3882,44.9385],[14.3851,44.9407],[14.3849,44.9457],[14.3899,44.9482],[14.3899,44.9518],[14.3924,44.9557],[14.3987,44.9549],[14.4099,44.9504],[14.4135,44.9449],[14.4154,44.9468],[14.4124,44.949],[14.4143,44.9515],[14.4138,44.9546],[14.4096,44.9557],[14.4093,44.9582],[14.4029,44.9562],[14.3904,44.9599],[14.3931,44.9671],[14.3896,44.9732],[14.3868,44.9732],[14.3818,44.9782],[14.3807,44.9877],[14.379,44.9899],[14.3724,44.9929],[14.3635,44.9926],[14.3579,44.9984],[14.3513,45.0024],[14.3501,45.0068],[14.3515,45.014],[14.3551,45.019],[14.3599,45.0215],[14.3604,45.0288],[14.3549,45.0466],[14.349,45.0515],[14.3485,45.054],[14.3385,45.0599],[14.3249,45.0604],[14.3199,45.0637],[14.3157,45.0635],[14.3096,45.066],[14.3099,45.0674],[14.3046,45.0707],[14.3057,45.0749],[14.3021,45.0782],[14.2979,45.0874],[14.2962,45.0882],[14.2962,45.094],[14.2899,45.0993],[14.2835,45.0996],[14.276,45.1049],[14.2796,45.1132],[14.2768,45.1174],[14.2729,45.1185],[14.2724,45.121],[14.2807,45.1279],[14.2843,45.1285],[14.2849,45.1335],[14.2901,45.1357],[14.2962,45.1424],[14.2968,45.1463],[14.3007,45.1501],[14.3007,45.156],[14.3023,45.1565],[14.3023,45.1585],[14.2996,45.161],[14.3018,45.164],[14.3088,45.1665],[14.3104,45.1718],[14.3138,45.171],[14.3171,45.1724],[14.3171,45.174],[14.3257,45.1757],[14.3277,45.1746],[14.3268,45.1679],[14.331,45.1696],[14.3432,45.1688],[14.3449,45.1701],[14.3515,45.1682],[14.3551,45.1651],[14.3621,45.1637],[14.3665,45.1574],[14.3665,45.154],[14.3721,45.1437],[14.3649,45.1426],[14.3607,45.1365],[14.3599,45.1324],[14.3565,45.1301],[14.3593,45.1263],[14.3593,45.1211],[14.3559,45.1185],[14.3549,45.1143],[14.3593,45.1118],[14.3574,45.1057],[14.3576,45.1032],[14.3607,45.1004],[14.3588,45.0979],[14.3601,45.0959],[14.3599,45.0885],[14.3632,45.0849],[14.3651,45.0849],[14.3671,45.0804],[14.3693,45.0791],[14.3696,45.0743],[14.3727,45.0718],[14.3721,45.0671],[14.3743,45.066],[14.3738,45.0618],[14.3799,45.051],[14.384,45.0476],[14.3857,45.0399],[14.3929,45.0276],[14.3926,45.024],[14.3954,45.0213],[14.3968,45.0163],[14.4038,45.0076],[14.4087,45.0043],[14.411,44.9993],[14.4143,44.9968],[14.4157,44.9932],[14.4193,44.9915],[14.4235,44.9851],[14.4299,44.9824],[14.4351,44.9779],[14.4435,44.9776],[14.4482,44.9815],[14.4557,44.9815],[14.4579,44.984],[14.469,44.9829],[14.4715,44.9785],[14.4777,44.9729],[14.4785,44.9682],[14.4804,44.9676],[14.4838,44.9618],[14.4837,44.9568],[14.4868,44.9551],[14.4849,44.9535],[14.4799,44.9565],[14.4754,44.9563],[14.4696,44.9476],[14.4621,44.9507],[14.4649,44.9463],[14.4654,44.9399],[14.4623,44.9387],[14.4629,44.936],[14.4607,44.9332],[14.4607,44.9304],[14.4582,44.9296],[14.4585,44.9277],[14.4613,44.9271],[14.4615,44.9257],[14.4576,44.9249],[14.4563,44.9215],[14.4604,44.9157],[14.4615,44.9101],[14.459,44.9082],[14.4601,44.9063],[14.459,44.9021],[14.4537,44.899],[14.4538,44.8951],[14.4501,44.8924],[14.4501,44.8871],[14.446,44.8743],[14.4501,44.8707],[14.4479,44.8668],[14.4535,44.8593],[14.4538,44.8504],[14.4596,44.8424],[14.4601,44.8376],[14.4626,44.8335],[14.4613,44.8299],[14.4643,44.8295],[14.4629,44.8207],[14.4657,44.8179],[14.4663,44.8118],[14.4699,44.8077],[14.4687,44.8007],[14.4704,44.7905],[14.4676,44.7899],[14.4549,44.7946],[14.4499,44.7929]]],[[[14.5426,44.4949],[14.5413,44.4926],[14.5399,44.4954],[14.5418,44.4957],[14.5426,44.4949]]],[[[14.2931,44.5204],[14.2963,44.5185],[14.3038,44.5179],[14.3107,44.5154],[14.3112,44.5121],[14.309,44.5104],[14.3101,44.5082],[14.3154,44.5101],[14.3162,44.5079],[14.321,44.5079],[14.3246,44.511],[14.3268,44.511],[14.3274,44.5093],[14.3224,44.5043],[14.3171,44.504],[14.3148,44.5054],[14.3082,44.4976],[14.3049,44.4968],[14.3029,44.4999],[14.2993,44.5001],[14.2899,44.5085],[14.2876,44.5121],[14.2876,44.5146],[14.2896,44.5165],[14.2843,44.5176],[14.2868,44.5213],[14.2931,44.5204]]],[[[14.4263,44.5513],[14.4238,44.5488],[14.421,44.5499],[14.4257,44.5529],[14.4269,44.5527],[14.4263,44.5513]]],[[[14.4039,44.5507],[14.4018,44.5504],[14.401,44.5521],[14.404,44.5526],[14.4039,44.5507]]],[[[14.2815,44.6885],[14.2774,44.6807],[14.2818,44.6813],[14.2862,44.6768],[14.2857,44.6743],[14.2829,44.6738],[14.2826,44.6707],[14.2829,44.6696],[14.2868,44.6705],[14.289,44.6682],[14.2871,44.6646],[14.2837,44.6635],[14.2862,44.6593],[14.2829,44.6601],[14.2807,44.6568],[14.2738,44.656],[14.2618,44.6654],[14.2657,44.6557],[14.2629,44.6546],[14.2571,44.6587],[14.2551,44.6582],[14.2596,44.6515],[14.2649,44.6487],[14.2643,44.6451],[14.267,44.6423],[14.2665,44.6401],[14.264,44.6396],[14.259,44.6415],[14.2524,44.6479],[14.2585,44.6376],[14.2659,44.6315],[14.2738,44.619],[14.2815,44.6121],[14.2832,44.6057],[14.2785,44.604],[14.2679,44.6101],[14.2646,44.6138],[14.256,44.6165],[14.254,44.6188],[14.2465,44.6207],[14.2438,44.619],[14.2351,44.619],[14.2343,44.6237],[14.231,44.6282],[14.2329,44.6315],[14.2365,44.6304],[14.2471,44.6343],[14.2458,44.6382],[14.2396,44.6426],[14.2379,44.6596],[14.2499,44.6646],[14.2599,44.6754],[14.2596,44.6782],[14.2635,44.6829],[14.2704,44.6843],[14.2782,44.6896],[14.2815,44.6885]]],[[[14.2557,44.6751],[14.2535,44.6751],[14.2541,44.6774],[14.2568,44.6765],[14.2557,44.6751]]],[[[14.4913,44.7243],[14.4901,44.7213],[14.4871,44.7218],[14.4907,44.7274],[14.4921,44.7271],[14.4913,44.7243]]],[[[14.1747,44.7274],[14.1732,44.7271],[14.1729,44.7285],[14.1765,44.7299],[14.1747,44.7274]]],[[[14.5347,44.7682],[14.5349,44.7576],[14.529,44.7576],[14.529,44.7597],[14.5261,44.7598],[14.5261,44.7619],[14.529,44.7619],[14.5289,44.7662],[14.5318,44.7661],[14.5318,44.7683],[14.5347,44.7682]]],[[[13.9495,44.7729],[13.9482,44.769],[13.9451,44.769],[13.9438,44.7726],[13.9445,44.7749],[13.9468,44.7754],[13.9476,44.7732],[13.9495,44.7729]]],[[[14.3201,44.791],[14.3213,44.7899],[14.3209,44.7841],[14.3137,44.7726],[14.314,44.7646],[14.3104,44.7588],[14.3051,44.7576],[14.3007,44.7632],[14.3021,44.7701],[14.3085,44.7757],[14.3085,44.7779],[14.3051,44.7801],[14.3149,44.7879],[14.3165,44.7921],[14.3201,44.791]]],[[[14.3504,44.7754],[14.3501,44.7749],[14.3474,44.7749],[14.3488,44.7774],[14.3516,44.7771],[14.3504,44.7754]]],[[[14.3038,44.7768],[14.301,44.7765],[14.3007,44.7779],[14.3038,44.7785],[14.3038,44.7768]]],[[[13.9371,44.7859],[13.9349,44.7832],[13.9299,44.7851],[13.9335,44.7882],[13.9365,44.7879],[13.9371,44.7859]]],[[[13.9501,44.7935],[13.951,44.7901],[13.9449,44.7904],[13.9479,44.7946],[13.9501,44.7935]]],[[[13.9272,44.7924],[13.9254,44.7918],[13.9238,44.7932],[13.9265,44.794],[13.9272,44.7924]]],[[[13.8749,44.7559],[13.8749,44.7537],[13.8719,44.7537],[13.8719,44.7558],[13.8688,44.7558],[13.8688,44.7579],[13.8719,44.758],[13.8719,44.7601],[13.8779,44.7602],[13.8779,44.7559],[13.8749,44.7559]]],[[[13.9031,44.7674],[13.9013,44.7663],[13.8993,44.7668],[13.9018,44.769],[13.9031,44.7674]]],[[[13.8459,44.8226],[13.8501,44.819],[13.8501,44.8174],[13.8396,44.8238],[13.8429,44.8246],[13.8438,44.8226],[13.8459,44.8226]]],[[[13.8435,44.8299],[13.8451,44.8293],[13.8438,44.8262],[13.8388,44.8263],[13.8396,44.8312],[13.8435,44.8299]]],[[[13.8279,44.8724],[13.8257,44.8696],[13.8235,44.8707],[13.8257,44.8735],[13.8279,44.8724]]],[[[13.9871,44.7993],[13.9846,44.7971],[13.9807,44.7982],[13.9846,44.801],[13.9868,44.8009],[13.9871,44.7993]]],[[[14.0086,44.8308],[14.0087,44.818],[14.0058,44.818],[14.0058,44.8202],[14.0029,44.8202],[14.0028,44.8223],[13.9999,44.8224],[13.9998,44.8331],[14.0027,44.833],[14.0027,44.8309],[14.0086,44.8308]]],[[[14.0113,44.85],[14.0114,44.8415],[14.0026,44.8416],[14.0026,44.8437],[13.9997,44.8437],[13.9997,44.8459],[14.0026,44.8458],[14.0026,44.848],[14.0055,44.848],[14.0054,44.8501],[14.0113,44.85]]],[[[13.8396,44.8735],[13.8398,44.8718],[13.8376,44.8704],[13.8332,44.8718],[13.8349,44.8754],[13.8393,44.8759],[13.8396,44.8735]]],[[[13.8221,44.8737],[13.821,44.8746],[13.8221,44.8757],[13.8241,44.8754],[13.8221,44.8737]]],[[[13.7907,44.8982],[13.7851,44.8971],[13.7838,44.8974],[13.7846,44.8999],[13.7882,44.901],[13.791,44.9004],[13.7907,44.8982]]],[[[13.7999,44.901],[13.7979,44.899],[13.796,44.8996],[13.7965,44.9018],[13.801,44.9035],[13.8012,44.9015],[13.7999,44.901]]],[[[14.5815,44.5545],[14.5871,44.5482],[14.5863,44.546],[14.5821,44.5451],[14.5796,44.5485],[14.5782,44.5537],[14.5793,44.556],[14.5815,44.5545]]],[[[14.577,44.6723],[14.5823,44.6688],[14.581,44.6671],[14.5846,44.666],[14.5843,44.6638],[14.5807,44.6629],[14.5721,44.6729],[14.5751,44.6738],[14.577,44.6723]]],[[[14.6885,44.6935],[14.6907,44.6896],[14.6932,44.6902],[14.6929,44.6885],[14.6876,44.6879],[14.6826,44.691],[14.684,44.6951],[14.6885,44.6935]]],[[[14.7729,44.7416],[14.7893,44.734],[14.7893,44.7326],[14.7913,44.7329],[14.7996,44.7246],[14.8077,44.7213],[14.8199,44.7113],[14.8246,44.7093],[14.8357,44.6954],[14.8429,44.6913],[14.8437,44.6863],[14.8376,44.6857],[14.8274,44.6904],[14.821,44.701],[14.8105,44.7088],[14.8013,44.7207],[14.7738,44.7393],[14.7707,44.7399],[14.769,44.7426],[14.7729,44.7416]]],[[[14.6629,44.7182],[14.6649,44.7151],[14.6685,44.7124],[14.6665,44.7124],[14.659,44.7185],[14.659,44.7207],[14.6624,44.7201],[14.6629,44.7182]]],[[[14.8591,44.7321],[14.8604,44.7318],[14.8593,44.7304],[14.8579,44.7346],[14.8599,44.7337],[14.8591,44.7321]]],[[[14.726,44.8515],[14.7254,44.8501],[14.7288,44.8501],[14.7296,44.8482],[14.7357,44.851],[14.7354,44.8488],[14.7329,44.8468],[14.7343,44.8454],[14.736,44.8476],[14.7385,44.8476],[14.7393,44.8451],[14.7426,44.8493],[14.7513,44.8513],[14.7521,44.8501],[14.7468,44.8471],[14.7527,44.8446],[14.7504,44.8418],[14.7513,44.8401],[14.7601,44.8426],[14.7604,44.8404],[14.7635,44.8399],[14.7635,44.8382],[14.7576,44.8376],[14.7554,44.8357],[14.7546,44.8324],[14.7582,44.8327],[14.7549,44.831],[14.7574,44.8257],[14.7538,44.8257],[14.7538,44.8213],[14.7527,44.8237],[14.7493,44.8238],[14.7474,44.8207],[14.7457,44.821],[14.7454,44.8232],[14.7432,44.8235],[14.7382,44.821],[14.7388,44.8187],[14.7482,44.8112],[14.7563,44.8071],[14.779,44.7885],[14.7954,44.7796],[14.8007,44.7735],[14.8146,44.7649],[14.8193,44.7601],[14.8273,44.7579],[14.8349,44.7476],[14.8437,44.7413],[14.8476,44.7351],[14.8544,44.7321],[14.8549,44.7287],[14.8599,44.7235],[14.8615,44.7185],[14.8638,44.7185],[14.864,44.7229],[14.8654,44.7229],[14.8696,44.7046],[14.8618,44.706],[14.8607,44.7029],[14.8521,44.6988],[14.8388,44.7007],[14.831,44.7065],[14.8279,44.7115],[14.8157,44.7235],[14.8082,44.7285],[14.8074,44.7324],[14.7993,44.7343],[14.7943,44.7407],[14.7868,44.7465],[14.7818,44.7482],[14.7768,44.7476],[14.7737,44.7513],[14.7665,44.7537],[14.766,44.7557],[14.7643,44.7557],[14.7624,44.7529],[14.7515,44.7626],[14.7454,44.7643],[14.7376,44.769],[14.7357,44.7693],[14.7346,44.7668],[14.7535,44.7541],[14.7543,44.751],[14.7357,44.7593],[14.7313,44.7565],[14.7276,44.7596],[14.7243,44.7557],[14.7218,44.7557],[14.7201,44.7582],[14.7154,44.756],[14.7146,44.7576],[14.7162,44.7601],[14.7157,44.7613],[14.711,44.7571],[14.7093,44.7585],[14.711,44.7624],[14.7101,44.7629],[14.7074,44.7599],[14.7074,44.7571],[14.7042,44.7549],[14.7043,44.7496],[14.7072,44.7495],[14.7073,44.7431],[14.7043,44.7432],[14.7043,44.7453],[14.6984,44.7475],[14.6984,44.7496],[14.6955,44.7496],[14.6955,44.7518],[14.6896,44.754],[14.6896,44.7561],[14.6993,44.756],[14.6996,44.7593],[14.6951,44.7576],[14.6915,44.7618],[14.6857,44.7627],[14.6879,44.7657],[14.686,44.7651],[14.6851,44.7668],[14.6824,44.7649],[14.6774,44.7674],[14.6782,44.7724],[14.6751,44.7699],[14.6693,44.7735],[14.669,44.7757],[14.6665,44.7776],[14.6679,44.7813],[14.6649,44.7824],[14.6646,44.781],[14.6632,44.7813],[14.6546,44.7896],[14.6554,44.7932],[14.6635,44.8005],[14.6676,44.8009],[14.6751,44.7974],[14.6835,44.798],[14.6916,44.7946],[14.6987,44.7879],[14.7068,44.7854],[14.7071,44.7896],[14.6988,44.7949],[14.7032,44.7943],[14.6976,44.8035],[14.6979,44.8093],[14.691,44.8129],[14.6974,44.8132],[14.6979,44.811],[14.7032,44.8085],[14.7049,44.8054],[14.709,44.8077],[14.7099,44.8037],[14.7146,44.8032],[14.719,44.8001],[14.724,44.7988],[14.7274,44.801],[14.7157,44.8107],[14.7096,44.821],[14.7026,44.8207],[14.694,44.8254],[14.6871,44.834],[14.6812,44.8379],[14.6815,44.8396],[14.6779,44.8424],[14.6779,44.8449],[14.6829,44.8457],[14.6846,44.8432],[14.6901,44.8462],[14.6932,44.8435],[14.7007,44.844],[14.701,44.8426],[14.711,44.8404],[14.7213,44.8329],[14.7232,44.8329],[14.7246,44.8349],[14.7204,44.8376],[14.7182,44.8426],[14.7218,44.8418],[14.721,44.8462],[14.7224,44.8471],[14.7199,44.8474],[14.7196,44.8507],[14.7254,44.8521],[14.7263,44.854],[14.729,44.8535],[14.726,44.8515]]],[[[14.7068,44.8093],[14.7049,44.8093],[14.7035,44.8104],[14.706,44.8115],[14.7068,44.8093]]],[[[14.8059,44.8501],[14.8126,44.8482],[14.8235,44.8496],[14.8288,44.849],[14.8288,44.8479],[14.8296,44.849],[14.8346,44.8485],[14.8379,44.846],[14.8393,44.8465],[14.8407,44.8421],[14.839,44.8401],[14.8393,44.8368],[14.8357,44.8357],[14.8343,44.8376],[14.8324,44.8365],[14.8285,44.8379],[14.8282,44.834],[14.8296,44.8321],[14.8246,44.8324],[14.8257,44.8296],[14.8243,44.8293],[14.8259,44.8282],[14.8268,44.8257],[14.8263,44.8246],[14.8249,44.8271],[14.8224,44.8268],[14.8188,44.8307],[14.8184,44.8337],[14.8165,44.8343],[14.8168,44.8379],[14.8129,44.8349],[14.8077,44.8385],[14.8043,44.8387],[14.801,44.8446],[14.8024,44.8454],[14.8004,44.8507],[14.8059,44.8501]]],[[[14.7497,44.884],[14.7724,44.871],[14.7732,44.8682],[14.7815,44.8624],[14.7829,44.859],[14.7821,44.8571],[14.7746,44.854],[14.756,44.8563],[14.754,44.8579],[14.7465,44.859],[14.744,44.8654],[14.7388,44.8688],[14.7343,44.8746],[14.7351,44.8757],[14.7463,44.8746],[14.7473,44.8765],[14.7446,44.8801],[14.7457,44.8843],[14.7497,44.884]]],[[[14.7738,44.9335],[14.7785,44.9313],[14.7829,44.9321],[14.7866,44.9302],[14.7879,44.9274],[14.7935,44.9279],[14.796,44.9254],[14.7974,44.926],[14.7985,44.9232],[14.8024,44.9226],[14.806,44.9193],[14.8115,44.9199],[14.8151,44.9154],[14.8201,44.9149],[14.8193,44.9113],[14.824,44.9085],[14.8237,44.9071],[14.8282,44.9076],[14.8307,44.9051],[14.8276,44.9015],[14.8349,44.8951],[14.8365,44.8865],[14.8393,44.8835],[14.804,44.8968],[14.7918,44.9038],[14.7818,44.9043],[14.7807,44.9068],[14.7699,44.9113],[14.7685,44.9126],[14.7696,44.914],[14.7685,44.9185],[14.7662,44.9196],[14.7685,44.9285],[14.7662,44.9324],[14.7693,44.9349],[14.7738,44.9335]]],[[[14.6636,44.9403],[14.6636,44.9382],[14.6666,44.9382],[14.6666,44.9361],[14.6727,44.9361],[14.6727,44.9297],[14.6636,44.9296],[14.6636,44.9318],[14.6606,44.9317],[14.6606,44.9403],[14.6636,44.9403]]],[[[14.8626,44.7026],[14.8626,44.7054],[14.864,44.7051],[14.864,44.7024],[14.8626,44.7026]]],[[[13.7418,44.9018],[13.7413,44.8999],[13.7374,44.9004],[13.7393,44.9029],[13.7418,44.9018]]],[[[13.7493,44.9267],[13.7609,44.924],[13.7607,44.9224],[13.7563,44.9227],[13.7557,44.921],[13.7599,44.9201],[13.7624,44.9226],[13.7671,44.9218],[13.7704,44.919],[13.7685,44.9165],[13.7757,44.9179],[13.7774,44.9196],[13.7776,44.9168],[13.7807,44.9135],[13.774,44.9104],[13.7815,44.9101],[13.7829,44.9079],[13.7813,44.9043],[13.779,44.9032],[13.7726,44.9068],[13.7729,44.904],[13.7693,44.9046],[13.7707,44.9021],[13.766,44.9007],[13.764,44.9015],[13.7654,44.9054],[13.7645,44.9071],[13.7626,44.9076],[13.7615,44.9051],[13.7588,44.9057],[13.7601,44.8924],[13.7585,44.8915],[13.7549,44.8932],[13.7546,44.8874],[13.7499,44.8885],[13.7521,44.8899],[13.7518,44.8913],[13.7487,44.8899],[13.7462,44.8907],[13.7465,44.8949],[13.7529,44.8951],[13.7538,44.8971],[13.7529,44.8985],[13.749,44.8988],[13.7455,44.9063],[13.7551,44.9096],[13.7549,44.9171],[13.7493,44.9179],[13.749,44.9218],[13.7446,44.9196],[13.7426,44.9221],[13.7393,44.921],[13.7338,44.9246],[13.734,44.9263],[13.7365,44.9268],[13.7474,44.9279],[13.7493,44.9267]]],[[[13.7307,44.9129],[13.7296,44.911],[13.7335,44.9093],[13.7321,44.9054],[13.7293,44.9071],[13.7288,44.9102],[13.7254,44.9121],[13.726,44.9138],[13.7293,44.9146],[13.731,44.9143],[13.7307,44.9129]]],[[[13.7487,44.9115],[13.7487,44.9101],[13.7454,44.9101],[13.7471,44.9135],[13.7507,44.9135],[13.751,44.9124],[13.7487,44.9115]]],[[[13.7193,44.9151],[13.721,44.914],[13.7165,44.9135],[13.714,44.9146],[13.714,44.9157],[13.7193,44.9151]]],[[[13.7299,44.9168],[13.7268,44.9176],[13.7265,44.9193],[13.731,44.9196],[13.7299,44.9168]]],[[[13.7379,44.939],[13.7421,44.9401],[13.746,44.9382],[13.7479,44.9349],[13.7471,44.9332],[13.7507,44.9309],[13.7501,44.9296],[13.746,44.9285],[13.7401,44.9296],[13.7393,44.9307],[13.7426,44.9355],[13.7413,44.9365],[13.7388,44.9365],[13.7379,44.9335],[13.7343,44.9338],[13.736,44.9301],[13.7299,44.9301],[13.7315,44.9338],[13.729,44.9346],[13.729,44.9362],[13.734,44.9371],[13.7329,44.9407],[13.7374,44.9407],[13.7379,44.939]]],[[[13.7259,44.9379],[13.7232,44.9368],[13.7224,44.9382],[13.7246,44.9395],[13.7259,44.9379]]],[[[13.7193,44.9396],[13.7201,44.9371],[13.7171,44.9368],[13.7168,44.9404],[13.7193,44.9396]]],[[[13.6725,45.0338],[13.6747,45.0352],[13.6767,45.033],[13.6743,45.0325],[13.6725,45.0338]]],[[[15.2374,44.2971],[15.2374,44.2957],[15.2349,44.2955],[15.2324,44.2971],[15.2324,44.2988],[15.2354,44.2996],[15.2374,44.2971]]],[[[15.1898,44.301],[15.1904,44.2999],[15.1888,44.2996],[15.1851,44.3026],[15.1885,44.3027],[15.1898,44.301]]],[[[15.2299,44.3032],[15.2293,44.301],[15.2246,44.3015],[15.2273,44.3049],[15.2299,44.3032]]],[[[15.1393,44.2841],[15.1382,44.2823],[15.1362,44.2826],[15.1385,44.2868],[15.1399,44.2865],[15.1393,44.2841]]],[[[15.031,44.3265],[15.0343,44.3257],[15.0354,44.3238],[15.0469,44.3263],[15.0501,44.3229],[15.0535,44.3218],[15.0529,44.3204],[15.056,44.3168],[15.0588,44.319],[15.0621,44.3182],[15.0649,44.3204],[15.0724,44.3196],[15.0821,44.3101],[15.0913,44.3079],[15.0997,44.3107],[15.1026,44.3088],[15.1024,44.3068],[15.1071,44.3063],[15.1143,44.3015],[15.1182,44.3013],[15.1196,44.2968],[15.1246,44.2921],[15.134,44.2924],[15.1357,44.2897],[15.1282,44.2821],[15.1204,44.2801],[15.1182,44.2813],[15.1168,44.2846],[15.1187,44.2912],[15.1054,44.2935],[15.1024,44.2968],[15.0824,44.2974],[15.0771,44.2938],[15.0774,44.2912],[15.0749,44.2899],[15.0788,44.2868],[15.0782,44.2857],[15.0499,44.2843],[15.0401,44.2896],[15.0313,44.2999],[15.0254,44.3035],[15.0207,44.311],[15.0204,44.3154],[15.0176,44.319],[15.0185,44.3251],[15.0204,44.3265],[15.0271,44.3265],[15.0296,44.3288],[15.031,44.3265]]],[[[15.3518,44.3171],[15.3543,44.3171],[15.3554,44.3155],[15.3515,44.3151],[15.3485,44.3182],[15.3518,44.3171]]],[[[15.3379,44.3171],[15.3376,44.3163],[15.3332,44.3168],[15.3341,44.3179],[15.3379,44.3171]]],[[[14.5237,44.9865],[14.5262,44.9826],[14.5329,44.9824],[14.531,44.9807],[14.5313,44.9787],[14.5382,44.9757],[14.5385,44.9743],[14.5413,44.9746],[14.5551,44.9574],[14.5527,44.9551],[14.5465,44.9549],[14.5418,44.9526],[14.5335,44.9546],[14.5332,44.9568],[14.5296,44.9565],[14.5257,44.9587],[14.5252,44.9606],[14.5215,44.9599],[14.519,44.9613],[14.5185,44.9638],[14.5135,44.9679],[14.4974,44.9726],[14.4857,44.981],[14.4868,44.9829],[14.4901,44.9829],[14.5046,44.9796],[14.5146,44.9815],[14.5207,44.9876],[14.5237,44.9865]]],[[[14.5487,44.9743],[14.5457,44.9735],[14.5435,44.976],[14.5476,44.976],[14.5487,44.9743]]],[[[13.6688,45.0362],[13.6704,45.0361],[13.6709,45.0354],[13.6688,45.035],[13.6688,45.0362]]],[[[13.6238,45.0454],[13.6196,45.0454],[13.6182,45.0474],[13.6271,45.0474],[13.6265,45.0457],[13.6238,45.0454]]],[[[13.6786,45.048],[13.6792,45.0469],[13.6778,45.0469],[13.6775,45.0479],[13.6786,45.048]]],[[[13.6257,45.0504],[13.624,45.051],[13.6243,45.0524],[13.6277,45.0518],[13.6274,45.0501],[13.6257,45.0504]]],[[[13.6607,45.0523],[13.6594,45.0524],[13.6628,45.0527],[13.662,45.0523],[13.6607,45.0523]]],[[[13.6654,45.0567],[13.6639,45.0565],[13.664,45.0576],[13.6655,45.0577],[13.6654,45.0567]]],[[[13.6307,45.0591],[13.6265,45.0579],[13.6279,45.0563],[13.6268,45.0546],[13.6215,45.0549],[13.6254,45.0582],[13.6196,45.0582],[13.6221,45.0601],[13.6307,45.0591]]],[[[13.6108,45.0746],[13.6116,45.0746],[13.6118,45.0741],[13.6106,45.0738],[13.6108,45.0746]]],[[[13.6329,45.0778],[13.6288,45.076],[13.6249,45.0774],[13.6254,45.0787],[13.6307,45.079],[13.6332,45.0791],[13.6329,45.0778]]],[[[14.6204,45.0393],[14.6118,45.0337],[14.6076,45.0279],[14.6076,45.0257],[14.6099,45.024],[14.6188,45.0226],[14.6235,45.0171],[14.6215,45.014],[14.6051,45.0154],[14.5879,45.0235],[14.5796,45.0249],[14.5785,45.0268],[14.576,45.0246],[14.5724,45.0246],[14.5743,45.0238],[14.5746,45.0199],[14.5668,45.0168],[14.5654,45.014],[14.5621,45.0126],[14.5401,45.0135],[14.5324,45.0171],[14.5301,45.0157],[14.5299,45.0177],[14.5279,45.0185],[14.5262,45.0151],[14.521,45.0182],[14.5212,45.0197],[14.5096,45.024],[14.5074,45.0243],[14.5076,45.0213],[14.5046,45.0199],[14.4982,45.0216],[14.4968,45.0277],[14.4935,45.0243],[14.4893,45.0257],[14.4876,45.0271],[14.4882,45.0293],[14.481,45.0324],[14.481,45.0351],[14.4757,45.036],[14.4765,45.0399],[14.4735,45.0388],[14.4729,45.0407],[14.4696,45.0407],[14.4696,45.0449],[14.4685,45.0455],[14.4676,45.0429],[14.4663,45.0429],[14.4604,45.0457],[14.4538,45.0529],[14.4507,45.0543],[14.4515,45.0568],[14.4493,45.0565],[14.4462,45.0604],[14.4385,45.064],[14.4321,45.0732],[14.4304,45.0826],[14.4318,45.0832],[14.4315,45.0882],[14.434,45.0893],[14.4335,45.0915],[14.4354,45.0932],[14.4443,45.0969],[14.4518,45.0951],[14.4518,45.0974],[14.4538,45.0982],[14.4687,45.0985],[14.471,45.1046],[14.4643,45.1182],[14.4699,45.1218],[14.4751,45.1285],[14.4785,45.1287],[14.4799,45.1265],[14.484,45.1279],[14.4854,45.126],[14.4937,45.1243],[14.4987,45.1185],[14.5043,45.1177],[14.5051,45.1162],[14.5065,45.1179],[14.5138,45.1168],[14.5196,45.121],[14.5227,45.1201],[14.5257,45.1254],[14.524,45.1268],[14.5254,45.1274],[14.5257,45.1354],[14.5285,45.146],[14.526,45.1485],[14.5224,45.1493],[14.5221,45.1513],[14.5282,45.1529],[14.5296,45.1501],[14.5332,45.151],[14.5332,45.1557],[14.5354,45.1604],[14.5457,45.1682],[14.5349,45.1815],[14.536,45.189],[14.534,45.1918],[14.5335,45.1985],[14.5337,45.2015],[14.5371,45.2038],[14.5424,45.2035],[14.5438,45.2012],[14.5445,45.2024],[14.5357,45.2135],[14.5293,45.216],[14.5293,45.2204],[14.5265,45.2251],[14.5301,45.229],[14.5343,45.2268],[14.5343,45.2246],[14.5376,45.2226],[14.5413,45.2154],[14.5457,45.2126],[14.549,45.2068],[14.5507,45.2068],[14.5515,45.2093],[14.549,45.2115],[14.5518,45.213],[14.5501,45.216],[14.5515,45.2185],[14.551,45.2252],[14.5474,45.2287],[14.544,45.2274],[14.5435,45.2313],[14.536,45.236],[14.5443,45.2377],[14.5507,45.2357],[14.5504,45.2376],[14.5524,45.2397],[14.551,45.2424],[14.5535,45.2418],[14.5526,45.244],[14.5543,45.246],[14.5568,45.2438],[14.5646,45.2432],[14.5685,45.2382],[14.5754,45.2357],[14.5765,45.2326],[14.5779,45.2326],[14.5774,45.2346],[14.5787,45.2357],[14.5774,45.2418],[14.5885,45.2382],[14.5913,45.2393],[14.5907,45.2374],[14.5924,45.2354],[14.6049,45.2238],[14.601,45.224],[14.5929,45.2279],[14.5899,45.2276],[14.5871,45.2301],[14.5824,45.2296],[14.6076,45.2021],[14.6085,45.1979],[14.6146,45.1946],[14.6163,45.1899],[14.6143,45.1865],[14.6229,45.1824],[14.6232,45.1805],[14.6213,45.1787],[14.6251,45.1774],[14.6293,45.1718],[14.6307,45.1669],[14.6335,45.1654],[14.6296,45.1624],[14.626,45.1649],[14.6274,45.1674],[14.621,45.169],[14.6171,45.1676],[14.6079,45.1707],[14.6071,45.1696],[14.6087,45.1679],[14.6054,45.1651],[14.6071,45.1626],[14.6024,45.1599],[14.5982,45.1551],[14.5971,45.1515],[14.6001,45.1496],[14.6082,45.1499],[14.6143,45.1518],[14.6163,45.1557],[14.6193,45.156],[14.6218,45.1585],[14.6321,45.1596],[14.6349,45.1615],[14.6385,45.1613],[14.6396,45.1593],[14.6424,45.1607],[14.6468,45.1599],[14.6507,45.1568],[14.6507,45.1524],[14.6557,45.1521],[14.6574,45.1499],[14.6679,45.1463],[14.6698,45.1491],[14.6688,45.1515],[14.6705,45.1532],[14.6685,45.1571],[14.6701,45.1568],[14.6727,45.1538],[14.6724,45.151],[14.6757,45.1479],[14.674,45.1451],[14.6765,45.1446],[14.6715,45.1415],[14.6749,45.1413],[14.6763,45.1393],[14.6757,45.1368],[14.6793,45.1363],[14.6804,45.134],[14.6746,45.1321],[14.6721,45.1268],[14.6671,45.1271],[14.6671,45.121],[14.6615,45.121],[14.6599,45.1227],[14.659,45.121],[14.6604,45.1168],[14.6658,45.1121],[14.6657,45.1063],[14.669,45.106],[14.6685,45.1046],[14.6651,45.1051],[14.6654,45.1012],[14.6629,45.1004],[14.6651,45.0974],[14.6637,45.0943],[14.6669,45.0929],[14.664,45.091],[14.6705,45.0868],[14.6701,45.0843],[14.6748,45.0809],[14.6732,45.0785],[14.6793,45.0771],[14.6832,45.0729],[14.6855,45.0735],[14.6926,45.0685],[14.7013,45.0654],[14.7054,45.0663],[14.7096,45.0651],[14.7093,45.0668],[14.7107,45.0668],[14.7126,45.071],[14.716,45.0724],[14.7235,45.0687],[14.7243,45.0657],[14.7262,45.066],[14.7282,45.0632],[14.7293,45.0682],[14.736,45.0699],[14.736,45.0668],[14.7393,45.0643],[14.7371,45.0632],[14.7346,45.0579],[14.7385,45.0585],[14.7396,45.056],[14.7432,45.0557],[14.7449,45.0537],[14.7454,45.0501],[14.7424,45.0468],[14.7426,45.0443],[14.7404,45.0432],[14.7401,45.0404],[14.7426,45.0388],[14.7415,45.0363],[14.751,45.0299],[14.7524,45.0254],[14.7557,45.0249],[14.7582,45.0199],[14.7682,45.0163],[14.7701,45.0113],[14.779,45.0076],[14.7843,45.0077],[14.7993,44.9996],[14.7954,44.9957],[14.7988,44.9907],[14.8004,44.9907],[14.7988,44.9954],[14.8021,44.9963],[14.811,44.9913],[14.8151,44.9843],[14.8199,44.9801],[14.8193,44.9727],[14.821,44.9707],[14.8179,44.971],[14.8091,44.9799],[14.8007,44.9843],[14.7999,44.9826],[14.8026,44.9785],[14.812,44.9709],[14.8079,44.9629],[14.796,44.9621],[14.7849,44.9654],[14.7793,44.9654],[14.7746,44.9685],[14.7679,44.966],[14.7596,44.9696],[14.7535,44.969],[14.7504,44.9668],[14.7471,44.959],[14.7624,44.9454],[14.7632,44.9401],[14.7615,44.9393],[14.7474,44.9351],[14.7375,44.936],[14.7346,44.9343],[14.7157,44.9415],[14.7065,44.9415],[14.7049,44.9455],[14.6999,44.9476],[14.6951,44.9471],[14.6868,44.9499],[14.6882,44.9563],[14.6774,44.9649],[14.6621,44.9663],[14.6529,44.9632],[14.6479,44.9665],[14.641,44.9674],[14.6343,44.9729],[14.6257,44.9763],[14.6141,44.9769],[14.6141,44.9747],[14.6112,44.9748],[14.6111,44.9833],[14.6053,44.9855],[14.6052,44.9876],[14.6169,44.9875],[14.6171,44.986],[14.6219,44.9887],[14.6271,44.9893],[14.6254,44.9968],[14.6265,45.0007],[14.6221,45.009],[14.6235,45.0146],[14.6251,45.0143],[14.6273,45.0171],[14.6276,45.0268],[14.6254,45.0288],[14.6276,45.0296],[14.6257,45.0304],[14.6265,45.0329],[14.6287,45.0335],[14.6287,45.0357],[14.6254,45.0399],[14.6204,45.0393]]],[[[13.6216,45.094],[13.6201,45.094],[13.6207,45.0965],[13.6221,45.0954],[13.6216,45.094]]],[[[13.6006,45.1343],[13.5979,45.1321],[13.596,45.1346],[13.5982,45.1357],[13.6006,45.1343]]],[[[13.5832,45.141],[13.5813,45.1418],[13.581,45.1424],[13.5851,45.1421],[13.5832,45.141]]],[[[13.5968,45.1488],[13.5971,45.1468],[13.5951,45.1468],[13.5901,45.1507],[13.5949,45.1513],[13.5968,45.1488]]],[[[13.6043,45.1579],[13.6054,45.1565],[13.6007,45.1576],[13.601,45.1615],[13.6035,45.161],[13.6043,45.1579]]],[[[13.5862,45.1763],[13.5837,45.176],[13.5824,45.1776],[13.5865,45.1788],[13.5862,45.1763]]],[[[13.5743,45.1904],[13.5732,45.1901],[13.5774,45.1918],[13.5765,45.191],[13.5743,45.1904]]],[[[14.5612,44.9327],[14.5582,44.9327],[14.5582,44.9412],[14.5552,44.9412],[14.5552,44.9433],[14.5522,44.9433],[14.5522,44.9454],[14.5642,44.9456],[14.5642,44.9434],[14.5672,44.9435],[14.5672,44.9413],[14.5702,44.9414],[14.5703,44.9392],[14.5733,44.9393],[14.5733,44.9371],[14.5763,44.9372],[14.5763,44.935],[14.5612,44.9348],[14.5612,44.9327]]],[[[14.6781,44.9399],[14.6776,44.9382],[14.6757,44.9382],[14.6721,44.9415],[14.6749,44.9418],[14.6781,44.9399]]],[[[14.5707,44.9485],[14.5748,44.9468],[14.5787,44.9432],[14.5693,44.9474],[14.5676,44.9499],[14.5707,44.9485]]],[[[14.834,44.9946],[14.8329,44.9971],[14.836,44.9974],[14.8365,44.9954],[14.834,44.9946]]],[[[14.6206,45.0265],[14.6193,45.0246],[14.6171,45.0254],[14.6182,45.0276],[14.6206,45.0265]]],[[[14.5657,45.2554],[14.5679,45.254],[14.566,45.2487],[14.5693,45.2443],[14.5651,45.2446],[14.5607,45.2493],[14.5557,45.2515],[14.5554,45.2535],[14.559,45.2565],[14.5657,45.2554]]],[[[13.5871,45.2249],[13.5882,45.2218],[13.5824,45.2238],[13.5835,45.2265],[13.5871,45.2249]]],[[[14.4396,45.3238],[14.4349,45.324],[14.4346,45.3246],[14.4374,45.3249],[14.4396,45.3238]]],[[[14.4307,45.3254],[14.4315,45.3246],[14.4254,45.3265],[14.4276,45.3267],[14.4307,45.3254]]],[[[14.4232,45.3271],[14.4218,45.3262],[14.4196,45.3274],[14.4207,45.3282],[14.4232,45.3271]]]]}}]},
{"type":"FeatureCollection","name":"gadm41_CYP_0","crs":{"type":"name","properties":{"name":"urn:ogc:def:crs:OGC:1.3:CRS84"}},"features":[{"type":"Feature","properties":{"GID_0":"CYP","COUNTRY":"Cyprus"},"geometry":{"type":"MultiPolygon","coordinates":[[[[33.6794,35.0339],[33.685,35.0293],[33.7022,35.0223],[33.7053,35.0152],[33.6966,35.009],[33.6997,35.0027],[33.7154,34.9973],[33.7115,34.9856],[33.7029,34.9879],[33.7021,34.979],[33.6949,34.9779],[33.6701,34.9685],[33.6635,34.9651],[33.6571,34.9576],[33.6526,34.9551],[33.651,34.9504],[33.6451,34.9429],[33.6418,34.9335],[33.6454,34.9282],[33.6401,34.9287],[33.6413,34.9249],[33.6454,34.9246],[33.6413,34.9218],[33.6418,34.916],[33.639,34.9154],[33.6382,34.9124],[33.6382,34.9004],[33.641,34.8996],[33.6387,34.8963],[33.6399,34.8943],[33.6365,34.8868],[33.6357,34.8801],[33.6396,34.8701],[33.6399,34.8651],[33.6287,34.8557],[33.6232,34.8476],[33.6162,34.8435],[33.6087,34.8354],[33.6043,34.8274],[33.6049,34.819],[33.6035,34.8165],[33.5979,34.8162],[33.5854,34.8199],[33.5601,34.8204],[33.5499,34.819],[33.5493,34.8174],[33.5418,34.8157],[33.5401,34.8124],[33.5363,34.8104],[33.5335,34.8046],[33.5246,34.8007],[33.5238,34.7976],[33.5204,34.7976],[33.5154,34.7943],[33.5151,34.7926],[33.5107,34.7907],[33.501,34.7882],[33.4971,34.7829],[33.4963,34.7774],[33.4712,34.7765],[33.4682,34.776],[33.4674,34.7743],[33.466,34.7757],[33.466,34.7743],[33.4565,34.7732],[33.4457,34.7679],[33.4301,34.7649],[33.4232,34.7607],[33.4146,34.7504],[33.4068,34.7504],[33.394,34.7476],[33.3729,34.7354],[33.3704,34.7313],[33.3599,34.7324],[33.3462,34.7313],[33.3318,34.7243],[33.3257,34.719],[33.3207,34.719],[33.3182,34.7168],[33.3149,34.7179],[33.3151,34.716],[33.3132,34.7165],[33.311,34.721],[33.3037,34.7207],[33.3043,34.7238],[33.3024,34.7218],[33.2926,34.7246],[33.2801,34.7212],[33.2788,34.719],[33.2749,34.7176],[33.274,34.714],[33.2707,34.7115],[33.2713,34.7082],[33.2604,34.7051],[33.2571,34.7062],[33.2421,34.7049],[33.2368,34.7068],[33.2321,34.7057],[33.2101,34.7071],[33.1946,34.7062],[33.1943,34.7074],[33.1912,34.7065],[33.1899,34.7082],[33.1876,34.7071],[33.186,34.7088],[33.1818,34.7085],[33.1787,34.7115],[33.1735,34.7104],[33.1685,34.7118],[33.1679,34.7088],[33.1657,34.7085],[33.1646,34.7101],[33.166,34.7124],[33.1532,34.7132],[33.1485,34.7129],[33.1413,34.7093],[33.1362,34.7093],[33.1335,34.7076],[33.1304,34.7085],[33.1132,34.7043],[33.1029,34.701],[33.1024,34.6993],[33.0893,34.6929],[33.0779,34.691],[33.0726,34.6879],[33.0635,34.686],[33.0546,34.6807],[33.0429,34.6682],[33.0399,34.6696],[33.0346,34.6688],[33.0246,34.661],[33.0232,34.6582],[33.0246,34.6512],[33.0226,34.6512],[33.0196,34.6546],[33.0176,34.654],[33.0171,34.6504],[33.0157,34.6501],[33.0163,34.6476],[33.0074,34.6471],[33.0076,34.6454],[33.0193,34.6457],[33.0307,34.6507],[33.0337,34.6504],[33.0299,34.6496],[33.0207,34.6437],[33.0149,34.6437],[33.0146,34.6407],[33.0104,34.6404],[33.0093,34.6344],[32.9907,34.6344],[32.9695,34.632],[32.9625,34.625],[32.9556,34.6289],[32.954,34.643],[32.9656,34.6516],[32.9703,34.6461],[32.9898,34.6461],[32.9875,34.6734],[32.9547,34.6773],[32.9423,34.6671],[32.9361,34.6577],[32.9298,34.6625],[32.9172,34.6671],[32.9137,34.6603],[32.8845,34.6666],[32.8656,34.6787],[32.8604,34.6876],[32.8597,34.7006],[32.8538,34.6995],[32.834,34.7004],[32.8275,34.6965],[32.8193,34.6876],[32.806,34.6858],[32.7986,34.671],[32.7786,34.6732],[32.7668,34.6761],[32.7601,34.6691],[32.7605,34.6571],[32.7579,34.6543],[32.7571,34.6501],[32.7524,34.651],[32.7443,34.646],[32.7243,34.6499],[32.7185,34.6474],[32.716,34.641],[32.7046,34.6413],[32.7032,34.6396],[32.6974,34.6437],[32.6876,34.6463],[32.679,34.6515],[32.6587,34.6532],[32.6435,34.6585],[32.6324,34.6649],[32.6293,34.6651],[32.6268,34.6632],[32.6224,34.666],[32.6135,34.6671],[32.5993,34.6754],[32.5918,34.6824],[32.5871,34.6832],[32.5803,34.6871],[32.5768,34.686],[32.5726,34.6874],[32.5679,34.6918],[32.5599,34.6949],[32.5568,34.6977],[32.5471,34.6968],[32.5429,34.6999],[32.5389,34.7001],[32.531,34.6976],[32.5276,34.6993],[32.5271,34.7032],[32.5246,34.7021],[32.514,34.7082],[32.5089,34.7085],[32.5024,34.7051],[32.4996,34.706],[32.4976,34.7035],[32.4946,34.7029],[32.4954,34.7049],[32.4924,34.7043],[32.4874,34.7101],[32.4785,34.7113],[32.4771,34.716],[32.474,34.719],[32.469,34.7196],[32.4627,34.7268],[32.4557,34.729],[32.4513,34.7335],[32.4431,34.736],[32.4343,34.7349],[32.4335,34.7396],[32.4301,34.7399],[32.4279,34.7432],[32.4251,34.7432],[32.4226,34.7457],[32.4226,34.7485],[32.4157,34.7551],[32.4099,34.7554],[32.4087,34.7526],[32.4004,34.7543],[32.4026,34.7613],[32.406,34.7626],[32.4068,34.766],[32.4015,34.774],[32.4029,34.7799],[32.4013,34.7843],[32.3974,34.7896],[32.3932,34.7901],[32.3932,34.7968],[32.3946,34.7979],[32.3924,34.799],[32.3937,34.8121],[32.3921,34.816],[32.3929,34.8182],[32.3907,34.8218],[32.3863,34.8238],[32.3863,34.8249],[32.3893,34.8251],[32.3871,34.8279],[32.3907,34.8307],[32.3887,34.8401],[32.3796,34.8482],[32.3751,34.849],[32.369,34.8474],[32.3682,34.8499],[32.3704,34.8504],[32.3691,34.8543],[32.3651,34.8549],[32.3635,34.8518],[32.361,34.8515],[32.3604,34.8526],[32.3629,34.8549],[32.3607,34.8557],[32.3601,34.8579],[32.356,34.8587],[32.3554,34.8557],[32.3476,34.8565],[32.3423,34.8643],[32.3443,34.8665],[32.3413,34.8685],[32.3413,34.8729],[32.3387,34.8729],[32.3371,34.8769],[32.3335,34.8768],[32.3315,34.8818],[32.3324,34.8835],[32.3285,34.8851],[32.3276,34.8876],[32.3237,34.8899],[32.3229,34.8946],[32.3196,34.8954],[32.316,34.8996],[32.3157,34.9026],[32.3191,34.9035],[32.3213,34.9076],[32.3248,34.9096],[32.3257,34.9121],[32.3243,34.9135],[32.3276,34.9207],[32.3249,34.926],[32.3204,34.9296],[32.3176,34.9396],[32.3138,34.9415],[32.314,34.9474],[32.309,34.9496],[32.3074,34.9471],[32.3021,34.9496],[32.3015,34.954],[32.3029,34.9596],[32.3065,34.9571],[32.3104,34.9571],[32.3135,34.9632],[32.3088,34.9721],[32.3121,34.9749],[32.311,34.9782],[32.3135,34.9801],[32.3129,34.9851],[32.3104,34.9885],[32.3132,34.9957],[32.3093,34.9996],[32.3085,35.0049],[32.3037,35.006],[32.3026,35.0101],[32.301,35.0099],[32.2949,35.016],[32.2951,35.0182],[32.289,35.0168],[32.2901,35.021],[32.2868,35.0246],[32.286,35.0282],[32.2804,35.0326],[32.2799,35.0354],[32.2757,35.0371],[32.2757,35.0399],[32.2776,35.0415],[32.2749,35.0426],[32.2762,35.044],[32.2724,35.0471],[32.2732,35.0551],[32.2693,35.0715],[32.2718,35.0746],[32.2715,35.0788],[32.2732,35.0798],[32.2732,35.0901],[32.276,35.0926],[32.2754,35.0951],[32.2779,35.0962],[32.276,35.0996],[32.281,35.1001],[32.2824,35.1049],[32.2854,35.106],[32.2879,35.1054],[32.2879,35.1035],[32.2929,35.1015],[32.2982,35.0951],[32.304,35.0918],[32.3015,35.0887],[32.3049,35.0868],[32.306,35.0832],[32.3096,35.0832],[32.3096,35.0818],[32.3171,35.0779],[32.3168,35.076],[32.3235,35.0732],[32.324,35.071],[32.331,35.0707],[32.331,35.069],[32.3349,35.0677],[32.3351,35.0654],[32.3385,35.0627],[32.3426,35.0599],[32.346,35.0599],[32.3501,35.0549],[32.3526,35.0549],[32.3582,35.0479],[32.3693,35.0449],[32.3729,35.0455],[32.3796,35.0412],[32.3946,35.0424],[32.4015,35.0393],[32.4115,35.0407],[32.4215,35.0455],[32.4274,35.0449],[32.4318,35.0462],[32.4574,35.059],[32.4729,35.0696],[32.4865,35.0812],[32.4979,35.096],[32.5124,35.1207],[32.5176,35.1312],[32.5182,35.1382],[32.5204,35.1385],[32.5229,35.1446],[32.5271,35.1449],[32.5273,35.1471],[32.5335,35.1504],[32.5363,35.1499],[32.5363,35.1515],[32.5407,35.1543],[32.5407,35.1593],[32.5443,35.1607],[32.5485,35.1732],[32.5515,35.176],[32.5551,35.1757],[32.5557,35.1732],[32.5601,35.1704],[32.5718,35.1699],[32.5863,35.1751],[32.5905,35.1791],[32.5988,35.1801],[32.602,35.1782],[32.6027,35.1743],[32.6152,35.1634],[32.6262,35.1651],[32.6348,35.1728],[32.6407,35.1871],[32.6326,35.1862],[32.633,35.1893],[32.6421,35.1929],[32.6421,35.1957],[32.6457,35.1943],[32.651,35.1965],[32.6535,35.196],[32.6546,35.194],[32.6593,35.1951],[32.6635,35.1926],[32.6685,35.1949],[32.6713,35.1935],[32.6712,35.1899],[32.674,35.1882],[32.6976,35.1835],[32.7087,35.1848],[32.7215,35.1813],[32.7224,35.1805],[32.7114,35.1816],[32.7106,35.1753],[32.7127,35.1634],[32.7206,35.1534],[32.7315,35.1432],[32.744,35.1378],[32.7948,35.1268],[32.8143,35.1166],[32.8299,35.1002],[32.8369,35.085],[32.842,35.0798],[32.8549,35.0792],[32.8704,35.098],[32.8767,35.1002],[32.8884,35.1026],[32.9227,35.0987],[32.9469,35.1026],[32.9695,35.1128],[32.9891,35.1314],[33.0311,35.1494],[33.0561,35.1557],[33.0787,35.1651],[33.0958,35.1697],[33.1091,35.1588],[33.1201,35.1603],[33.1419,35.1806],[33.1575,35.1853],[33.1903,35.1899],[33.224,35.1791],[33.2402,35.1713],[33.2708,35.169],[33.2996,35.1627],[33.3153,35.1619],[33.3262,35.1666],[33.3448,35.1666],[33.3745,35.1743],[33.3808,35.1783],[33.3885,35.1884],[33.4003,35.1978],[33.4135,35.1994],[33.4214,35.1939],[33.4277,35.1681],[33.4768,35.0948],[33.4768,35.0574],[33.4658,35.0144],[33.4666,35.0051],[33.4768,35.0027],[33.4783,35.0191],[33.4814,35.0316],[33.4862,35.0385],[33.4939,35.0566],[33.5002,35.0613],[33.5352,35.0566],[33.5368,35.0667],[33.5407,35.0731],[33.5469,35.0731],[33.5555,35.0667],[33.5618,35.0582],[33.5664,35.0433],[33.579,35.0355],[33.5915,35.0339],[33.6023,35.0417],[33.6141,35.0464],[33.6364,35.0316],[33.6525,35.0343],[33.6745,35.0439],[33.6756,35.037],[33.6794,35.0339]]],[[[33.8865,34.9521],[33.8864,34.9521],[33.8865,34.9522],[33.8865,34.9521]]],[[[33.874,34.9613],[33.8644,34.963],[33.8458,34.9597],[33.8381,34.9637],[33.8505,34.973],[33.8591,34.9747],[33.8591,34.9918],[33.8403,34.9934],[33.8294,35.0012],[33.8302,35.023],[33.8225,35.0299],[33.799,35.0385],[33.8044,35.0495],[33.8138,35.0558],[33.8271,35.0613],[33.8398,35.0523],[33.8551,35.0534],[33.8676,35.0605],[33.8801,35.0731],[33.8981,35.0613],[33.9065,35.0691],[33.9129,35.0659],[33.9411,35.0597],[33.9629,35.0683],[33.9981,35.0617],[34.0043,35.0654],[34.0076,35.0612],[34.0096,35.0615],[34.0099,35.0593],[34.0146,35.0582],[34.016,35.0551],[34.0213,35.0551],[34.0224,35.0513],[34.0246,35.0521],[34.0308,35.0474],[34.0343,35.0435],[34.034,35.0412],[34.0363,35.0407],[34.0382,35.0368],[34.044,35.0323],[34.0457,35.0285],[34.051,35.0265],[34.0515,35.0204],[34.0537,35.0171],[34.0596,35.0121],[34.0643,35.0132],[34.0643,35.0087],[34.0618,35.0085],[34.0646,35.006],[34.0641,35.0029],[34.066,35.0013],[34.0693,35.0015],[34.0679,34.9982],[34.0715,34.9965],[34.0788,34.9874],[34.0779,34.9854],[34.0737,34.9855],[34.0701,34.9835],[34.0738,34.976],[34.0765,34.9768],[34.0774,34.9757],[34.0763,34.9685],[34.0824,34.9643],[34.086,34.9665],[34.0882,34.9624],[34.0854,34.9557],[34.0799,34.9568],[34.0801,34.9618],[34.076,34.964],[34.0663,34.9585],[34.0546,34.9676],[34.0435,34.9721],[34.0307,34.9729],[34.024,34.9771],[34.021,34.9774],[34.014,34.9832],[34.0057,34.9835],[34.0049,34.9801],[34.0032,34.9801],[33.9885,34.9851],[33.9824,34.9843],[33.9829,34.9824],[33.9815,34.9824],[33.9787,34.9851],[33.9715,34.9857],[33.9709,34.9874],[33.9688,34.9876],[33.9688,34.9851],[33.9674,34.9851],[33.9604,34.9854],[33.9599,34.9877],[33.9551,34.9829],[33.9568,34.9799],[33.9532,34.9799],[33.9532,34.9824],[33.9521,34.9823],[33.941,34.9779],[33.9346,34.9787],[33.9063,34.9729],[33.9021,34.9704],[33.9024,34.964],[33.8926,34.9549],[33.8895,34.9586],[33.874,34.9613]]],[[[32.3132,34.9001],[32.3135,34.8988],[32.3099,34.8988],[32.3107,34.9007],[32.3132,34.9001]]]]}}]},
{"type":"FeatureCollection","name":"gadm41_CZE_0","crs":{"type":"name","properties":{"name":"urn:ogc:def:crs:OGC:1.3:CRS84"}},"features":[{"type":"Feature","properties":{"GID_0":"CZE","COUNTRY":"Czechia"},"geometry":{"type":"MultiPolygon","coordinates":[[[[14.7157,48.6499],[14.7195,48.6498],[14.7193,48.6445],[14.7211,48.6425],[14.7202,48.6408],[14.7232,48.639],[14.7151,48.6181],[14.7221,48.603],[14.7124,48.5972],[14.7126,48.5947],[14.7091,48.5942],[14.707,48.5915],[14.7087,48.5877],[14.7023,48.5832],[14.6949,48.586],[14.6925,48.5847],[14.6887,48.5857],[14.6835,48.5833],[14.6645,48.5826],[14.6587,48.5987],[14.6548,48.6049],[14.6467,48.6107],[14.6317,48.6038],[14.6274,48.6051],[14.6237,48.6095],[14.6226,48.6162],[14.6188,48.6225],[14.6115,48.6287],[14.6041,48.6287],[14.6034,48.6262],[14.6,48.6259],[14.5963,48.6224],[14.5968,48.6212],[14.5911,48.6179],[14.5819,48.6175],[14.5767,48.6134],[14.5766,48.6117],[14.5733,48.6123],[14.5695,48.6113],[14.5682,48.6092],[14.565,48.609],[14.563,48.6039],[14.558,48.6066],[14.5545,48.6064],[14.5525,48.6083],[14.5523,48.6118],[14.5476,48.6152],[14.5274,48.6153],[14.5215,48.6194],[14.5166,48.6205],[14.5043,48.618],[14.4961,48.6231],[14.4969,48.6284],[14.494,48.6335],[14.4862,48.6349],[14.4776,48.6401],[14.4765,48.6422],[14.4786,48.6432],[14.4735,48.6446],[14.4709,48.6491],[14.4696,48.6468],[14.4601,48.6439],[14.4542,48.6453],[14.4447,48.644],[14.4466,48.6384],[14.4535,48.6325],[14.457,48.6258],[14.4529,48.6253],[14.4483,48.6204],[14.4493,48.6136],[14.4457,48.609],[14.443,48.6009],[14.4365,48.5987],[14.4324,48.5897],[14.4258,48.5889],[14.421,48.5919],[14.4131,48.5934],[14.3968,48.5926],[14.3929,48.5949],[14.3872,48.5933],[14.3887,48.5838],[14.3924,48.5827],[14.392,48.5797],[14.3946,48.5793],[14.389,48.5725],[14.3806,48.5699],[14.3722,48.5702],[14.3695,48.5704],[14.3668,48.5764],[14.3586,48.5753],[14.3588,48.574],[14.3534,48.5695],[14.3541,48.5669],[14.3524,48.5656],[14.3541,48.5631],[14.3491,48.5625],[14.3456,48.5605],[14.346,48.5579],[14.3436,48.5554],[14.3377,48.5548],[14.3342,48.5524],[14.3281,48.5547],[14.3253,48.5649],[14.3225,48.5636],[14.3163,48.564],[14.31,48.565],[14.3053,48.5678],[14.2966,48.5687],[14.2798,48.5748],[14.2725,48.582],[14.2568,48.5822],[14.2504,48.5808],[14.2492,48.5787],[14.2415,48.5783],[14.2383,48.582],[14.2291,48.5858],[14.209,48.5888],[14.2057,48.591],[14.2023,48.5906],[14.1953,48.5933],[14.1827,48.5945],[14.1782,48.5933],[14.1784,48.5917],[14.1645,48.5899],[14.1638,48.5933],[14.159,48.593],[14.1554,48.5965],[14.1428,48.5944],[14.1311,48.5984],[14.1247,48.5936],[14.121,48.5936],[14.1201,48.5912],[14.1168,48.5898],[14.1066,48.5902],[14.0965,48.5929],[14.0992,48.5984],[14.098,48.6005],[14.0732,48.6005],[14.0701,48.5961],[14.0679,48.5955],[14.0671,48.6017],[14.0703,48.6051],[14.0699,48.6076],[14.062,48.6071],[14.0552,48.6048],[14.0517,48.6083],[14.0525,48.6101],[14.0431,48.6135],[14.0446,48.6146],[14.0418,48.618],[14.0466,48.6197],[14.0464,48.6241],[14.0491,48.628],[14.0434,48.6296],[14.0296,48.6268],[14.0311,48.6294],[14.0239,48.6313],[14.0243,48.633],[14.0192,48.6375],[14.0115,48.6403],[14.0238,48.6462],[14.0251,48.6533],[14.0416,48.6554],[14.0545,48.6536],[14.0588,48.6584],[14.0589,48.6624],[14.061,48.6646],[14.0595,48.6683],[14.0608,48.6701],[14.0595,48.6722],[14.0604,48.6745],[14.0443,48.6781],[14.0398,48.6767],[14.0351,48.6776],[14.0344,48.6803],[14.0255,48.684],[14.0296,48.686],[14.0265,48.6877],[14.0263,48.6897],[14.0171,48.6925],[14.0194,48.6947],[14.0191,48.6969],[14.016,48.6984],[14.0136,48.6955],[14.0109,48.696],[14.0143,48.6991],[14.0097,48.7029],[14.0092,48.7044],[14.0108,48.7054],[14.0063,48.7067],[14.0042,48.7092],[13.985,48.7115],[13.9792,48.7104],[13.9714,48.7138],[13.9567,48.7151],[13.9546,48.7214],[13.9422,48.7226],[13.9344,48.7293],[13.9281,48.7324],[13.9272,48.7358],[13.9218,48.7377],[13.9206,48.7414],[13.9111,48.7481],[13.9054,48.7505],[13.8964,48.7577],[13.8901,48.7591],[13.8729,48.7689],[13.8582,48.7719],[13.8494,48.7704],[13.845,48.7732],[13.8335,48.7707],[13.8132,48.774],[13.8039,48.7811],[13.8096,48.7854],[13.8121,48.7928],[13.8153,48.7969],[13.7957,48.815],[13.7981,48.817],[13.7973,48.8187],[13.7923,48.8236],[13.788,48.8252],[13.7931,48.8302],[13.779,48.8324],[13.7739,48.8306],[13.7647,48.8342],[13.7656,48.8374],[13.7582,48.847],[13.7545,48.8554],[13.7501,48.8583],[13.7506,48.8668],[13.7438,48.874],[13.7437,48.8757],[13.7372,48.8797],[13.7379,48.8858],[13.7305,48.8871],[13.7252,48.8816],[13.7168,48.8782],[13.7026,48.8817],[13.6891,48.8784],[13.6716,48.8801],[13.668,48.8876],[13.6696,48.8903],[13.6602,48.8945],[13.6552,48.8935],[13.6453,48.9114],[13.6416,48.9168],[13.6399,48.9164],[13.6381,48.9191],[13.638,48.9257],[13.6223,48.939],[13.6242,48.9424],[13.6307,48.9467],[13.6287,48.9492],[13.6214,48.9489],[13.6142,48.9446],[13.6088,48.9441],[13.6085,48.9405],[13.5978,48.9462],[13.5907,48.9528],[13.5896,48.9567],[13.5926,48.9617],[13.5855,48.9685],[13.5801,48.9707],[13.5759,48.9701],[13.5728,48.9661],[13.5633,48.9705],[13.5571,48.9671],[13.548,48.9669],[13.5435,48.9683],[13.5369,48.9735],[13.5292,48.9741],[13.5159,48.9688],[13.5071,48.9691],[13.5076,48.9655],[13.5058,48.9606],[13.5083,48.9509],[13.5083,48.9422],[13.4956,48.9413],[13.4844,48.9481],[13.4836,48.9513],[13.4694,48.9544],[13.4595,48.9626],[13.4431,48.9658],[13.4337,48.9717],[13.4262,48.9725],[13.4246,48.9773],[13.4029,48.9873],[13.4022,48.9942],[13.4093,49.0031],[13.4084,49.0073],[13.4025,49.0108],[13.4003,49.0162],[13.4018,49.0209],[13.4056,49.0223],[13.4059,49.0237],[13.4031,49.0265],[13.3997,49.037],[13.392,49.0417],[13.3973,49.0448],[13.3971,49.051],[13.3923,49.0543],[13.3862,49.0529],[13.3836,49.0573],[13.3789,49.057],[13.3759,49.0584],[13.3747,49.0623],[13.3701,49.0678],[13.364,49.0691],[13.3543,49.0789],[13.3465,49.0823],[13.3447,49.0885],[13.3395,49.0903],[13.3359,49.0937],[13.327,49.0966],[13.3244,49.1003],[13.317,49.1041],[13.3127,49.1045],[13.2892,49.1186],[13.2764,49.1205],[13.2364,49.1136],[13.2057,49.1221],[13.1828,49.1345],[13.1703,49.144],[13.1769,49.1642],[13.1709,49.1736],[13.1619,49.1746],[13.1487,49.182],[13.1413,49.1899],[13.1374,49.1906],[13.1293,49.1969],[13.1173,49.1991],[13.11,49.2032],[13.1142,49.2127],[13.1141,49.2184],[13.094,49.2251],[13.0861,49.2294],[13.0888,49.2323],[13.0883,49.237],[13.0808,49.2474],[13.0726,49.2465],[13.0686,49.2473],[13.0678,49.2496],[13.0601,49.2506],[13.057,49.2568],[13.0583,49.2602],[13.0552,49.264],[13.0431,49.2649],[13.0339,49.2639],[13.0257,49.2789],[13.0306,49.2876],[13.0291,49.3043],[13.0076,49.306],[13.0055,49.3073],[13.0039,49.3123],[12.9908,49.3196],[12.9884,49.3239],[12.9764,49.3298],[12.9726,49.3339],[12.9639,49.3371],[12.9584,49.3366],[12.95,49.3429],[12.943,49.3442],[12.9387,49.3421],[12.929,49.3448],[12.9199,49.3434],[12.9017,49.3496],[12.8802,49.3505],[12.8809,49.3436],[12.8853,49.3402],[12.8889,49.333],[12.8768,49.3324],[12.8592,49.3389],[12.8535,49.3381],[12.8479,49.3443],[12.8433,49.3452],[12.843,49.3424],[12.837,49.3407],[12.8127,49.3411],[12.8025,49.3416],[12.7788,49.3481],[12.7786,49.3552],[12.7823,49.3592],[12.7772,49.3639],[12.7684,49.3653],[12.7581,49.3752],[12.7611,49.3825],[12.7576,49.3948],[12.7329,49.4099],[12.7147,49.414],[12.7136,49.4197],[12.7087,49.4247],[12.6792,49.4263],[12.6559,49.4345],[12.6582,49.4404],[12.6556,49.4486],[12.658,49.4505],[12.6493,49.4669],[12.6419,49.4698],[12.6372,49.4758],[12.6338,49.4762],[12.6385,49.483],[12.6441,49.4849],[12.6438,49.4948],[12.6397,49.5006],[12.6438,49.5108],[12.6422,49.516],[12.6442,49.523],[12.6391,49.5302],[12.6359,49.532],[12.6306,49.531],[12.6286,49.527],[12.6207,49.5266],[12.6188,49.5293],[12.6147,49.5284],[12.5885,49.5385],[12.595,49.5415],[12.5878,49.5455],[12.5817,49.5517],[12.5804,49.5556],[12.5742,49.5594],[12.5741,49.5647],[12.5711,49.5698],[12.5771,49.5863],[12.5642,49.5962],[12.5627,49.6087],[12.5569,49.6143],[12.5607,49.6196],[12.546,49.6213],[12.5362,49.6181],[12.5282,49.6182],[12.5269,49.6223],[12.5331,49.6239],[12.5344,49.6263],[12.5237,49.628],[12.5226,49.6338],[12.5289,49.6392],[12.5251,49.6421],[12.52,49.6425],[12.5175,49.6445],[12.521,49.6505],[12.5259,49.6542],[12.5233,49.6562],[12.5224,49.6605],[12.5298,49.6662],[12.5228,49.6768],[12.5216,49.6868],[12.5141,49.6878],[12.505,49.6853],[12.4918,49.686],[12.4852,49.6879],[12.4854,49.6915],[12.4809,49.695],[12.4575,49.7021],[12.4528,49.7012],[12.4429,49.7037],[12.4328,49.716],[12.4333,49.718],[12.429,49.7209],[12.4257,49.7305],[12.4128,49.7325],[12.4126,49.7357],[12.4064,49.7395],[12.4049,49.7428],[12.4044,49.7457],[12.4059,49.7478],[12.4005,49.7557],[12.4032,49.7619],[12.4683,49.7867],[12.4727,49.7859],[12.4743,49.792],[12.4699,49.7924],[12.4653,49.7954],[12.4707,49.7996],[12.4704,49.8025],[12.4642,49.8102],[12.4669,49.813],[12.4733,49.8151],[12.4749,49.8193],[12.4763,49.8251],[12.4729,49.8336],[12.4758,49.8373],[12.4826,49.8417],[12.498,49.8376],[12.4991,49.8473],[12.4974,49.8515],[12.4978,49.8569],[12.5121,49.8594],[12.5187,49.8684],[12.5191,49.8771],[12.5219,49.8817],[12.5355,49.8908],[12.54,49.8912],[12.5497,49.9011],[12.5513,49.9092],[12.5477,49.9203],[12.5385,49.9248],[12.5044,49.9293],[12.493,49.9332],[12.4943,49.9369],[12.4784,49.9357],[12.4755,49.9379],[12.4705,49.945],[12.4705,49.949],[12.4814,49.9583],[12.4906,49.9586],[12.4908,49.962],[12.4939,49.9664],[12.4939,49.9698],[12.4995,49.972],[12.4899,49.9818],[12.4765,49.9808],[12.4756,49.9834],[12.4689,49.9888],[12.4703,49.9907],[12.4607,49.9949],[12.4539,49.9935],[12.4535,49.9916],[12.4407,49.9864],[12.4315,49.9844],[12.4314,49.9886],[12.4256,49.9912],[12.4352,49.9938],[12.4352,49.9989],[12.4319,50.0004],[12.4312,50.0026],[12.4245,50.0003],[12.4144,50.0046],[12.4019,50.0053],[12.4026,50.0076],[12.3976,50.0086],[12.4029,50.0133],[12.4006,50.015],[12.3866,50.0125],[12.3796,50.014],[12.3778,50.0166],[12.3785,50.0191],[12.3675,50.0174],[12.3658,50.0228],[12.3601,50.0254],[12.3586,50.0247],[12.3498,50.0313],[12.3477,50.0364],[12.3389,50.0396],[12.3357,50.0385],[12.3336,50.0349],[12.3289,50.0322],[12.3254,50.033],[12.3245,50.0388],[12.3156,50.0461],[12.3192,50.0488],[12.3173,50.0534],[12.3144,50.0525],[12.3109,50.0555],[12.2991,50.0587],[12.2793,50.0552],[12.2785,50.0576],[12.2725,50.0613],[12.2609,50.0584],[12.2598,50.061],[12.2611,50.0647],[12.2754,50.0765],[12.2666,50.0784],[12.2591,50.083],[12.2536,50.0871],[12.252,50.0919],[12.2487,50.0908],[12.2484,50.0926],[12.2462,50.0923],[12.2444,50.0948],[12.248,50.0957],[12.2469,50.0974],[12.2318,50.0942],[12.2303,50.0964],[12.2274,50.097],[12.2288,50.1023],[12.2211,50.1039],[12.2105,50.1017],[12.2068,50.1065],[12.2014,50.1085],[12.1996,50.1117],[12.2023,50.1155],[12.1994,50.1175],[12.1965,50.1232],[12.1975,50.1356],[12.1945,50.1377],[12.1952,50.143],[12.2002,50.1458],[12.2036,50.1458],[12.2014,50.1483],[12.2033,50.1505],[12.2001,50.1515],[12.2005,50.1525],[12.2112,50.1588],[12.216,50.1682],[12.2073,50.1695],[12.2083,50.1741],[12.2037,50.1808],[12.2013,50.1888],[12.1889,50.1955],[12.1916,50.1976],[12.1973,50.1978],[12.1975,50.1988],[12.1917,50.1988],[12.1902,50.2008],[12.1828,50.1994],[12.1821,50.2008],[12.1856,50.2038],[12.1784,50.2051],[12.1757,50.2129],[12.1668,50.212],[12.1649,50.2136],[12.1595,50.2112],[12.1577,50.2144],[12.164,50.2178],[12.1629,50.2199],[12.1607,50.2198],[12.1602,50.2219],[12.1621,50.2235],[12.1565,50.2236],[12.1586,50.2257],[12.1576,50.2271],[12.1455,50.2304],[12.1509,50.2334],[12.1513,50.2357],[12.1421,50.2338],[12.1414,50.2305],[12.127,50.2325],[12.1089,50.2379],[12.1064,50.2467],[12.0978,50.2464],[12.0923,50.2497],[12.0908,50.2524],[12.1025,50.2558],[12.1019,50.2589],[12.0975,50.2624],[12.1059,50.2639],[12.1135,50.2679],[12.1201,50.2669],[12.1208,50.2687],[12.1267,50.2697],[12.1379,50.2749],[12.1399,50.2777],[12.136,50.2808],[12.1355,50.284],[12.1223,50.2916],[12.1225,50.2949],[12.1196,50.2994],[12.126,50.306],[12.1256,50.3076],[12.1152,50.3128],[12.1049,50.3149],[12.1009,50.318],[12.1065,50.3225],[12.1096,50.3205],[12.1155,50.3205],[12.1138,50.3168],[12.115,50.3162],[12.1247,50.3154],[12.1305,50.3189],[12.1468,50.3218],[12.1845,50.3223],[12.185,50.3192],[12.1826,50.3176],[12.1868,50.3117],[12.1983,50.3074],[12.1997,50.3094],[12.2013,50.309],[12.1982,50.3052],[12.1956,50.2932],[12.2023,50.2878],[12.2018,50.2761],[12.2,50.2743],[12.2015,50.2728],[12.2132,50.2702],[12.2301,50.2712],[12.247,50.2683],[12.2478,50.2703],[12.2537,50.2711],[12.2614,50.2613],[12.266,50.2587],[12.2646,50.2524],[12.266,50.2502],[12.2594,50.2523],[12.255,50.2512],[12.2475,50.2578],[12.2457,50.2564],[12.2496,50.2543],[12.2459,50.251],[12.2416,50.2509],[12.2396,50.2462],[12.2511,50.242],[12.2551,50.2367],[12.2659,50.2344],[12.2628,50.2337],[12.2669,50.2319],[12.2746,50.2333],[12.2863,50.2255],[12.2794,50.2246],[12.2793,50.2225],[12.2858,50.223],[12.2939,50.2213],[12.2829,50.2137],[12.2818,50.2082],[12.2887,50.2104],[12.2889,50.2089],[12.2851,50.206],[12.2885,50.204],[12.2816,50.1999],[12.2778,50.1995],[12.2747,50.1967],[12.2772,50.1952],[12.2774,50.1917],[12.2822,50.1885],[12.2847,50.1899],[12.2841,50.1874],[12.2862,50.1855],[12.2902,50.1851],[12.2918,50.1808],[12.2904,50.1785],[12.2919,50.1784],[12.2898,50.1769],[12.2949,50.1747],[12.3035,50.1753],[12.3192,50.1719],[12.3346,50.1717],[12.3375,50.1734],[12.3276,50.176],[12.3275,50.1796],[12.3237,50.182],[12.3278,50.1826],[12.3293,50.186],[12.336,50.1885],[12.3382,50.1925],[12.3321,50.2006],[12.326,50.2019],[12.3231,50.2075],[12.3279,50.2124],[12.3265,50.2187],[12.3345,50.2169],[12.335,50.2215],[12.329,50.2253],[12.3327,50.2343],[12.3279,50.2347],[12.3324,50.2385],[12.3311,50.2427],[12.3417,50.2407],[12.349,50.2365],[12.3499,50.2377],[12.3552,50.2377],[12.3511,50.2393],[12.3568,50.2428],[12.3593,50.2423],[12.3501,50.2535],[12.3521,50.2617],[12.3611,50.2698],[12.3595,50.2735],[12.3649,50.2803],[12.3691,50.2814],[12.3709,50.2853],[12.3816,50.2889],[12.3943,50.2896],[12.4006,50.2952],[12.4005,50.2983],[12.403,50.3007],[12.3984,50.3079],[12.4008,50.3158],[12.4004,50.3187],[12.398,50.3212],[12.4034,50.324],[12.4093,50.3232],[12.4165,50.3245],[12.4215,50.3225],[12.4256,50.3244],[12.4312,50.3227],[12.4371,50.3276],[12.4355,50.3332],[12.4418,50.3412],[12.4496,50.3461],[12.4584,50.3486],[12.4603,50.3516],[12.4694,50.355],[12.4816,50.347],[12.4893,50.3498],[12.4925,50.3563],[12.4875,50.3629],[12.4884,50.3673],[12.4865,50.3708],[12.4887,50.3744],[12.4963,50.3792],[12.5032,50.3873],[12.5088,50.391],[12.512,50.3973],[12.5289,50.397],[12.5339,50.3997],[12.5429,50.3983],[12.546,50.4009],[12.5506,50.3991],[12.5584,50.3994],[12.5748,50.4032],[12.5803,50.4072],[12.5929,50.4075],[12.6002,50.4058],[12.6074,50.4086],[12.6089,50.4112],[12.617,50.4156],[12.6267,50.4163],[12.6423,50.4113],[12.6492,50.4107],[12.6623,50.4122],[12.6731,50.4169],[12.6815,50.4098],[12.6957,50.4038],[12.6966,50.4011],[12.7071,50.3973],[12.7092,50.4021],[12.7069,50.404],[12.7076,50.4078],[12.7207,50.4174],[12.7298,50.4217],[12.7346,50.4322],[12.7949,50.4494],[12.8106,50.4311],[12.8111,50.4358],[12.808,50.4394],[12.8067,50.4439],[12.8171,50.4501],[12.8194,50.4598],[12.8375,50.4541],[12.849,50.4476],[12.8947,50.4298],[12.903,50.4228],[12.9124,50.4237],[12.9249,50.4162],[12.9364,50.4116],[12.936,50.4071],[12.9373,50.4063],[12.948,50.4043],[12.9475,50.4072],[12.9438,50.406],[12.9405,50.4077],[12.9419,50.4115],[12.9462,50.4132],[12.9653,50.4149],[12.9835,50.4197],[12.9876,50.4226],[12.996,50.4338],[13.0199,50.4467],[13.0239,50.4541],[13.0197,50.4607],[13.0188,50.4671],[13.0202,50.4754],[13.0233,50.4831],[13.0225,50.4869],[13.0324,50.501],[13.0317,50.5097],[13.0388,50.5096],[13.0428,50.5114],[13.0508,50.5073],[13.056,50.5013],[13.0853,50.5003],[13.1015,50.5029],[13.115,50.5098],[13.1199,50.5139],[13.1327,50.5183],[13.1345,50.5143],[13.1386,50.5118],[13.1367,50.5064],[13.1436,50.5058],[13.1541,50.5085],[13.1711,50.506],[13.1781,50.5029],[13.1953,50.5033],[13.197,50.5054],[13.1947,50.5153],[13.2073,50.5216],[13.2096,50.5301],[13.2156,50.5345],[13.2219,50.542],[13.2221,50.5462],[13.2291,50.5497],[13.2285,50.5555],[13.2236,50.5583],[13.2229,50.5629],[13.2259,50.5662],[13.2355,50.5704],[13.2336,50.5791],[13.2374,50.5801],[13.24,50.5848],[13.2475,50.5871],[13.2484,50.5921],[13.2551,50.5953],[13.2605,50.5922],[13.2788,50.593],[13.2845,50.5876],[13.2839,50.5851],[13.2909,50.575],[13.3015,50.5789],[13.3237,50.5816],[13.325,50.5832],[13.3243,50.5878],[13.3214,50.5901],[13.3224,50.5971],[13.3194,50.6022],[13.3259,50.6046],[13.3247,50.608],[13.3345,50.6069],[13.3357,50.6097],[13.3387,50.6109],[13.3374,50.6125],[13.3518,50.6141],[13.3588,50.6163],[13.3604,50.6193],[13.3667,50.6184],[13.3699,50.6246],[13.3777,50.6277],[13.3747,50.6325],[13.3755,50.6364],[13.3738,50.6376],[13.3734,50.6406],[13.3747,50.6413],[13.371,50.6505],[13.3755,50.6502],[13.383,50.6449],[13.3854,50.6467],[13.3921,50.6463],[13.3927,50.6417],[13.3964,50.6406],[13.4025,50.635],[13.4054,50.6346],[13.4072,50.6282],[13.4133,50.6219],[13.4124,50.6184],[13.4153,50.6163],[13.4255,50.6164],[13.4269,50.6155],[13.4252,50.6128],[13.4289,50.6108],[13.4411,50.6111],[13.4511,50.6059],[13.4648,50.6019],[13.4667,50.6059],[13.4771,50.6126],[13.4775,50.6154],[13.4942,50.6245],[13.497,50.6314],[13.5023,50.634],[13.517,50.6363],[13.5242,50.6393],[13.5235,50.6443],[13.5261,50.6494],[13.517,50.6483],[13.513,50.6517],[13.5128,50.6537],[13.5176,50.6589],[13.5306,50.6682],[13.5402,50.668],[13.5385,50.6729],[13.5444,50.6774],[13.5404,50.6898],[13.533,50.6964],[13.5275,50.699],[13.5256,50.7018],[13.5252,50.7044],[13.5268,50.705],[13.5385,50.706],[13.5452,50.7113],[13.5563,50.7145],[13.5686,50.7125],[13.5893,50.7129],[13.6023,50.7101],[13.6111,50.7135],[13.6269,50.7159],[13.625,50.7228],[13.6368,50.7254],[13.6426,50.7293],[13.6643,50.7319],[13.6815,50.7249],[13.688,50.7196],[13.7065,50.7169],[13.7124,50.7197],[13.7112,50.7235],[13.7082,50.7253],[13.7137,50.7251],[13.7282,50.7337],[13.7404,50.7272],[13.7508,50.7295],[13.7583,50.7358],[13.769,50.733],[13.7773,50.7364],[13.7848,50.7336],[13.7901,50.735],[13.7909,50.7326],[13.7969,50.7344],[13.8005,50.733],[13.8073,50.7333],[13.8153,50.7278],[13.8196,50.7276],[13.8271,50.7242],[13.8347,50.7269],[13.844,50.7252],[13.8552,50.7271],[13.8585,50.7293],[13.8616,50.7353],[13.8618,50.7429],[13.8682,50.7426],[13.8802,50.7378],[13.8982,50.7445],[13.9006,50.7518],[13.9028,50.7529],[13.8896,50.763],[13.8875,50.7705],[13.8924,50.7741],[13.8946,50.78],[13.8999,50.7848],[13.8964,50.7887],[13.8977,50.792],[13.9011,50.7934],[13.904,50.794],[13.9184,50.7891],[13.9392,50.79],[13.9558,50.8006],[13.9538,50.8073],[13.9588,50.8097],[13.9709,50.8111],[13.9863,50.8165],[13.9903,50.82],[14.0034,50.8144],[14.0035,50.8103],[14.0164,50.8111],[14.0229,50.8092],[14.0307,50.8042],[14.0347,50.805],[14.0411,50.8108],[14.052,50.8105],[14.0577,50.8119],[14.0636,50.8099],[14.0784,50.8124],[14.079,50.8187],[14.0895,50.8259],[14.0993,50.8264],[14.107,50.8303],[14.111,50.8297],[14.1269,50.8343],[14.1329,50.834],[14.1449,50.8409],[14.1552,50.8435],[14.1615,50.8475],[14.1703,50.8474],[14.1906,50.8496],[14.1959,50.8517],[14.201,50.8513],[14.2165,50.8602],[14.2233,50.8592],[14.232,50.869],[14.236,50.8764],[14.2363,50.8826],[14.2332,50.8875],[14.2441,50.8864],[14.2523,50.8879],[14.2675,50.8953],[14.2822,50.8926],[14.2897,50.8859],[14.3048,50.884],[14.3194,50.8887],[14.3482,50.8926],[14.3503,50.8957],[14.3485,50.8975],[14.3493,50.9007],[14.3546,50.8984],[14.3584,50.8996],[14.3741,50.8962],[14.3753,50.8979],[14.3876,50.8991],[14.388,50.9011],[14.3861,50.9028],[14.3886,50.9082],[14.3861,50.9122],[14.3856,50.9165],[14.3897,50.9167],[14.3889,50.9189],[14.3941,50.9182],[14.3916,50.9207],[14.4021,50.9241],[14.3994,50.9308],[14.401,50.9333],[14.3967,50.9365],[14.3873,50.9418],[14.3732,50.9382],[14.3692,50.9395],[14.3695,50.9422],[14.3605,50.9414],[14.3611,50.9427],[14.3559,50.9447],[14.3493,50.9451],[14.3458,50.9486],[14.3254,50.9497],[14.3117,50.9538],[14.3107,50.9553],[14.3172,50.9579],[14.3169,50.9607],[14.3066,50.9629],[14.3026,50.9653],[14.3086,50.9682],[14.313,50.9723],[14.3166,50.9733],[14.3255,50.9722],[14.3284,50.9735],[14.3291,50.9745],[14.3261,50.9778],[14.3266,50.9806],[14.3297,50.9822],[14.3236,50.9854],[14.3114,50.9847],[14.2989,50.9792],[14.2858,50.977],[14.2822,50.9777],[14.2761,50.9828],[14.2586,50.9875],[14.2585,50.9921],[14.2688,51.0],[14.2622,51.0041],[14.2606,51.0088],[14.2652,51.0082],[14.2802,51.0141],[14.282,51.0156],[14.2777,51.0188],[14.2863,51.027],[14.2853,51.0322],[14.2798,51.0364],[14.2736,51.0378],[14.2738,51.0398],[14.2884,51.0391],[14.2916,51.0431],[14.2922,51.0465],[14.3019,51.055],[14.3169,51.0554],[14.3264,51.0495],[14.327,51.047],[14.3366,51.039],[14.3451,51.0391],[14.3466,51.0413],[14.362,51.0454],[14.374,51.0386],[14.3826,51.0386],[14.3832,51.0285],[14.3848,51.027],[14.3899,51.0241],[14.4053,51.0208],[14.4084,51.0188],[14.4218,51.0196],[14.4318,51.0234],[14.4354,51.0272],[14.4538,51.0359],[14.4655,51.0353],[14.4706,51.0309],[14.4753,51.0295],[14.4744,51.0255],[14.4927,51.0234],[14.4942,51.0363],[14.4912,51.0435],[14.4998,51.0465],[14.5082,51.0432],[14.5011,51.0316],[14.4986,51.0221],[14.5321,51.0165],[14.5399,51.0104],[14.5351,51.0089],[14.535,51.0071],[14.5327,51.0056],[14.5347,51.0037],[14.5609,51.007],[14.5645,51.0101],[14.5687,51.0043],[14.5787,51.0003],[14.5813,50.9935],[14.5951,50.9872],[14.5992,50.9871],[14.5985,50.9804],[14.6007,50.9795],[14.5971,50.9745],[14.5967,50.9689],[14.5922,50.9668],[14.5961,50.9628],[14.5856,50.9522],[14.5807,50.9419],[14.5724,50.938],[14.5607,50.9254],[14.5648,50.9184],[14.5832,50.9143],[14.5894,50.917],[14.5933,50.9165],[14.6027,50.9213],[14.6126,50.9225],[14.6171,50.9255],[14.6281,50.9254],[14.6385,50.93],[14.6502,50.9315],[14.6522,50.926],[14.6515,50.9126],[14.6529,50.9055],[14.6477,50.9043],[14.6362,50.8974],[14.6335,50.8867],[14.6251,50.8725],[14.6243,50.8687],[14.6187,50.8646],[14.6201,50.8601],[14.6189,50.8577],[14.6325,50.8553],[14.6479,50.8488],[14.6648,50.8494],[14.6902,50.838],[14.7087,50.8409],[14.7201,50.8323],[14.7168,50.8295],[14.7171,50.8233],[14.7262,50.8223],[14.7391,50.829],[14.745,50.8295],[14.7472,50.8288],[14.7499,50.8243],[14.7587,50.8247],[14.7619,50.822],[14.7643,50.8221],[14.7664,50.8193],[14.7793,50.82],[14.7905,50.8241],[14.7923,50.8238],[14.7929,50.8199],[14.8,50.8228],[14.8021,50.8258],[14.8007,50.8289],[14.8028,50.8368],[14.8079,50.8444],[14.8077,50.8464],[14.8106,50.8492],[14.8102,50.8508],[14.8212,50.8594],[14.8215,50.8632],[14.8247,50.867],[14.8251,50.8693],[14.8227,50.871],[14.8224,50.8733],[14.8295,50.8737],[14.8386,50.8696],[14.8471,50.8703],[14.8554,50.8687],[14.8639,50.8706],[14.8644,50.8799],[14.8785,50.8806],[14.8791,50.8761],[14.8861,50.8764],[14.8866,50.8727],[14.8973,50.8674],[14.9003,50.8771],[14.9144,50.8778],[14.9152,50.8735],[14.9291,50.8739],[14.9295,50.8707],[14.9438,50.8701],[14.9452,50.8657],[14.9764,50.8671],[14.9796,50.868],[14.9792,50.8718],[15.0004,50.8728],[14.9985,50.8878],[14.994,50.8918],[14.9966,50.8949],[14.9969,50.9042],[15.0029,50.9045],[15.0068,50.9072],[14.9992,50.9068],[14.9989,50.9129],[14.9959,50.9132],[14.9895,50.9216],[14.9954,50.9271],[15.0017,50.9287],[15.0078,50.9359],[15.0143,50.9398],[15.0111,50.9597],[15.0112,50.9681],[15.0183,50.9685],[15.0181,50.9703],[15.0151,50.9722],[15.013,50.9772],[15.0102,50.9771],[15.0095,50.9836],[15.0059,50.9866],[14.9919,50.9813],[14.9889,50.978],[14.9742,50.9879],[14.9682,50.99],[14.9725,50.9948],[14.9722,50.9979],[14.9757,50.9981],[14.9838,51.0065],[14.9849,51.0121],[15.0055,51.013],[15.0057,51.0175],[15.0128,51.0179],[15.0118,51.0269],[15.0189,51.0272],[15.0184,51.0317],[15.0255,51.032],[15.0265,51.023],[15.0336,51.0234],[15.0346,51.0141],[15.038,51.0122],[15.0557,51.012],[15.0579,51.0137],[15.0577,51.0225],[15.0605,51.0229],[15.0696,51.0205],[15.0699,51.0178],[15.0758,51.0173],[15.0772,51.0163],[15.0768,51.0134],[15.0842,51.0135],[15.0851,51.0148],[15.0938,51.0125],[15.1026,51.0122],[15.1067,51.0104],[15.1074,51.0083],[15.0969,51.0032],[15.099,50.9993],[15.1076,50.9997],[15.1081,50.9952],[15.1222,50.9958],[15.1226,50.9928],[15.128,50.9901],[15.1421,50.9913],[15.1423,50.993],[15.1408,50.9936],[15.1331,50.9939],[15.136,51.0005],[15.135,51.01],[15.1421,51.0103],[15.1452,51.0125],[15.1444,51.0134],[15.1682,51.0185],[15.1617,51.0202],[15.1695,51.0206],[15.1719,51.02],[15.1747,51.0113],[15.1748,50.9988],[15.1772,50.9935],[15.1732,50.9861],[15.1876,50.9808],[15.1933,50.981],[15.1951,50.9817],[15.1942,50.9901],[15.2081,50.9922],[15.2079,50.9952],[15.2283,50.9961],[15.2388,50.9985],[15.2423,50.9969],[15.2372,50.9945],[15.2393,50.9921],[15.2439,50.9923],[15.2448,50.9833],[15.259,50.9839],[15.2594,50.9808],[15.2737,50.9801],[15.2772,50.9716],[15.2751,50.9666],[15.2822,50.9669],[15.2827,50.9624],[15.2898,50.9627],[15.2903,50.9582],[15.2974,50.9586],[15.2978,50.9541],[15.2918,50.9538],[15.2912,50.9493],[15.2887,50.9463],[15.2799,50.9426],[15.2773,50.9391],[15.2712,50.9364],[15.2723,50.9258],[15.2697,50.9257],[15.2676,50.9233],[15.2678,50.9179],[15.2732,50.9169],[15.2746,50.9034],[15.2817,50.9037],[15.2836,50.886],[15.2907,50.886],[15.2912,50.8815],[15.2983,50.8818],[15.2992,50.8729],[15.3063,50.8732],[15.3072,50.8642],[15.3214,50.8648],[15.3218,50.8603],[15.336,50.8609],[15.3365,50.8564],[15.3435,50.8567],[15.3439,50.8534],[15.3456,50.8541],[15.3501,50.8508],[15.3539,50.8513],[15.3529,50.8504],[15.3583,50.8472],[15.3593,50.8445],[15.3662,50.8442],[15.3668,50.8382],[15.37,50.834],[15.3693,50.8321],[15.3722,50.8236],[15.3761,50.8211],[15.372,50.8191],[15.37,50.8144],[15.3741,50.8118],[15.372,50.8082],[15.374,50.8074],[15.3687,50.8054],[15.3662,50.8019],[15.3708,50.7992],[15.3725,50.7958],[15.3715,50.7925],[15.3741,50.7891],[15.3719,50.7874],[15.3734,50.785],[15.3726,50.7813],[15.3797,50.7816],[15.38,50.7781],[15.3821,50.7772],[15.3958,50.7778],[15.401,50.7808],[15.4004,50.787],[15.4095,50.7874],[15.4141,50.7923],[15.4136,50.7966],[15.4185,50.7977],[15.4202,50.8022],[15.4193,50.8104],[15.4335,50.811],[15.433,50.8155],[15.4472,50.8161],[15.4481,50.8074],[15.4552,50.8074],[15.4556,50.8029],[15.4627,50.8032],[15.4629,50.8011],[15.4777,50.7948],[15.4805,50.7908],[15.5135,50.7918],[15.514,50.7869],[15.5227,50.7787],[15.536,50.7795],[15.5356,50.7837],[15.5427,50.784],[15.543,50.7803],[15.5787,50.781],[15.5779,50.7787],[15.6018,50.7768],[15.613,50.7736],[15.6164,50.7723],[15.62,50.7678],[15.6292,50.7696],[15.6297,50.7651],[15.6438,50.7656],[15.6442,50.7611],[15.6654,50.762],[15.6659,50.7575],[15.68,50.7581],[15.6803,50.7547],[15.6839,50.7526],[15.6886,50.7428],[15.6939,50.7406],[15.7241,50.7418],[15.7243,50.7397],[15.7315,50.7376],[15.7386,50.7379],[15.7382,50.7424],[15.7523,50.743],[15.7519,50.7475],[15.766,50.748],[15.7675,50.7436],[15.7832,50.7442],[15.7875,50.7462],[15.7872,50.7489],[15.7903,50.749],[15.7915,50.7527],[15.7939,50.7536],[15.8162,50.7553],[15.8195,50.7501],[15.8226,50.7503],[15.8228,50.7474],[15.8319,50.7427],[15.8304,50.7374],[15.8319,50.7324],[15.8301,50.7278],[15.8315,50.7264],[15.8299,50.7244],[15.8348,50.7202],[15.8396,50.7193],[15.8405,50.715],[15.847,50.7151],[15.8476,50.7092],[15.851,50.7082],[15.8531,50.7006],[15.8574,50.6968],[15.8599,50.6873],[15.8632,50.6815],[15.8609,50.675],[15.8719,50.6755],[15.8722,50.6725],[15.8794,50.6713],[15.879,50.6757],[15.893,50.6767],[15.8927,50.6808],[15.9102,50.6814],[15.9195,50.6846],[15.9262,50.6808],[15.9298,50.6829],[15.9315,50.6863],[15.9346,50.6869],[15.9342,50.6914],[15.9765,50.693],[15.9769,50.6887],[15.9914,50.6846],[15.9923,50.6752],[15.9937,50.6734],[15.9989,50.6723],[15.9979,50.6685],[16.0043,50.6581],[16.0034,50.6513],[16.005,50.6486],[16.0019,50.6458],[16.0021,50.644],[16.0055,50.6424],[16.0085,50.6345],[16.0163,50.6333],[16.0218,50.6302],[15.9972,50.6223],[15.9902,50.6178],[15.9907,50.6123],[15.9978,50.6126],[15.9982,50.6082],[16.0085,50.6047],[16.0112,50.6069],[16.0157,50.6061],[16.0195,50.6003],[16.0248,50.5986],[16.0402,50.6122],[16.04,50.6142],[16.0584,50.6149],[16.0573,50.6169],[16.0598,50.625],[16.0676,50.6398],[16.0847,50.6471],[16.0865,50.6487],[16.0863,50.652],[16.0933,50.6528],[16.0925,50.6612],[16.1005,50.6615],[16.1037,50.6634],[16.1082,50.6618],[16.1278,50.6625],[16.1282,50.658],[16.1352,50.6583],[16.1367,50.6528],[16.1395,50.6508],[16.1484,50.6533],[16.1708,50.645],[16.177,50.6396],[16.1811,50.6284],[16.1988,50.6306],[16.2011,50.6317],[16.201,50.6336],[16.215,50.6341],[16.2147,50.6386],[16.2209,50.6398],[16.2202,50.6568],[16.2255,50.657],[16.2265,50.6661],[16.2295,50.6662],[16.2348,50.6716],[16.2614,50.6718],[16.2617,50.6681],[16.28,50.6681],[16.2796,50.6656],[16.2813,50.6635],[16.2904,50.6638],[16.2907,50.6602],[16.2936,50.6599],[16.2998,50.6608],[16.3049,50.6598],[16.3045,50.6643],[16.3169,50.6648],[16.3218,50.6666],[16.3339,50.6625],[16.3431,50.6615],[16.344,50.6573],[16.3494,50.6525],[16.3512,50.6479],[16.3561,50.6467],[16.3625,50.6483],[16.3707,50.6396],[16.3772,50.6398],[16.3774,50.637],[16.3795,50.6365],[16.3781,50.6344],[16.3802,50.6308],[16.3849,50.631],[16.3853,50.6265],[16.3924,50.6267],[16.3929,50.6199],[16.3941,50.6189],[16.4056,50.617],[16.4128,50.6101],[16.4225,50.6067],[16.4283,50.5999],[16.4336,50.5966],[16.4371,50.5967],[16.4374,50.5927],[16.4404,50.5884],[16.4449,50.5879],[16.4459,50.5744],[16.433,50.574],[16.4251,50.5704],[16.4251,50.5692],[16.4046,50.5693],[16.4044,50.5643],[16.4084,50.5614],[16.4106,50.5564],[16.411,50.548],[16.3988,50.545],[16.3991,50.5413],[16.3921,50.541],[16.3923,50.5387],[16.3982,50.5345],[16.3968,50.5333],[16.4018,50.5299],[16.3996,50.5272],[16.3933,50.5253],[16.3935,50.523],[16.3872,50.5209],[16.3868,50.5183],[16.3739,50.5164],[16.3735,50.5088],[16.3678,50.5086],[16.3668,50.504],[16.3637,50.5039],[16.36,50.5011],[16.3602,50.4993],[16.3516,50.498],[16.3482,50.4989],[16.3478,50.4965],[16.3438,50.4958],[16.3386,50.4986],[16.332,50.4983],[16.3317,50.5028],[16.3176,50.5023],[16.3173,50.5068],[16.3115,50.5061],[16.3094,50.4994],[16.3121,50.4972],[16.3124,50.4941],[16.3046,50.491],[16.3005,50.4915],[16.3016,50.4894],[16.2997,50.4852],[16.2941,50.4792],[16.2699,50.4826],[16.2702,50.4793],[16.2747,50.4766],[16.2686,50.4759],[16.2664,50.478],[16.2632,50.4779],[16.2636,50.4734],[16.2496,50.4729],[16.2557,50.4676],[16.2434,50.4631],[16.2353,50.4633],[16.2363,50.4608],[16.2353,50.4599],[16.2226,50.4584],[16.2227,50.4568],[16.23,50.4541],[16.2305,50.4507],[16.2341,50.4487],[16.2336,50.446],[16.231,50.4447],[16.2319,50.4435],[16.224,50.4421],[16.2208,50.4463],[16.2214,50.4509],[16.213,50.4517],[16.205,50.4487],[16.2026,50.4441],[16.1988,50.4418],[16.1987,50.4347],[16.1965,50.4337],[16.1967,50.4308],[16.2038,50.4306],[16.2066,50.4278],[16.2112,50.4264],[16.212,50.4185],[16.2141,50.4147],[16.2122,50.414],[16.2125,50.4103],[16.2145,50.4091],[16.2243,50.4088],[16.2302,50.4122],[16.2381,50.4141],[16.2417,50.4114],[16.2416,50.4097],[16.2477,50.4096],[16.2479,50.407],[16.2529,50.4056],[16.2538,50.4032],[16.2519,50.4023],[16.2519,50.3997],[16.2486,50.399],[16.2488,50.3961],[16.2558,50.3964],[16.256,50.3937],[16.2631,50.3936],[16.2674,50.3867],[16.2656,50.3831],[16.2663,50.381],[16.2769,50.3762],[16.2768,50.3746],[16.2787,50.3746],[16.2791,50.3701],[16.2861,50.3704],[16.2828,50.3672],[16.2919,50.3703],[16.2992,50.3808],[16.3047,50.3826],[16.3087,50.3831],[16.3169,50.3802],[16.3263,50.3821],[16.3286,50.3809],[16.3484,50.3816],[16.3525,50.3786],[16.3607,50.3795],[16.3649,50.3739],[16.3636,50.3707],[16.368,50.367],[16.3656,50.3632],[16.3659,50.3573],[16.3633,50.355],[16.3646,50.3551],[16.3653,50.3466],[16.3752,50.3423],[16.3832,50.3288],[16.3877,50.3288],[16.388,50.3254],[16.3993,50.3192],[16.4053,50.3201],[16.4108,50.3246],[16.43,50.3251],[16.4375,50.3214],[16.4378,50.3171],[16.4448,50.3172],[16.4454,50.311],[16.4482,50.305],[16.4539,50.3027],[16.4559,50.2999],[16.4602,50.2996],[16.462,50.2964],[16.4675,50.2954],[16.4681,50.2902],[16.4667,50.2869],[16.4756,50.2821],[16.4812,50.2756],[16.4803,50.2749],[16.4819,50.2714],[16.4867,50.2709],[16.4887,50.269],[16.4897,50.2642],[16.4937,50.2635],[16.4975,50.2598],[16.5063,50.2603],[16.5081,50.2576],[16.5066,50.2556],[16.5085,50.2528],[16.5143,50.2516],[16.5133,50.2473],[16.5203,50.2475],[16.521,50.2407],[16.5292,50.2376],[16.5375,50.239],[16.5406,50.2338],[16.5452,50.23],[16.5483,50.2298],[16.5512,50.223],[16.5574,50.2204],[16.5585,50.2101],[16.5617,50.2076],[16.5613,50.2055],[16.556,50.2031],[16.557,50.1995],[16.5544,50.1962],[16.5589,50.1891],[16.5571,50.1848],[16.5604,50.1841],[16.5638,50.1798],[16.5582,50.1739],[16.5578,50.1706],[16.5611,50.1639],[16.5686,50.1633],[16.5688,50.1604],[16.5784,50.1577],[16.5781,50.1551],[16.5832,50.1548],[16.5855,50.152],[16.5835,50.1507],[16.5842,50.1417],[16.5894,50.1401],[16.5953,50.1405],[16.5995,50.1385],[16.6035,50.134],[16.613,50.1319],[16.614,50.1251],[16.6252,50.121],[16.6319,50.1148],[16.6336,50.1113],[16.6413,50.1122],[16.6636,50.1077],[16.6647,50.1061],[16.6783,50.1037],[16.6887,50.0986],[16.7026,50.0964],[16.7198,50.1025],[16.7272,50.1097],[16.7291,50.1169],[16.7338,50.1202],[16.745,50.1347],[16.7509,50.1353],[16.7554,50.1339],[16.7594,50.1359],[16.7593,50.1378],[16.7637,50.138],[16.7833,50.1456],[16.7816,50.1513],[16.7861,50.1532],[16.7856,50.1612],[16.7926,50.1614],[16.7916,50.1749],[16.7986,50.1751],[16.798,50.1841],[16.805,50.1843],[16.8046,50.1888],[16.8097,50.189],[16.8156,50.1922],[16.8229,50.1887],[16.8259,50.1946],[16.8359,50.1979],[16.8347,50.201],[16.8386,50.2038],[16.8383,50.2079],[16.8453,50.2081],[16.8454,50.2066],[16.8486,50.2076],[16.8514,50.2048],[16.8619,50.2011],[16.8625,50.1996],[16.874,50.1974],[16.8739,50.1999],[16.8809,50.2001],[16.8802,50.2092],[16.8841,50.2093],[16.8875,50.2156],[16.8981,50.2186],[16.8991,50.2229],[16.9174,50.2262],[16.9257,50.224],[16.9562,50.2249],[16.9553,50.2384],[16.9623,50.2386],[16.962,50.2431],[16.974,50.2435],[16.9763,50.2449],[16.9804,50.2416],[16.9806,50.2358],[16.9922,50.2268],[16.998,50.2161],[17.0145,50.2193],[17.0193,50.2241],[17.0185,50.2357],[17.0115,50.2355],[17.0109,50.2445],[17.004,50.2443],[17.0034,50.2529],[17.0016,50.2564],[17.0099,50.2603],[17.0095,50.267],[17.0165,50.2673],[17.0159,50.2763],[17.0089,50.2761],[17.0077,50.2941],[17.0007,50.2939],[17.0004,50.2984],[16.9934,50.2982],[16.9931,50.3024],[16.9791,50.3023],[16.9788,50.3067],[16.9648,50.3064],[16.9645,50.3109],[16.9435,50.3103],[16.9432,50.3148],[16.9362,50.3146],[16.9356,50.3236],[16.9286,50.3234],[16.9271,50.3459],[16.9201,50.3457],[16.9195,50.3547],[16.9125,50.3545],[16.9104,50.386],[16.9034,50.3858],[16.903,50.3903],[16.889,50.3899],[16.8887,50.3944],[16.8817,50.3942],[16.8814,50.3987],[16.8744,50.3985],[16.8741,50.4022],[16.8671,50.4028],[16.8667,50.4073],[16.8597,50.4071],[16.8594,50.4116],[16.8662,50.4151],[16.8658,50.4208],[16.869,50.4209],[16.8725,50.4257],[16.8722,50.43],[16.8764,50.4301],[16.8756,50.4326],[16.8807,50.4362],[16.8811,50.4424],[16.8867,50.4442],[16.8948,50.4442],[16.8985,50.4477],[16.9079,50.4494],[16.9171,50.4448],[16.9205,50.4449],[16.9216,50.4408],[16.9269,50.4385],[16.9354,50.4363],[16.9421,50.4365],[16.9422,50.4349],[16.9577,50.428],[16.9638,50.4281],[16.964,50.4257],[16.9712,50.4214],[16.974,50.4178],[16.9834,50.4201],[16.9983,50.4277],[17.0062,50.4245],[17.0135,50.4186],[17.0183,50.4214],[17.0243,50.4215],[17.0298,50.4154],[17.0379,50.4148],[17.0525,50.407],[17.0684,50.4057],[17.0823,50.402],[17.0835,50.4055],[17.0851,50.4058],[17.1108,50.405],[17.1111,50.3937],[17.1235,50.3941],[17.1296,50.3912],[17.1433,50.3804],[17.1521,50.3815],[17.1566,50.3802],[17.1564,50.3839],[17.1795,50.3862],[17.184,50.39],[17.2033,50.3864],[17.2027,50.3816],[17.1991,50.3751],[17.2011,50.364],[17.2131,50.3575],[17.2246,50.3452],[17.2363,50.3409],[17.2468,50.3341],[17.2472,50.3322],[17.2579,50.3324],[17.2581,50.3288],[17.2644,50.328],[17.2804,50.3195],[17.3116,50.3203],[17.3278,50.3271],[17.3487,50.3284],[17.3497,50.3213],[17.34,50.321],[17.3375,50.3131],[17.3502,50.3123],[17.3537,50.308],[17.3514,50.3064],[17.3505,50.3021],[17.346,50.2978],[17.3447,50.2913],[17.3482,50.2874],[17.3379,50.2833],[17.3439,50.2792],[17.3427,50.2762],[17.3448,50.274],[17.3464,50.2674],[17.3528,50.2672],[17.353,50.264],[17.3579,50.2653],[17.3625,50.2643],[17.3625,50.2764],[17.3631,50.2796],[17.3661,50.2821],[17.3862,50.2829],[17.4008,50.2796],[17.4069,50.2739],[17.4207,50.2774],[17.4312,50.2631],[17.4277,50.2586],[17.4297,50.2542],[17.4382,50.2517],[17.4516,50.2558],[17.4513,50.2606],[17.4569,50.2608],[17.4562,50.2697],[17.4635,50.2671],[17.4687,50.2696],[17.4718,50.2692],[17.4956,50.2751],[17.5245,50.275],[17.5258,50.2736],[17.5419,50.2704],[17.5598,50.2714],[17.5631,50.2703],[17.5719,50.2747],[17.5785,50.2758],[17.5807,50.2779],[17.5919,50.279],[17.5976,50.2748],[17.598,50.2707],[17.6026,50.2699],[17.6054,50.2671],[17.6121,50.266],[17.6303,50.2712],[17.6328,50.2723],[17.6327,50.2739],[17.639,50.274],[17.6417,50.2761],[17.6508,50.2778],[17.6578,50.2849],[17.6641,50.287],[17.6686,50.2912],[17.6762,50.2929],[17.6806,50.2975],[17.686,50.2991],[17.6874,50.3007],[17.6867,50.3157],[17.6797,50.3155],[17.6792,50.3245],[17.6873,50.3247],[17.6869,50.328],[17.7097,50.3235],[17.7215,50.3188],[17.7261,50.3075],[17.7292,50.3076],[17.7294,50.3036],[17.7504,50.3035],[17.7508,50.2996],[17.752,50.2995],[17.7507,50.2976],[17.7511,50.29],[17.7441,50.2899],[17.7445,50.2808],[17.7375,50.2807],[17.738,50.2717],[17.731,50.2715],[17.7318,50.2538],[17.7377,50.2492],[17.765,50.2364],[17.7646,50.2338],[17.761,50.2301],[17.7614,50.2226],[17.7566,50.2215],[17.76,50.2166],[17.7575,50.2106],[17.7585,50.2066],[17.7481,50.2053],[17.7414,50.2021],[17.7415,50.1996],[17.7275,50.1993],[17.7273,50.2038],[17.7165,50.2036],[17.7164,50.2017],[17.7134,50.2012],[17.7135,50.199],[17.7103,50.1989],[17.7116,50.1961],[17.7107,50.192],[17.707,50.1904],[17.7075,50.1808],[17.6716,50.18],[17.6663,50.1785],[17.6658,50.1754],[17.6448,50.1749],[17.6451,50.1704],[17.6256,50.1692],[17.6197,50.1712],[17.6044,50.1709],[17.6012,50.1696],[17.5927,50.16],[17.6057,50.1491],[17.6091,50.1426],[17.6115,50.1426],[17.6117,50.1398],[17.6403,50.1307],[17.6448,50.1247],[17.6438,50.1227],[17.6465,50.1166],[17.6486,50.1162],[17.6476,50.1139],[17.6503,50.1108],[17.6637,50.1077],[17.6762,50.108],[17.6759,50.1125],[17.681,50.1126],[17.6833,50.1173],[17.6968,50.117],[17.7051,50.1144],[17.7204,50.1044],[17.7252,50.1045],[17.7254,50.1009],[17.7309,50.0972],[17.7325,50.098],[17.7326,50.0957],[17.7396,50.0958],[17.7402,50.0823],[17.7472,50.0825],[17.7474,50.0789],[17.7499,50.0776],[17.7492,50.076],[17.7525,50.0742],[17.7508,50.0731],[17.7524,50.0697],[17.7568,50.0685],[17.7562,50.0671],[17.7589,50.0678],[17.7566,50.0653],[17.762,50.0647],[17.7624,50.0564],[17.7642,50.0559],[17.7621,50.0558],[17.7614,50.0537],[17.7691,50.0515],[17.7689,50.0491],[17.7715,50.0485],[17.7706,50.0439],[17.7733,50.0424],[17.7702,50.0393],[17.7704,50.0349],[17.7729,50.0356],[17.7775,50.0335],[17.7781,50.0201],[17.7852,50.0202],[17.7887,50.0173],[17.7921,50.0192],[17.795,50.0177],[17.7953,50.0143],[17.8042,50.0124],[17.8277,50.0113],[17.8369,50.0036],[17.8264,49.994],[17.8327,49.9917],[17.834,49.9898],[17.8377,49.9924],[17.8383,49.9901],[17.8428,49.9868],[17.8504,49.9868],[17.8513,49.9826],[17.8545,49.9828],[17.8567,49.9799],[17.8615,49.9806],[17.8685,49.9725],[17.8895,49.9801],[17.902,49.9774],[17.9186,49.978],[17.9228,49.9788],[17.9301,49.9866],[17.954,50.0051],[17.9619,50.005],[17.9684,50.0089],[17.9808,50.006],[17.9806,50.0105],[17.9871,50.0107],[17.9874,50.0152],[17.9991,50.0158],[18.0046,50.0184],[18.0055,50.0155],[18.0082,50.0156],[18.0084,50.0111],[18.0353,50.011],[18.0371,50.0086],[18.0455,50.0051],[18.0457,50.0103],[18.0409,50.0136],[18.0425,50.0157],[18.0463,50.0159],[18.0459,50.0192],[18.047,50.0194],[18.0429,50.022],[18.0475,50.0247],[18.0467,50.0268],[18.049,50.0274],[18.0444,50.0366],[18.0247,50.0388],[18.0246,50.0366],[18.0222,50.0361],[18.0178,50.0314],[18.0131,50.0302],[18.0088,50.0313],[18.0041,50.039],[18.0059,50.0404],[18.0066,50.0447],[18.0052,50.0535],[18.012,50.0547],[18.0202,50.0609],[18.0336,50.066],[18.0408,50.063],[18.0461,50.0626],[18.0498,50.0584],[18.0617,50.0592],[18.0638,50.0527],[18.0676,50.0531],[18.0659,50.0481],[18.0774,50.0456],[18.0859,50.046],[18.0893,50.0441],[18.0887,50.0396],[18.0908,50.0397],[18.0912,50.0307],[18.0982,50.0308],[18.0984,50.0263],[18.1053,50.0264],[18.1057,50.0174],[18.0987,50.0173],[18.0991,50.0082],[18.1061,50.0084],[18.1064,50.0],[18.1155,49.9967],[18.117,49.9942],[18.1311,49.9981],[18.1344,49.9974],[18.1354,49.9954],[18.1414,49.9955],[18.1415,49.9928],[18.1469,49.9916],[18.1511,49.9866],[18.1557,49.9867],[18.1558,49.9827],[18.158,49.9828],[18.1627,49.985],[18.1626,49.9868],[18.1693,49.9869],[18.172,49.99],[18.1681,49.9939],[18.1691,50.0005],[18.183,50.0007],[18.1828,50.0052],[18.1898,50.0053],[18.1967,50.0055],[18.1969,50.001],[18.2108,50.0012],[18.2118,49.9883],[18.2138,49.9861],[18.2154,49.9757],[18.2143,49.972],[18.2216,49.9677],[18.2364,49.9711],[18.2763,49.9646],[18.2784,49.9625],[18.2811,49.9528],[18.2822,49.9528],[18.2829,49.9362],[18.29,49.9304],[18.2901,49.9287],[18.299,49.9287],[18.3003,49.926],[18.3041,49.9261],[18.3042,49.9222],[18.3112,49.9217],[18.3113,49.92],[18.3152,49.9187],[18.3151,49.9172],[18.3252,49.9183],[18.3251,49.9219],[18.3284,49.922],[18.3306,49.9245],[18.3304,49.9306],[18.3335,49.9303],[18.3337,49.9272],[18.3401,49.9257],[18.3457,49.93],[18.3456,49.9312],[18.3405,49.9328],[18.3454,49.9358],[18.3385,49.9356],[18.3384,49.9387],[18.3314,49.94],[18.3312,49.9446],[18.3345,49.9446],[18.333,49.9494],[18.3375,49.946],[18.356,49.9441],[18.3598,49.9408],[18.3643,49.9403],[18.3667,49.9372],[18.3739,49.9372],[18.377,49.9356],[18.3977,49.9343],[18.4214,49.9386],[18.4308,49.9382],[18.4329,49.9282],[18.4376,49.9283],[18.4455,49.923],[18.4633,49.9223],[18.467,49.9161],[18.483,49.9108],[18.4847,49.9093],[18.4836,49.9079],[18.4858,49.9074],[18.4851,49.9064],[18.4905,49.9052],[18.4915,49.9033],[18.4952,49.9049],[18.4948,49.9064],[18.498,49.903],[18.4999,49.9049],[18.5013,49.9032],[18.5047,49.9035],[18.5035,49.9027],[18.5049,49.9021],[18.5342,49.9025],[18.534,49.9115],[18.5404,49.9116],[18.5405,49.9245],[18.5394,49.9257],[18.5413,49.9263],[18.5544,49.9253],[18.5545,49.9208],[18.5729,49.9216],[18.5752,49.9186],[18.5756,49.9121],[18.5826,49.9122],[18.5828,49.9032],[18.5778,49.9031],[18.576,49.8986],[18.5765,49.885],[18.5695,49.8844],[18.5698,49.8771],[18.5714,49.876],[18.5699,49.8736],[18.5796,49.8694],[18.5788,49.8683],[18.5802,49.8671],[18.6048,49.8674],[18.6057,49.8616],[18.6039,49.8571],[18.5982,49.8563],[18.5982,49.8538],[18.5913,49.8537],[18.5914,49.8492],[18.5858,49.8491],[18.5896,49.8458],[18.5779,49.8391],[18.578,49.8355],[18.571,49.8354],[18.5712,49.8309],[18.5781,49.8309],[18.5784,49.8219],[18.5853,49.822],[18.5856,49.813],[18.5925,49.8131],[18.5928,49.8041],[18.5997,49.8042],[18.6001,49.7907],[18.6071,49.7907],[18.6073,49.7817],[18.6143,49.7818],[18.6147,49.7683],[18.6216,49.7684],[18.622,49.7549],[18.6289,49.755],[18.6295,49.736],[18.6274,49.7359],[18.6262,49.7298],[18.6289,49.7261],[18.6252,49.7224],[18.6295,49.7219],[18.6303,49.7197],[18.6363,49.7171],[18.6362,49.715],[18.6417,49.7123],[18.6524,49.7102],[18.6618,49.711],[18.6669,49.7097],[18.6682,49.7034],[18.678,49.7058],[18.681,49.7038],[18.6926,49.7064],[18.6925,49.7107],[18.7063,49.7108],[18.7064,49.7063],[18.7133,49.7064],[18.7146,49.6917],[18.7176,49.6898],[18.718,49.6877],[18.7171,49.6835],[18.7233,49.6827],[18.7347,49.6841],[18.7348,49.6822],[18.7391,49.6797],[18.7556,49.6799],[18.7554,49.6844],[18.7969,49.6849],[18.797,49.6804],[18.8039,49.6804],[18.8078,49.676],[18.811,49.676],[18.8114,49.658],[18.8183,49.6581],[18.8189,49.6355],[18.8258,49.6356],[18.8268,49.5969],[18.8293,49.5949],[18.8391,49.5953],[18.8355,49.59],[18.8354,49.5867],[18.832,49.585],[18.8319,49.5816],[18.8349,49.577],[18.8411,49.5771],[18.8414,49.5636],[18.8483,49.5637],[18.8484,49.5592],[18.8553,49.5592],[18.8555,49.5514],[18.8593,49.5506],[18.8575,49.5379],[18.849,49.5344],[18.8494,49.5186],[18.8505,49.5186],[18.843,49.517],[18.8426,49.5261],[18.7982,49.5171],[18.7821,49.5119],[18.7498,49.4958],[18.7348,49.4929],[18.716,49.4994],[18.6933,49.5031],[18.6685,49.5055],[18.6202,49.503],[18.5739,49.5119],[18.558,49.5128],[18.5429,49.5047],[18.5362,49.4934],[18.5385,49.481],[18.5339,49.4676],[18.5097,49.4389],[18.4779,49.4169],[18.4484,49.4027],[18.434,49.397],[18.399,49.3919],[18.4024,49.3819],[18.4037,49.3708],[18.3959,49.3571],[18.3797,49.3442],[18.362,49.333],[18.3401,49.3229],[18.3113,49.3121],[18.2387,49.2984],[18.2075,49.2942],[18.1778,49.2855],[18.158,49.2722],[18.1491,49.254],[18.1362,49.2145],[18.1312,49.2032],[18.1203,49.1853],[18.1177,49.1661],[18.1077,49.1392],[18.118,49.1278],[18.1115,49.0941],[18.1065,49.081],[18.0897,49.0574],[18.0828,49.0512],[18.0441,49.0315],[17.9842,49.0265],[17.9617,49.0277],[17.9238,49.0193],[17.9121,49.0118],[17.8994,49.0005],[17.8908,48.9892],[17.8888,48.9641],[17.8815,48.9362],[17.8683,48.9273],[17.8034,48.9242],[17.7756,48.9196],[17.7619,48.9124],[17.7503,48.9035],[17.728,48.8805],[17.7137,48.8692],[17.6969,48.8603],[17.6258,48.8579],[17.6096,48.8542],[17.5812,48.8326],[17.5152,48.8097],[17.5011,48.8125],[17.4752,48.8395],[17.4653,48.8443],[17.4465,48.8454],[17.4099,48.8296],[17.389,48.8269],[17.3629,48.8287],[17.2742,48.8653],[17.2533,48.8716],[17.1995,48.8812],[17.1468,48.8496],[17.1279,48.8457],[17.1133,48.8399],[17.106,48.8268],[17.1039,48.8171],[17.096,48.8088],[17.0929,48.7964],[17.0595,48.7819],[17.0475,48.7747],[17.0413,48.7612],[17.0257,48.7536],[17.0168,48.7429],[17.0148,48.7364],[17.0153,48.7278],[16.9997,48.715],[16.9992,48.7091],[17.0013,48.7005],[16.9826,48.6933],[16.9722,48.687],[16.9603,48.6446],[16.9551,48.635],[16.9458,48.6277],[16.9263,48.6212],[16.92,48.6233],[16.9215,48.6245],[16.9203,48.6271],[16.9253,48.6295],[16.9242,48.6316],[16.9272,48.6325],[16.9267,48.636],[16.9297,48.6394],[16.922,48.6457],[16.9223,48.6496],[16.9206,48.6518],[16.9247,48.6589],[16.923,48.6634],[16.9246,48.6699],[16.9201,48.6736],[16.9138,48.6745],[16.9114,48.6784],[16.9199,48.694],[16.9175,48.6966],[16.918,48.7008],[16.9146,48.7033],[16.9134,48.7064],[16.9039,48.7124],[16.9075,48.7152],[16.9033,48.7185],[16.8989,48.7165],[16.8876,48.7168],[16.8805,48.7235],[16.8734,48.7174],[16.8749,48.7164],[16.8707,48.713],[16.8428,48.712],[16.8356,48.7171],[16.8286,48.7116],[16.8236,48.7109],[16.8067,48.7127],[16.8074,48.7096],[16.8016,48.7064],[16.7996,48.7114],[16.7965,48.711],[16.7912,48.7144],[16.7805,48.7128],[16.7795,48.7147],[16.7771,48.7125],[16.7708,48.7149],[16.765,48.7193],[16.761,48.717],[16.7586,48.7175],[16.76,48.7193],[16.7547,48.7212],[16.7486,48.7327],[16.7387,48.7312],[16.738,48.7298],[16.7361,48.731],[16.7374,48.7324],[16.7341,48.7344],[16.7303,48.7337],[16.7288,48.7348],[16.7308,48.7361],[16.726,48.7386],[16.7079,48.7382],[16.7056,48.7356],[16.7024,48.7371],[16.6899,48.7298],[16.6839,48.7283],[16.6814,48.7343],[16.6748,48.7412],[16.6752,48.7434],[16.6821,48.7506],[16.6789,48.767],[16.6759,48.7721],[16.6653,48.7761],[16.6671,48.7786],[16.6649,48.7793],[16.665,48.7816],[16.6565,48.7831],[16.653,48.7856],[16.6432,48.7864],[16.635,48.786],[16.6315,48.7823],[16.6319,48.781],[16.6299,48.7807],[16.5949,48.7832],[16.5949,48.7874],[16.5836,48.7926],[16.5665,48.7941],[16.5568,48.8042],[16.5509,48.8071],[16.542,48.8149],[16.5354,48.8115],[16.5341,48.8082],[16.5294,48.8061],[16.5303,48.8046],[16.5262,48.8013],[16.5199,48.7988],[16.5174,48.8032],[16.5012,48.8018],[16.4796,48.8026],[16.4657,48.8105],[16.4617,48.8096],[16.4603,48.8087],[16.4641,48.8069],[16.4623,48.8064],[16.4632,48.8052],[16.45,48.7999],[16.448,48.7962],[16.4492,48.7913],[16.4412,48.7844],[16.439,48.7792],[16.437,48.7788],[16.4365,48.7771],[16.4405,48.7749],[16.4389,48.7691],[16.4363,48.7662],[16.4287,48.7627],[16.4241,48.7626],[16.4205,48.7597],[16.4148,48.7545],[16.4162,48.7539],[16.4138,48.7522],[16.4108,48.7449],[16.4115,48.7439],[16.4056,48.7411],[16.4048,48.7427],[16.4018,48.7416],[16.4017,48.7399],[16.3964,48.7369],[16.3935,48.7397],[16.39,48.7396],[16.3899,48.7361],[16.3843,48.7338],[16.3859,48.7328],[16.3851,48.7313],[16.3792,48.729],[16.3786,48.7315],[16.3677,48.7286],[16.361,48.7286],[16.3611,48.7315],[16.3595,48.7306],[16.3527,48.7342],[16.3579,48.7391],[16.351,48.7427],[16.3468,48.7415],[16.3441,48.7462],[16.3426,48.7459],[16.3438,48.7452],[16.3415,48.7433],[16.3375,48.7329],[16.3311,48.7318],[16.3309,48.7331],[16.3122,48.7342],[16.3035,48.7401],[16.3003,48.7403],[16.2979,48.7382],[16.2791,48.7421],[16.2696,48.7419],[16.2643,48.7376],[16.2499,48.7402],[16.2254,48.7406],[16.2056,48.7435],[16.1902,48.7438],[16.1552,48.7494],[16.1545,48.7458],[16.1511,48.7438],[16.1405,48.746],[16.1402,48.7433],[16.1192,48.7473],[16.1184,48.7488],[16.113,48.7479],[16.1132,48.7464],[16.1039,48.746],[16.0817,48.7503],[16.0661,48.7552],[16.054,48.7616],[16.0222,48.7726],[15.9956,48.7799],[15.9877,48.7866],[15.9696,48.7975],[15.9608,48.799],[15.9508,48.8058],[15.9532,48.8145],[15.9611,48.8204],[15.9596,48.8236],[15.9479,48.8231],[15.9468,48.8242],[15.9491,48.8273],[15.943,48.8283],[15.9414,48.8277],[15.9416,48.8201],[15.9358,48.8197],[15.9254,48.8251],[15.9279,48.8273],[15.9281,48.8312],[15.9321,48.8341],[15.923,48.8356],[15.921,48.8394],[15.9082,48.8361],[15.8944,48.8352],[15.8921,48.8392],[15.894,48.8439],[15.8985,48.8388],[15.904,48.838],[15.9064,48.8394],[15.8988,48.8489],[15.8947,48.8496],[15.8913,48.8437],[15.8858,48.8426],[15.8809,48.8485],[15.8819,48.8562],[15.8781,48.8601],[15.8725,48.8609],[15.8725,48.8594],[15.8758,48.8587],[15.8761,48.8556],[15.8655,48.853],[15.8586,48.8583],[15.8439,48.8602],[15.8427,48.8626],[15.8515,48.8656],[15.8534,48.8677],[15.8449,48.8735],[15.8441,48.8752],[15.8462,48.8763],[15.8427,48.8777],[15.8381,48.8774],[15.8339,48.8732],[15.8288,48.8716],[15.8229,48.8733],[15.8073,48.8728],[15.7807,48.8755],[15.7719,48.8647],[15.7548,48.8528],[15.7151,48.8586],[15.7159,48.8603],[15.7103,48.8613],[15.699,48.859],[15.6956,48.8563],[15.6908,48.8563],[15.6876,48.8576],[15.6816,48.8644],[15.6727,48.8684],[15.6569,48.882],[15.6401,48.8879],[15.6371,48.8877],[15.6385,48.8867],[15.6379,48.8852],[15.6315,48.8856],[15.6207,48.8962],[15.6136,48.8989],[15.6118,48.8971],[15.5791,48.8965],[15.5602,48.9051],[15.5145,48.9147],[15.5072,48.9202],[15.5032,48.9366],[15.4855,48.944],[15.4782,48.9451],[15.4785,48.9463],[15.4745,48.947],[15.4696,48.9524],[15.457,48.9459],[15.4516,48.9504],[15.4259,48.9522],[15.4139,48.957],[15.4045,48.9641],[15.394,48.9662],[15.3902,48.9732],[15.3767,48.9776],[15.3681,48.9825],[15.3586,48.9828],[15.3495,48.9854],[15.3372,48.9839],[15.3334,48.9854],[15.3229,48.9768],[15.3132,48.9814],[15.3068,48.9785],[15.2921,48.9849],[15.2948,48.9897],[15.2911,48.9931],[15.28,48.9953],[15.2782,48.994],[15.2769,48.9865],[15.2829,48.9814],[15.2825,48.98],[15.273,48.967],[15.2678,48.9673],[15.2665,48.9647],[15.2684,48.9645],[15.2702,48.9589],[15.2695,48.9576],[15.263,48.9582],[15.2627,48.9543],[15.2475,48.9601],[15.2419,48.96],[15.2396,48.9582],[15.2256,48.9608],[15.2139,48.9575],[15.2107,48.9582],[15.2105,48.9566],[15.2064,48.9541],[15.2011,48.9528],[15.1985,48.9489],[15.1914,48.9439],[15.1781,48.9483],[15.1713,48.9437],[15.1668,48.9446],[15.1613,48.9423],[15.1602,48.9457],[15.1565,48.9468],[15.1628,48.9537],[15.1635,48.958],[15.168,48.9592],[15.1709,48.9629],[15.1695,48.9676],[15.1667,48.9705],[15.1606,48.9727],[15.1642,48.9762],[15.1631,48.9783],[15.1543,48.9795],[15.1522,48.9816],[15.1541,48.9851],[15.1586,48.9855],[15.1597,48.9905],[15.1574,48.9939],[15.1379,48.9983],[15.1339,49.0013],[15.1301,48.9981],[15.1267,48.9996],[15.123,48.9979],[15.1153,49.0],[15.1093,48.9998],[15.1037,48.9945],[15.0931,48.9976],[15.0659,49.0002],[15.0655,49.0049],[15.0684,49.0069],[15.0654,49.0128],[15.0665,49.0149],[15.0554,49.0162],[15.0419,49.0121],[15.0294,49.0162],[15.0267,49.0194],[15.0217,49.0212],[15.0152,49.0184],[15.0125,49.015],[15.0041,49.0121],[14.997,49.0157],[14.9915,49.0103],[14.9961,49.006],[15.0019,49.0044],[15.0015,49.0014],[14.9985,48.9993],[14.9961,48.9939],[14.9989,48.9926],[14.9922,48.9898],[14.9927,48.9887],[14.9856,48.9872],[14.9815,48.9816],[14.982,48.9787],[14.9795,48.9811],[14.9796,48.9751],[14.9773,48.9716],[14.9789,48.9612],[14.9776,48.9565],[14.9817,48.9446],[14.9857,48.9422],[14.9844,48.941],[14.9863,48.9401],[14.9876,48.9366],[14.9848,48.9331],[14.9805,48.9319],[14.9801,48.9287],[14.986,48.9251],[14.9849,48.9237],[14.987,48.9201],[14.9911,48.9165],[14.9914,48.9104],[14.994,48.9043],[14.9926,48.8979],[14.9883,48.8963],[14.9899,48.8954],[14.99,48.8916],[14.9845,48.8916],[14.9849,48.8754],[14.974,48.8753],[14.9744,48.8537],[14.9788,48.8537],[14.9793,48.8513],[14.9855,48.8466],[14.9856,48.843],[14.9731,48.8429],[14.973,48.8399],[14.9694,48.8375],[14.9685,48.8315],[14.9708,48.8245],[14.9593,48.8145],[14.9585,48.8113],[14.9616,48.8051],[14.9564,48.802],[14.9584,48.8001],[14.9544,48.7963],[14.9567,48.7934],[14.9543,48.7904],[14.9747,48.7839],[14.98,48.7808],[14.9812,48.7798],[14.9791,48.7771],[14.9819,48.7759],[14.9806,48.7729],[14.9766,48.7694],[14.9712,48.7678],[14.969,48.7646],[14.9618,48.7629],[14.9568,48.7587],[14.9533,48.7624],[14.9515,48.7614],[14.9492,48.7635],[14.9412,48.7619],[14.9329,48.7672],[14.9201,48.7691],[14.9188,48.7705],[14.9129,48.7677],[14.9073,48.7676],[14.8974,48.7729],[14.8891,48.7707],[14.8858,48.7725],[14.8872,48.7771],[14.8823,48.7807],[14.8693,48.7817],[14.8642,48.7779],[14.8587,48.7778],[14.8598,48.7766],[14.8582,48.7764],[14.8522,48.7779],[14.8499,48.781],[14.847,48.7801],[14.8436,48.7846],[14.8413,48.7826],[14.8303,48.7811],[14.8266,48.7845],[14.8212,48.7819],[14.8107,48.7799],[14.8093,48.7781],[14.8109,48.7746],[14.8073,48.7723],[14.8119,48.7678],[14.8133,48.765],[14.8125,48.7621],[14.8041,48.7533],[14.8048,48.7522],[14.8028,48.7513],[14.8015,48.748],[14.8092,48.7345],[14.8028,48.7323],[14.8022,48.7336],[14.7954,48.7304],[14.7917,48.7243],[14.7881,48.7229],[14.7866,48.719],[14.7751,48.7123],[14.7581,48.7099],[14.7565,48.7039],[14.7467,48.7032],[14.7366,48.6988],[14.7271,48.6858],[14.728,48.6793],[14.7245,48.6763],[14.7193,48.6667],[14.7134,48.6507],[14.7157,48.6499]]]]}}]}
]
}
